Kylie.D.Contreras,1.0,1.0,29256.0,0.0,0.0,0.0,0.0,
Randall-Roth,1.0,37.0,29761.2702703,0.0,0.0,0.0,0.0,
MTH67,-0.913043478261,1.0,34802.0,0.0,22.0,238771.136364,0.272727272727,
UAB0534,-0.234042553191,36.0,31228.5833333,0.0,58.0,449509.603448,0.551724137931,
LHL0130,-0.0816326530612,45.0,29114.4888889,0.0,53.0,73381.8301887,0.0754716981132,
WEC0304,0.157894736842,22.0,28778.1363636,0.0,16.0,191716.6875,0.1875,
HRT0984,-0.5,21.0,31156.1904762,0.0,63.0,174354.444444,0.142857142857,
BPA0095,-0.489361702128,24.0,32897.0,0.0,70.0,29585.9285714,0.0,
BDH0981,-0.373493975904,26.0,31243.7307692,0.0,57.0,549496.315789,0.614035087719,
RCG0584,0.185840707965,67.0,29896.0,0.0,46.0,867828.543478,0.913043478261,
BKB0669,-0.217391304348,18.0,31873.1666667,0.0,28.0,32717.2857143,0.0,
AKS0586,-0.386503067485,50.0,30120.7,0.0,113.0,655066.477876,0.734513274336,
LCR0521,-0.457142857143,19.0,28939.1052632,0.0,51.0,676019.411765,0.666666666667,
TAK0501,-0.420289855072,20.0,26322.3,0.0,49.0,825657.102041,0.775510204082,
Jolie_I_Pennington,-0.384615384615,8.0,31753.25,0.0,18.0,32480.0555556,0.0,
AFL1759,1.0,2.0,21409.0,0.0,0.0,0.0,0.0,
JIP1220,-0.428571428571,20.0,31687.2,0.0,50.0,30874.14,0.0,
FKH0864,1.0,2.0,43487.0,0.0,0.0,0.0,0.0,
MTH0737,-0.314285714286,24.0,30565.625,0.0,46.0,648167.347826,0.673913043478,
CKC0487,0.428571428571,20.0,27347.9,0.0,8.0,292668.125,0.25,
KMC1934,0.0,1.0,21026.0,0.0,1.0,29905.0,0.0,
Uma_Bean,-0.655172413793,5.0,26713.0,0.0,24.0,258026.25,0.25,
BBB0012,1.0,1.0,20890.0,0.0,0.0,0.0,0.0,
LIG1756,0.111111111111,20.0,31373.65,0.0,16.0,1051753.0,1.125,
VWM0491,0.189189189189,22.0,29765.7727273,0.0,15.0,1890020.73333,2.13333333333,
MGH0593,-0.496124031008,65.0,30389.9692308,0.0,193.0,706137.248705,0.79792746114,
JBL1657,1.0,1.0,53676.0,0.0,0.0,0.0,0.0,
ABM0890,0.0,1.0,53676.0,0.0,1.0,21371.0,0.0,
Benjamin.D.Head,-0.416666666667,7.0,28283.2857143,0.0,17.0,171652.235294,0.176470588235,
Moana_E_Nielsen,1.0,2.0,36919.0,0.0,0.0,0.0,0.0,
Brenda_P_Allison,-0.84375,5.0,28057.2,0.0,59.0,28800.1016949,0.0,
Randall_Gordon,1.0,1.0,36919.0,0.0,0.0,0.0,0.0,
ASM0398,1.0,1.0,31934.0,0.0,0.0,0.0,0.0,
KNM0100,-0.591111111111,46.0,30965.7391304,0.0,179.0,560413.446927,0.597765363128,
KLM1508,1.0,2.0,30914.5,0.0,0.0,0.0,0.0,
JEH0587,-0.145161290323,53.0,30593.0754717,0.0,71.0,113290.422535,0.0845070422535,
Cantrell_Charity,-0.333333333333,6.0,32617.3333333,0.0,12.0,795198.833333,0.833333333333,
JJM0234,-0.333333333333,1.0,21833.0,0.0,2.0,797302.5,0.5,
NHD0247,1.0,1.0,29320.0,0.0,0.0,0.0,0.0,
MOB1071,1.0,1.0,30644.0,0.0,0.0,0.0,0.0,
SFG1360,1.0,1.0,33538.0,0.0,0.0,0.0,0.0,
Harriet_T_Todd,1.0,20.0,28561.95,0.0,0.0,0.0,0.0,
OHR0583,0.203703703704,65.0,28925.1538462,0.0,43.0,752674.093023,0.860465116279,
JIT0654,1.0,2.0,43226.0,0.0,0.0,0.0,0.0,
LIG7287,-0.25,3.0,31722.3333333,0.0,5.0,424689.2,0.4,
PRL0585,-0.471153846154,55.0,32940.1818182,0.0,153.0,381172.03268,0.359477124183,
DZH1867,1.0,1.0,23452.0,0.0,0.0,0.0,0.0,
ERM6,1.0,1.0,26232.0,0.0,0.0,0.0,0.0,
CBD1574,1.0,2.0,39368.0,0.0,0.0,0.0,0.0,
KPM1002,1.0,1.0,30185.0,0.0,0.0,0.0,0.0,
HDL1230,1.0,2.0,22949.0,0.0,0.0,0.0,0.0,
JXN0581,-0.449735449735,52.0,26842.3461538,0.0,137.0,585103.0,0.686131386861,
BPK1731,1.0,2.0,17202.0,0.0,0.0,0.0,0.0,
Vanna_W_Mcbride,0.2,6.0,25716.6666667,0.0,4.0,1448801.25,1.0,
BRM0126,-0.714285714286,10.0,26681.8,0.0,60.0,209960.833333,0.266666666667,
LCR8336,-0.72972972973,5.0,29868.8,0.0,32.0,454526.90625,0.4375,
Byron-K-Burks,-0.777777777778,1.0,20606.0,0.0,8.0,29140.625,0.0,
Hanae_Thomas,-0.733333333333,4.0,32249.5,0.0,26.0,92545.2692308,0.0769230769231,
JTF0313,1.0,1.0,37301.0,0.0,0.0,0.0,0.0,
Harriet.T.Todd,1.0,10.0,28391.5,0.0,0.0,0.0,0.0,
RQB0884,1.0,1.0,50819.0,0.0,0.0,0.0,0.0,
Miles_Odysseus,1.0,1.0,27577.0,0.0,0.0,0.0,0.0,
GAF1862,0.0,1.0,68529.0,0.0,1.0,1110726.0,1.0,
CTH8354,1.0,1.0,32735.0,0.0,0.0,0.0,0.0,
HJL1631,1.0,1.0,24981.0,0.0,0.0,0.0,0.0,
WEC151,0.333333333333,6.0,20524.6666667,0.0,3.0,299664.333333,0.333333333333,
Teagan.Abbott,1.0,1.0,18581.0,0.0,0.0,0.0,0.0,
LAS0129,-0.122302158273,61.0,28856.9016393,0.0,78.0,472656.205128,0.538461538462,
KNM4,-0.578947368421,20.0,26119.2,0.0,75.0,561793.36,0.6,
WAH0793,0.0,1.0,42486.0,0.0,1.0,20960.0,0.0,
ACS0589,-0.408906882591,73.0,31696.9041096,0.0,174.0,161726.212644,0.16091954023,
TRB1702,1.0,3.0,25047.0,0.0,0.0,0.0,0.0,
CAH0595,-0.0178571428571,55.0,31241.7818182,0.0,57.0,29548.4561404,0.0,
Mason.D.Rhodes,1.0,1.0,16558.0,0.0,0.0,0.0,0.0,
ZBC0291,1.0,1.0,25301.0,0.0,0.0,0.0,0.0,
AGC0592,0.113402061856,54.0,30248.5555556,0.0,43.0,26733.0697674,0.0,
ILH1564,0.333333333333,2.0,31654.0,0.0,1.0,1644290.0,2.0,
BSY1451,0.0,1.0,29253.0,0.0,1.0,26924.0,0.0,
MCH0620,1.0,1.0,16403.0,0.0,0.0,0.0,0.0,
Nicole-Leon,1.0,2.0,32959.0,0.0,0.0,0.0,0.0,
QSS1380,1.0,1.0,47141.0,0.0,0.0,0.0,0.0,
WOG0797,1.0,1.0,24319.0,0.0,0.0,0.0,0.0,
RDC0128,-0.552742616034,53.0,30079.3396226,0.0,184.0,454026.059783,0.5,
Patterson-Griffith,1.0,1.0,21104.0,0.0,0.0,0.0,0.0,
BBM0588,0.123595505618,50.0,29912.78,0.0,39.0,556429.076923,0.641025641026,
TRC1838,1.0,1.0,34127.0,0.0,0.0,0.0,0.0,
Clarke_Aimee,0.0,26.0,27696.5769231,0.0,26.0,29725.5,0.0,
AHD0590,-0.485981308411,55.0,28238.9454545,0.0,159.0,29887.6415094,0.0,
CPD1525,1.0,1.0,37005.0,0.0,0.0,0.0,0.0,
MAC1175,1.0,1.0,26175.0,0.0,0.0,0.0,0.0,
HKK0881,1.0,1.0,32877.0,0.0,0.0,0.0,0.0,
Lacota.H.Livingston,0.0357142857143,29.0,32047.0689655,0.0,27.0,247046.888889,0.222222222222,
Forbes_Justin,-0.225806451613,12.0,32494.0833333,0.0,19.0,1340578.52632,1.15789473684,
Jaquelyn.E.Hull,0.3,26.0,32403.6153846,0.0,14.0,179499.642857,0.0714285714286,
JCF0594,-0.111111111111,52.0,31940.4230769,0.0,65.0,1077144.92308,1.10769230769,
DXF1662,1.0,1.0,35569.0,0.0,0.0,0.0,0.0,
Autumn_Spence,-0.659574468085,16.0,26187.0,0.0,78.0,193481.230769,0.141025641026,
Britanni_R_Martin,-0.180327868852,25.0,31544.76,0.0,36.0,435883.027778,0.5,
AKS415,-0.466666666667,12.0,31287.75,0.0,33.0,658965.090909,0.727272727273,
John.X.Nolan,-0.75,13.0,27647.9230769,0.0,91.0,642202.901099,0.67032967033,
CGW1511,1.0,1.0,26265.0,0.0,0.0,0.0,0.0,
AOP1202,1.0,1.0,28520.0,0.0,0.0,0.0,0.0,
CMD0127,-0.261904761905,31.0,33761.7419355,0.0,53.0,505154.358491,0.547169811321,
MCB0582,-0.608888888889,44.0,30220.1363636,0.0,181.0,787419.767956,0.850828729282,
Mcmillan-Belle,-0.24,19.0,28044.1052632,0.0,31.0,237173.935484,0.225806451613,
KCG0044,1.0,1.0,36737.0,0.0,0.0,0.0,0.0,
SEL1062,0.0,1.0,18416.0,0.0,1.0,30097.0,0.0,
NFJ1694,1.0,2.0,19860.0,0.0,0.0,0.0,0.0,
MGH883,-0.6875,20.0,29063.9,0.0,108.0,625880.990741,0.657407407407,
LAS11,-0.379310344828,18.0,30469.9444444,0.0,40.0,614923.1,0.825,
Carson-Duncan,0.047619047619,22.0,32885.8181818,0.0,20.0,392352.55,0.55,
Oprah_Snow,1.0,1.0,26533.0,0.0,0.0,0.0,0.0,
MMD1477,1.0,1.0,22028.0,0.0,0.0,0.0,0.0,
STH0135,1.0,1.0,32963.0,0.0,0.0,0.0,0.0,
KGL0178,1.0,1.0,32963.0,0.0,0.0,0.0,0.0,
Cantrell-Rogan,-0.361111111111,23.0,29594.5217391,0.0,49.0,497661.77551,0.489795918367,
Walls-Thor,1.0,2.0,25412.0,0.0,0.0,0.0,0.0,
Odette_Richardson,-0.2,20.0,27855.45,0.0,30.0,792979.433333,0.866666666667,
Brewer.Micah,-0.60824742268,19.0,25417.5263158,0.0,78.0,615193.782051,0.75641025641,
ERB0104,1.0,1.0,25858.0,0.0,0.0,0.0,0.0,
CWM0618,1.0,1.0,28675.0,0.0,0.0,0.0,0.0,
KMR0377,1.0,1.0,33603.0,0.0,0.0,0.0,0.0,
Ryder-Gilbert,-0.444444444444,15.0,28925.2666667,0.0,39.0,693949.974359,0.692307692308,
Scarlet_Hicks,1.0,1.0,18185.0,0.0,0.0,0.0,0.0,
SLC1391,0.0,2.0,20567.0,0.0,2.0,22422.0,0.0,
JCC0016,1.0,2.0,30060.0,0.0,0.0,0.0,0.0,
YNO0103,1.0,1.0,33042.0,0.0,0.0,0.0,0.0,
ZAD1345,1.0,1.0,22619.0,0.0,0.0,0.0,0.0,
JNR1592,1.0,1.0,17071.0,0.0,0.0,0.0,0.0,
ZAC0499,1.0,3.0,47011.0,0.0,0.0,0.0,0.0,
Webb_Kim,1.0,1.0,28321.0,0.0,0.0,0.0,0.0,
Love-Lawrence,1.0,1.0,30901.0,0.0,0.0,0.0,0.0,
Tatum_Daniel,1.0,1.0,24718.0,0.0,0.0,0.0,0.0,
Aimee_Dillon,-0.754716981132,13.0,30119.1538462,0.0,93.0,30476.1397849,0.0,
RGA2,1.0,1.0,30811.0,0.0,0.0,0.0,0.0,
GRB3,1.0,1.0,21307.0,0.0,0.0,0.0,0.0,
Britanni.R.Martin,1.0,46.0,31314.6304348,0.0,0.0,0.0,0.0,
FZG0389,1.0,1.0,22639.0,0.0,0.0,0.0,0.0,
JMA215,0.0,1.0,23192.0,0.0,1.0,27142.0,0.0,
MES0966,1.0,1.0,19882.0,0.0,0.0,0.0,0.0,
KLB0918,1.0,1.0,28079.0,0.0,0.0,0.0,0.0,
Bert.G.Mann,1.0,2.0,24938.0,0.0,0.0,0.0,0.0,
MHS4974,1.0,1.0,24938.0,0.0,0.0,0.0,0.0,
GPS0321,0.0,1.0,27679.0,0.0,1.0,36500.0,0.0,
EWP1316,1.0,2.0,33627.0,0.0,0.0,0.0,0.0,
IBS1682,1.0,1.0,35044.0,0.0,0.0,0.0,0.0,
QGB5,1.0,1.0,43173.0,0.0,0.0,0.0,0.0,
CKB0245,1.0,1.0,19085.0,0.0,0.0,0.0,0.0,
Pittman-Risa,1.0,22.0,28324.5454545,0.0,0.0,0.0,0.0,
ZAH0598,1.0,1.0,26160.0,0.0,0.0,0.0,0.0,
CQR1172,1.0,1.0,28720.0,0.0,0.0,0.0,0.0,
WAH1774,0.0,1.0,50949.0,0.0,1.0,29071.0,0.0,
MDL0294,1.0,1.0,26670.0,0.0,0.0,0.0,0.0,
Logan-Philip,-0.812080536913,14.0,28724.3571429,0.0,135.0,259090.755556,0.281481481481,
BTR1410,1.0,2.0,29102.0,0.0,0.0,0.0,0.0,
Freya_Gould,1.0,1.0,34107.0,0.0,0.0,0.0,0.0,
Allistair-R-Mcclain,1.0,2.0,17948.0,0.0,0.0,0.0,0.0,
BCB5,-0.333333333333,1.0,22800.0,0.0,2.0,37071.0,0.0,
TBM1904,1.0,1.0,27327.0,0.0,0.0,0.0,0.0,
GTC4,1.0,2.0,31732.0,0.0,0.0,0.0,0.0,
Olympia.N.Bonner,0.0,1.0,21343.0,0.0,1.0,27578.0,0.0,
Breanna.K.Arnold,-0.333333333333,1.0,27131.0,0.0,2.0,20387.0,0.0,
Reeves-Benjamin,1.0,2.0,23229.0,0.0,0.0,0.0,0.0,
ISW8179,1.0,1.0,31800.0,0.0,0.0,0.0,0.0,
LJM1807,1.0,1.0,24187.0,0.0,0.0,0.0,0.0,
HBP1076,0.333333333333,2.0,16177.0,0.0,1.0,30399.0,0.0,
ITM0068,1.0,1.0,28535.0,0.0,0.0,0.0,0.0,
HNJ0638,0.333333333333,2.0,30641.5,0.0,1.0,23322.0,0.0,
CAB0290,1.0,2.0,49933.0,0.0,0.0,0.0,0.0,
DEM0018,1.0,1.0,24046.0,0.0,0.0,0.0,0.0,
HRR0079,1.0,2.0,26654.0,0.0,0.0,0.0,0.0,
JLC0796,1.0,2.0,47910.0,0.0,0.0,0.0,0.0,
ICB1890,1.0,1.0,47910.0,0.0,0.0,0.0,0.0,
SCF0430,1.0,2.0,29877.0,0.0,0.0,0.0,0.0,
KDB1036,1.0,1.0,32045.0,0.0,0.0,0.0,0.0,
LCR1344,0.0,1.0,25385.0,0.0,1.0,33556.0,0.0,
EMM0393,1.0,1.0,21635.0,0.0,0.0,0.0,0.0,
NNO0832,1.0,2.0,25758.0,0.0,0.0,0.0,0.0,
IAG1051,1.0,1.0,24607.0,0.0,0.0,0.0,0.0,
CAH341,-0.365853658537,13.0,29418.7692308,0.0,28.0,29229.3571429,0.0,
LVF1626,1.0,2.0,36201.0,0.0,0.0,0.0,0.0,
DPC367,1.0,1.0,23745.0,0.0,0.0,0.0,0.0,
SIH0801,1.0,2.0,35996.0,0.0,0.0,0.0,0.0,
Hope_B_Diaz,1.0,1.0,21252.0,0.0,0.0,0.0,0.0,
DCA6516,1.0,1.0,34868.0,0.0,0.0,0.0,0.0,
BSD1735,1.0,1.0,22837.0,0.0,0.0,0.0,0.0,
TCA1183,1.0,2.0,17157.0,0.0,0.0,0.0,0.0,
Brynn_Guerra,1.0,1.0,33352.0,0.0,0.0,0.0,0.0,
MHS1277,1.0,2.0,22735.0,0.0,0.0,0.0,0.0,
CWR0696,1.0,1.0,37073.0,0.0,0.0,0.0,0.0,
KMH0529,0.0,1.0,19455.0,0.0,1.0,22426.0,0.0,
LSO1783,1.0,1.0,18010.0,0.0,0.0,0.0,0.0,
GVM1337,1.0,1.0,21712.0,0.0,0.0,0.0,0.0,
CPC0190,1.0,2.0,38372.0,0.0,0.0,0.0,0.0,
Noble.G.Blake,1.0,1.0,23617.0,0.0,0.0,0.0,0.0,
CGW291,1.0,2.0,33783.0,0.0,0.0,0.0,0.0,
HQG0905,1.0,2.0,23974.0,0.0,0.0,0.0,0.0,
RAB1453,1.0,1.0,32021.0,0.0,0.0,0.0,0.0,
HST0084,1.0,1.0,40043.0,0.0,0.0,0.0,0.0,
MTP1582,1.0,1.0,47213.0,0.0,0.0,0.0,0.0,
Nichole.Mercer,1.0,1.0,29667.0,0.0,0.0,0.0,0.0,
Burton_Kennan,1.0,1.0,24235.0,0.0,0.0,0.0,0.0,
CBP0507,1.0,2.0,24491.0,0.0,0.0,0.0,0.0,
HWR1573,1.0,1.0,24491.0,0.0,0.0,0.0,0.0,
NOB1015,1.0,1.0,24491.0,0.0,0.0,0.0,0.0,
SAM0911,1.0,2.0,30100.0,0.0,0.0,0.0,0.0,
Garrett_Renee,1.0,1.0,16329.0,0.0,0.0,0.0,0.0,
BDM1457,1.0,1.0,31362.0,0.0,0.0,0.0,0.0,
DOH1483,1.0,2.0,44609.0,0.0,0.0,0.0,0.0,
GCS1686,1.0,1.0,22744.0,0.0,0.0,0.0,0.0,
Mcintyre-Denise,1.0,1.0,23757.0,0.0,0.0,0.0,0.0,
DDK0995,0.333333333333,2.0,33765.0,0.0,1.0,25183.0,0.0,
RKM0478,1.0,1.0,17194.0,0.0,0.0,0.0,0.0,
JCM0580,1.0,1.0,33018.0,0.0,0.0,0.0,0.0,
COG0940,1.0,1.0,25636.0,0.0,0.0,0.0,0.0,
TRP0892,1.0,1.0,28836.0,0.0,0.0,0.0,0.0,
Bethany_Newman,1.0,1.0,51109.0,0.0,0.0,0.0,0.0,
ICP9,1.0,1.0,43558.0,0.0,0.0,0.0,0.0,
Lysandra.Hinton,1.0,1.0,35011.0,0.0,0.0,0.0,0.0,
MJF1600,1.0,2.0,14458.0,0.0,0.0,0.0,0.0,
DSH1074,1.0,1.0,35248.0,0.0,0.0,0.0,0.0,
Desirae_Mclaughlin,1.0,1.0,39953.0,0.0,0.0,0.0,0.0,
RLM1578,1.0,1.0,28193.0,0.0,0.0,0.0,0.0,
GCH0470,1.0,1.0,24649.0,0.0,0.0,0.0,0.0,
ASB0658,0.333333333333,2.0,42592.0,0.0,1.0,19507.0,0.0,
TLW1050,1.0,1.0,27844.0,0.0,0.0,0.0,0.0,
BMC0650,1.0,1.0,20236.0,0.0,0.0,0.0,0.0,
Quinn-Cole,1.0,2.0,34661.0,0.0,0.0,0.0,0.0,
BKF0632,0.0,1.0,15976.0,0.0,1.0,19123.0,0.0,
ILJ0929,1.0,1.0,23621.0,0.0,0.0,0.0,0.0,
LDM0399,0.0,1.0,27664.0,0.0,1.0,1826359.0,1.0,
Nicole_Kirk,1.0,1.0,17517.0,0.0,0.0,0.0,0.0,
BDM0442,0.333333333333,2.0,17421.0,0.0,1.0,27643.0,0.0,
PJC0254,1.0,1.0,15827.0,0.0,0.0,0.0,0.0,
CBK0185,0.0,1.0,23558.0,0.0,1.0,35328.0,0.0,
SFS1109,1.0,1.0,40454.0,0.0,0.0,0.0,0.0,
CAG1416,1.0,1.0,16505.0,0.0,0.0,0.0,0.0,
ERB0921,0.0,1.0,36377.0,0.0,1.0,27601.0,0.0,
ABL58,1.0,1.0,31861.0,0.0,0.0,0.0,0.0,
JGB487,-0.333333333333,1.0,21265.0,0.0,2.0,33774.0,0.0,
HSN0675,1.0,1.0,37060.0,0.0,0.0,0.0,0.0,
BLK0698,1.0,2.0,32826.0,0.0,0.0,0.0,0.0,
AJD1612,0.0,1.0,15125.0,0.0,1.0,29779.0,0.0,
Ruby_B_Nelson,1.0,1.0,27305.0,0.0,0.0,0.0,0.0,
HDW0743,1.0,1.0,19588.0,0.0,0.0,0.0,0.0,
OTB0008,0.0,1.0,27646.0,0.0,1.0,39300.0,0.0,
ACC0950,1.0,1.0,22502.0,0.0,0.0,0.0,0.0,
AUH0138,1.0,1.0,33553.0,0.0,0.0,0.0,0.0,
ARD0790,1.0,1.0,33328.0,0.0,0.0,0.0,0.0,
AJS1482,1.0,1.0,69348.0,0.0,0.0,0.0,0.0,
Bender-Leonard,1.0,1.0,23296.0,0.0,0.0,0.0,0.0,
ADC1014,0.333333333333,2.0,29520.0,0.0,1.0,29171.0,0.0,
Tanisha.A.Kirkland,-1.0,0.0,0.0,0.0,33.0,1073922.75758,1.12121212121,
GWH0961,-1.0,0.0,0.0,0.0,1.0,2425818.0,2.0,
LTH565,-1.0,0.0,0.0,0.0,2.0,18158.0,0.0,
DJA0192,-1.0,0.0,0.0,0.0,2.0,19340.5,0.0,
TCH0264,-1.0,0.0,0.0,0.0,1.0,27264.0,0.0,
VPA0974,-1.0,0.0,0.0,0.0,1.0,29393.0,0.0,
DDM1065,-1.0,0.0,0.0,0.0,1.0,39142.0,0.0,
BOS1170,-1.0,0.0,0.0,0.0,1.0,291009.0,1.0,
CRM0907,-1.0,0.0,0.0,0.0,1.0,523359.0,1.0,
CCT0142,-1.0,0.0,0.0,0.0,1.0,17686.0,0.0,
HPC7789,-1.0,0.0,0.0,0.0,1.0,31675.0,0.0,
FAM5,-1.0,0.0,0.0,0.0,1.0,32093.0,0.0,
PLM1716,-1.0,0.0,0.0,0.0,1.0,23951.0,0.0,
NJS1194,-1.0,0.0,0.0,0.0,1.0,38772.0,0.0,
CLS1331,-1.0,0.0,0.0,0.0,1.0,42716.0,0.0,
WGF1260,-1.0,0.0,0.0,0.0,1.0,18759.0,0.0,
EAG0633,-1.0,0.0,0.0,0.0,1.0,3139587.0,2.0,
KKP0064,-1.0,0.0,0.0,0.0,1.0,39907.0,0.0,
Petty-Ivan,-1.0,0.0,0.0,0.0,2.0,29368.5,0.0,
TAB3,-1.0,0.0,0.0,0.0,2.0,31904.5,0.0,
Alexandra.T.Dunn,-1.0,0.0,0.0,0.0,1.0,29251.0,0.0,
AHJ1993,-1.0,0.0,0.0,0.0,1.0,31312.0,0.0,
LKC95,-1.0,0.0,0.0,0.0,1.0,22384.0,0.0,
ZUR1449,-1.0,0.0,0.0,0.0,3.0,23035.3333333,0.0,
Jane.A.Griffin,-1.0,0.0,0.0,0.0,1.0,1985257.0,1.0,
TTM0059,-1.0,0.0,0.0,0.0,2.0,29893.0,0.0,
MCS0242,-1.0,0.0,0.0,0.0,2.0,35940.5,0.0,
PTD234,-1.0,0.0,0.0,0.0,2.0,40351.0,0.0,
LTH0528,-1.0,0.0,0.0,0.0,2.0,22035.0,0.0,
MCB0227,-1.0,0.0,0.0,0.0,1.0,21883.0,0.0,
KAM0645,-1.0,0.0,0.0,0.0,2.0,24275.0,0.0,
QJF0725,-1.0,0.0,0.0,0.0,1.0,16706.0,0.0,
KAG0566,-1.0,0.0,0.0,0.0,1.0,64695.0,0.0,
Cynthia_Blanchard,-1.0,0.0,0.0,0.0,1.0,35121.0,0.0,
MML0631,-1.0,0.0,0.0,0.0,2.0,18240.0,0.0,
NBB1935,-1.0,0.0,0.0,0.0,1.0,46528.0,0.0,
Iliana.G.Nelson,-1.0,0.0,0.0,0.0,1.0,16065.0,0.0,
Kalia_Luna,-1.0,0.0,0.0,0.0,2.0,196314.5,0.5,
JLC0742,-1.0,0.0,0.0,0.0,1.0,32055.0,0.0,
Shelby_Saunders,-1.0,0.0,0.0,0.0,1.0,39777.0,0.0,
Chang-Vaughan,-1.0,0.0,0.0,0.0,1.0,35034.0,0.0,
ASC1297,-1.0,0.0,0.0,0.0,1.0,21248.0,0.0,
NKH0704,-1.0,0.0,0.0,0.0,1.0,149279.0,1.0,
Little_Donna,-1.0,0.0,0.0,0.0,1.0,34758.0,0.0,
PRD0922,-1.0,0.0,0.0,0.0,1.0,618759.0,1.0,
Demetria_V_Mcdaniel,-1.0,0.0,0.0,0.0,1.0,40157.0,0.0,
RUM0165,-1.0,0.0,0.0,0.0,1.0,22317.0,0.0,
MBG1455,-1.0,0.0,0.0,0.0,2.0,33666.0,0.0,
FDS1841,-1.0,0.0,0.0,0.0,1.0,27819.0,0.0,
RCW1932,-1.0,0.0,0.0,0.0,1.0,19045.0,0.0,
SQC1072,-1.0,0.0,0.0,0.0,1.0,30356.0,0.0,
JLC0558,-1.0,0.0,0.0,0.0,2.0,729050.5,0.5,
ISD1866,-1.0,0.0,0.0,0.0,1.0,31865.0,0.0,
Fatima_Santana,-1.0,0.0,0.0,0.0,1.0,25893.0,0.0,
DMP0344,-1.0,0.0,0.0,0.0,1.0,30338.0,0.0,
JJW1785,-1.0,0.0,0.0,0.0,1.0,28769.0,0.0,
CAF15,-1.0,0.0,0.0,0.0,1.0,1682827.0,1.0,
SJA0635,-1.0,0.0,0.0,0.0,1.0,20310.0,0.0,
BAG0315,-1.0,0.0,0.0,0.0,1.0,42049.0,0.0,
DOT0144,-1.0,0.0,0.0,0.0,1.0,37972.0,0.0,
JKB0924,-1.0,0.0,0.0,0.0,1.0,34239.0,0.0,
ILM1595,-1.0,0.0,0.0,0.0,1.0,42714.0,0.0,
SRP1576,-1.0,0.0,0.0,0.0,1.0,2834551.0,2.0,
VAH1292,-1.0,0.0,0.0,0.0,1.0,20401.0,0.0,
Colleen_L_Lang,-1.0,0.0,0.0,0.0,1.0,28954.0,0.0,
FDS0523,-1.0,0.0,0.0,0.0,1.0,25219.0,0.0,
Cantrell_Josiah,-1.0,0.0,0.0,0.0,1.0,33850.0,0.0,
Naida_W_Perry,-1.0,0.0,0.0,0.0,1.0,339235.0,1.0,
NJB0011,-1.0,0.0,0.0,0.0,1.0,27980.0,0.0,
JDR0004,-1.0,0.0,0.0,0.0,3.0,30725.3333333,0.0,
Madaline_Tillman,-1.0,0.0,0.0,0.0,1.0,21120.0,0.0,
Shelby.N.Cunningham,-1.0,0.0,0.0,0.0,1.0,18497.0,0.0,
JVC1704,-1.0,0.0,0.0,0.0,1.0,20472.0,0.0,
GMR1399,-1.0,0.0,0.0,0.0,1.0,39687.0,0.0,
HJB0858,-1.0,0.0,0.0,0.0,1.0,28439.0,0.0,
BDP0096,-1.0,0.0,0.0,0.0,2.0,27830.5,0.0,
VBK4,-1.0,0.0,0.0,0.0,1.0,38027.0,0.0,
HBS0392,-1.0,0.0,0.0,0.0,1.0,572794.0,1.0,
KAW0642,-1.0,0.0,0.0,0.0,3.0,32784.3333333,0.0,
DCS1929,-1.0,0.0,0.0,0.0,1.0,1545960.0,2.0,
INC0091,-1.0,0.0,0.0,0.0,1.0,33512.0,0.0,
BRM742,-1.0,0.0,0.0,0.0,1.0,701336.0,1.0,
ZJN1492,-1.0,0.0,0.0,0.0,1.0,23826.0,0.0,
INW1064,-1.0,0.0,0.0,0.0,3.0,25017.3333333,0.0,
YJB0171,-1.0,0.0,0.0,0.0,1.0,13946.0,0.0,
SNO0033,-1.0,0.0,0.0,0.0,1.0,28240.0,0.0,
EGF1305,-1.0,0.0,0.0,0.0,1.0,22350.0,0.0,
WFV0687,-1.0,0.0,0.0,0.0,1.0,21140.0,0.0,
Hilel-Salas,-1.0,0.0,0.0,0.0,1.0,28911.0,0.0,
Colon-Upton,-1.0,0.0,0.0,0.0,2.0,24221.5,0.0,
SCB0187,-1.0,0.0,0.0,0.0,1.0,24299.0,0.0,
Kent-Thane,-1.0,0.0,0.0,0.0,1.0,25197.0,0.0,
EHM0340,-1.0,0.0,0.0,0.0,1.0,26267.0,0.0,
LSH0464,-1.0,0.0,0.0,0.0,1.0,60880.0,0.0,
GCD0863,-1.0,0.0,0.0,0.0,1.0,36120.0,0.0,
Kinney-Nathaniel,-1.0,0.0,0.0,0.0,1.0,24935.0,0.0,
MMM1655,-1.0,0.0,0.0,0.0,1.0,22769.0,0.0,
Bert_Rios,-1.0,0.0,0.0,0.0,1.0,669363.0,1.0,
TNB1616,-1.0,0.0,0.0,0.0,1.0,1149819.0,2.0,
KEO0202,-1.0,0.0,0.0,0.0,1.0,49465.0,0.0,
CKP456,-1.0,0.0,0.0,0.0,1.0,24112.0,0.0,
FAJ1122,-1.0,0.0,0.0,0.0,1.0,1173331.0,1.0,
MGS1944,-1.0,0.0,0.0,0.0,3.0,28061.6666667,0.0,
BRM1454,-1.0,0.0,0.0,0.0,1.0,36601.0,0.0,
DVM1290,-1.0,0.0,0.0,0.0,1.0,3912959.0,2.0,
SIS0042,-1.0,0.0,0.0,0.0,1.0,1869593.0,1.0,
JMK12,-1.0,0.0,0.0,0.0,1.0,39306.0,0.0,
GEM0462,-1.0,0.0,0.0,0.0,1.0,24494.0,0.0,
Carla_Ewing,-1.0,0.0,0.0,0.0,1.0,40393.0,0.0,
PHG69,-1.0,0.0,0.0,0.0,1.0,28643.0,0.0,
TBA0283,-1.0,0.0,0.0,0.0,1.0,33484.0,0.0,
Neve_Burton,-1.0,0.0,0.0,0.0,1.0,26193.0,0.0,
MAR1075,-1.0,0.0,0.0,0.0,1.0,21197.0,0.0,
Cody.L.Salinas,-1.0,0.0,0.0,0.0,3.0,24807.3333333,0.0,
WHG1669,-1.0,0.0,0.0,0.0,1.0,230921.0,1.0,
JAG0861,-1.0,0.0,0.0,0.0,1.0,16139.0,0.0,
DEB0727,-1.0,0.0,0.0,0.0,1.0,31221.0,0.0,
Hiroko.J.Olsen,-1.0,0.0,0.0,0.0,1.0,21092.0,0.0,
Ursa_S_Wood,-1.0,0.0,0.0,0.0,1.0,37943.0,0.0,
XNC1338,-1.0,0.0,0.0,0.0,1.0,27414.0,0.0,
DCK1782,-1.0,0.0,0.0,0.0,1.0,28349.0,0.0,
Saunders-Barrett,-1.0,0.0,0.0,0.0,1.0,21793.0,0.0,
JDJ1949,-1.0,0.0,0.0,0.0,1.0,24046.0,0.0,
JRC0238,-1.0,0.0,0.0,0.0,2.0,27285.0,0.0,
CRR1966,-1.0,0.0,0.0,0.0,1.0,38834.0,0.0,
BGM0233,-1.0,0.0,0.0,0.0,1.0,39701.0,0.0,
DCC1119,-1.0,0.0,0.0,0.0,1.0,2771576.0,2.0,
PAM0867,-1.0,0.0,0.0,0.0,1.0,38081.0,0.0,
Georgia.Dean,-1.0,0.0,0.0,0.0,1.0,42348.0,0.0,
TKH1718,-1.0,0.0,0.0,0.0,2.0,28685.0,0.0,
HPM0360,-1.0,0.0,0.0,0.0,1.0,52808.0,0.0,
ZWS0755,-1.0,0.0,0.0,0.0,1.0,38278.0,0.0,
Ruby_B_Alexander,-1.0,0.0,0.0,0.0,1.0,32865.0,0.0,
Heather_Roman,-1.0,0.0,0.0,0.0,1.0,39921.0,0.0,
LLB0437,-1.0,0.0,0.0,0.0,1.0,6450308.0,9.0,
DJW0357,-1.0,0.0,0.0,0.0,1.0,11952.0,0.0,
Padilla_Tamekah,-1.0,0.0,0.0,0.0,1.0,17633.0,0.0,
Gibbs-Bert,-1.0,0.0,0.0,0.0,1.0,23923.0,0.0,
Gonzales-Breanna,-1.0,0.0,0.0,0.0,1.0,29381.0,0.0,
Riggs_Jamalia,-1.0,0.0,0.0,0.0,2.0,227691.0,1.0,
Duke-Andrew,-1.0,0.0,0.0,0.0,1.0,23623.0,0.0,
Sharon_Avila,-1.0,0.0,0.0,0.0,1.0,31426.0,0.0,
LSF1709,-1.0,0.0,0.0,0.0,2.0,222392.0,0.5,
DRJ0070,-1.0,0.0,0.0,0.0,2.0,26214.0,0.0,
Rhoda_Stanton,-1.0,0.0,0.0,0.0,1.0,24472.0,0.0,
LDF0644,-1.0,0.0,0.0,0.0,1.0,3378780.0,2.0,
SJA57,-1.0,0.0,0.0,0.0,1.0,58796.0,0.0,
MAM1293,-1.0,0.0,0.0,0.0,1.0,27034.0,0.0,
Jeanette_Mcleod,-1.0,0.0,0.0,0.0,1.0,33415.0,0.0,
KMM0014,-1.0,0.0,0.0,0.0,1.0,20118.0,0.0,
Hannah_R_Chase,-1.0,0.0,0.0,0.0,2.0,33922.5,0.0,
WBK1077,-1.0,0.0,0.0,0.0,1.0,23216.0,0.0,
TDK0753,-1.0,0.0,0.0,0.0,1.0,2370300.0,2.0,
JAR0794,-1.0,0.0,0.0,0.0,1.0,32420.0,0.0,
RNC1295,-1.0,0.0,0.0,0.0,1.0,623582.0,1.0,
DJP73,-1.0,0.0,0.0,0.0,2.0,186921.0,0.5,
YEG1439,-1.0,0.0,0.0,0.0,1.0,33668.0,0.0,
Harvey-Knox,-1.0,0.0,0.0,0.0,2.0,1058179.5,1.5,
AKD0332,-1.0,0.0,0.0,0.0,1.0,2527475.0,2.0,
SLL0193,-1.0,0.0,0.0,0.0,1.0,49072.0,0.0,
Shelly.S.Stevenson,-1.0,0.0,0.0,0.0,1.0,39217.0,0.0,
Inez.L.Harvey,-1.0,0.0,0.0,0.0,1.0,38137.0,0.0,
TDR1930,-1.0,0.0,0.0,0.0,1.0,39442.0,0.0,
HJR0841,-1.0,0.0,0.0,0.0,1.0,28931.0,0.0,
GCW0456,-1.0,0.0,0.0,0.0,1.0,57768.0,0.0,
NMV0716,-1.0,0.0,0.0,0.0,1.0,35899.0,0.0,
NAB1673,-1.0,0.0,0.0,0.0,1.0,22390.0,0.0,
BEM1501,-1.0,0.0,0.0,0.0,1.0,41837.0,0.0,
Callahan-Ronan,-1.0,0.0,0.0,0.0,1.0,3077947.0,4.0,
Goodman-Alan,-1.0,0.0,0.0,0.0,1.0,30212.0,0.0,
Marshall-Mullins,-1.0,0.0,0.0,0.0,1.0,26867.0,0.0,
CAD0866,-1.0,0.0,0.0,0.0,1.0,14265.0,0.0,
KCL0099,-1.0,0.0,0.0,0.0,1.0,19391.0,0.0,
LTB0308,-1.0,0.0,0.0,0.0,1.0,1370369.0,1.0,
RHD14,-1.0,0.0,0.0,0.0,1.0,26671.0,0.0,
RWR0991,-1.0,0.0,0.0,0.0,1.0,25899.0,0.0,
Dante.R.Martin,-1.0,0.0,0.0,0.0,1.0,35266.0,0.0,
IQT0352,-1.0,0.0,0.0,0.0,2.0,867598.0,1.0,
KJM0889,-1.0,0.0,0.0,0.0,1.0,24908.0,0.0,
MWB0225,-1.0,0.0,0.0,0.0,1.0,48221.0,0.0,
Kirk.J.Hoffman,-1.0,0.0,0.0,0.0,2.0,28726.0,0.0,
TJG0170,-1.0,0.0,0.0,0.0,1.0,33986.0,0.0,
JGB1393,-1.0,0.0,0.0,0.0,1.0,28089.0,0.0,
RKC0355,-1.0,0.0,0.0,0.0,1.0,24012.0,0.0,
MBM259,-1.0,0.0,0.0,0.0,1.0,633296.0,1.0,
HPC1404,-1.0,0.0,0.0,0.0,1.0,28027.0,0.0,
NIV1,-1.0,0.0,0.0,0.0,2.0,35150.0,0.0,
Tamekah_Morrow,-1.0,0.0,0.0,0.0,1.0,26478.0,0.0,
ODB0034,-1.0,0.0,0.0,0.0,1.0,37755.0,0.0,
GBV0440,-1.0,0.0,0.0,0.0,1.0,37790.0,0.0,
ERV51,-1.0,0.0,0.0,0.0,1.0,48667.0,0.0,
CGS0647,-1.0,0.0,0.0,0.0,1.0,20885.0,0.0,
Kasimir-Terry,-1.0,0.0,0.0,0.0,1.0,2339843.0,1.0,
HFM0465,-1.0,0.0,0.0,0.0,1.0,39283.0,0.0,
CRG0063,-1.0,0.0,0.0,0.0,1.0,23644.0,0.0,
MGB9246,-1.0,0.0,0.0,0.0,1.0,14442.0,0.0,
CTT0639,-1.0,0.0,0.0,0.0,1.0,41980.0,0.0,
NKD0115,-1.0,0.0,0.0,0.0,1.0,1278643.0,1.0,
MJR0711,-1.0,0.0,0.0,0.0,1.0,21129.0,0.0,
HSK0369,-1.0,0.0,0.0,0.0,1.0,14702.0,0.0,
PAA0121,-1.0,0.0,0.0,0.0,2.0,35923.0,0.0,
JLF1315,-1.0,0.0,0.0,0.0,1.0,32906.0,0.0,
DIB1946,-1.0,0.0,0.0,0.0,1.0,32242.0,0.0,
Wong-Flynn,-1.0,0.0,0.0,0.0,1.0,27557.0,0.0,
KJN0240,-1.0,0.0,0.0,0.0,1.0,1122034.0,1.0,
Selma.T.Warner,-1.0,0.0,0.0,0.0,1.0,26760.0,0.0,
TMT0851,-1.0,0.0,0.0,0.0,1.0,915386.0,1.0,
Guinevere_A_Taylor,-1.0,0.0,0.0,0.0,1.0,30791.0,0.0,
SIG0640,-1.0,0.0,0.0,0.0,1.0,37812.0,0.0,
NER1278,-1.0,0.0,0.0,0.0,1.0,18779.0,0.0,
Rae.Y.Greer,-1.0,0.0,0.0,0.0,1.0,38664.0,0.0,
JBB1333,-1.0,0.0,0.0,0.0,1.0,23778.0,0.0,
ARM0333,-1.0,0.0,0.0,0.0,1.0,891130.0,1.0,
LHP0320,-1.0,0.0,0.0,0.0,2.0,1465804.0,1.5,
HPC1941,-1.0,0.0,0.0,0.0,1.0,23934.0,0.0,
ZIE0741,-1.0,0.0,0.0,0.0,1.0,15617.0,0.0,
OWC7622,-1.0,0.0,0.0,0.0,1.0,4943363.0,4.0,
SKF72,-1.0,0.0,0.0,0.0,1.0,26467.0,0.0,
KCK6134,-1.0,0.0,0.0,0.0,1.0,38149.0,0.0,
MGC0646,-1.0,0.0,0.0,0.0,1.0,1895684.0,3.0,
TAJ0023,-1.0,0.0,0.0,0.0,1.0,17053.0,0.0,
OTE239,-1.0,0.0,0.0,0.0,1.0,753308.0,1.0,
NHA0054,-1.0,0.0,0.0,0.0,1.0,28454.0,0.0,
UMB0322,-1.0,0.0,0.0,0.0,2.0,29508.0,0.0,
Blevins-Christian,-1.0,0.0,0.0,0.0,1.0,3928315.0,4.0,
CRC1132,-1.0,0.0,0.0,0.0,2.0,751354.5,0.5,
Morin-Ivor,-1.0,0.0,0.0,0.0,1.0,87782.0,1.0,
JKB288,-1.0,0.0,0.0,0.0,1.0,3021877.0,2.0,
EMB0902,-1.0,0.0,0.0,0.0,1.0,28641.0,0.0,
SRM1184,-1.0,0.0,0.0,0.0,1.0,28275.0,0.0,
VAC0731,-1.0,0.0,0.0,0.0,1.0,27367.0,0.0,
AVP1137,-1.0,0.0,0.0,0.0,1.0,35103.0,0.0,
BAS1078,-1.0,0.0,0.0,0.0,1.0,25000.0,0.0,
HBP0009,-1.0,0.0,0.0,0.0,2.0,640970.5,0.5,
LJC1146,-1.0,0.0,0.0,0.0,1.0,42871.0,0.0,
Maisie_M_Kline,-1.0,0.0,0.0,0.0,1.0,19395.0,0.0,
GDC0055,-1.0,0.0,0.0,0.0,1.0,29093.0,0.0,
JJS0013,-1.0,0.0,0.0,0.0,1.0,18266.0,0.0,
Bailey-Omar,-1.0,0.0,0.0,0.0,2.0,25914.5,0.0,
HBP9842,-1.0,0.0,0.0,0.0,2.0,32566.0,0.0,
MMR1502,-1.0,0.0,0.0,0.0,1.0,16002.0,0.0,
WDS1286,-1.0,0.0,0.0,0.0,2.0,753012.5,0.5,
April.R.Velez,-1.0,0.0,0.0,0.0,1.0,27151.0,0.0,
GSA1925,-1.0,0.0,0.0,0.0,2.0,44481.5,0.0,
PTH0005,-1.0,0.0,0.0,0.0,1.0,6783470.0,9.0,
GIB0314,-1.0,0.0,0.0,0.0,1.0,40856.0,0.0,
MKK0364,-1.0,0.0,0.0,0.0,2.0,32521.0,0.0,
OSS1463,-1.0,0.0,0.0,0.0,1.0,2068012.0,2.0,
Keefe.C.Hensley,-1.0,0.0,0.0,0.0,1.0,32416.0,0.0,
AMC1883,-1.0,0.0,0.0,0.0,1.0,2198907.0,2.0,
Rowland-Hedley,-1.0,0.0,0.0,0.0,3.0,849259.0,0.666666666667,
Kitra.A.Mack,-1.0,0.0,0.0,0.0,1.0,15398.0,0.0,
ADH1016,-1.0,0.0,0.0,0.0,1.0,1584631.0,3.0,
CCM1270,-1.0,0.0,0.0,0.0,1.0,31396.0,0.0,
JJA1164,-1.0,0.0,0.0,0.0,1.0,32279.0,0.0,
AWW1749,-1.0,0.0,0.0,0.0,1.0,52390.0,0.0,
Daniels-Yasir,-1.0,0.0,0.0,0.0,1.0,23927.0,0.0,
BAS0763,-1.0,0.0,0.0,0.0,1.0,1207811.0,1.0,
CBW1826,-1.0,0.0,0.0,0.0,1.0,28288.0,0.0,
HBP598,-1.0,0.0,0.0,0.0,1.0,34725.0,0.0,
Yolanda.Branch,-1.0,0.0,0.0,0.0,1.0,30761.0,0.0,
TIH0573,-1.0,0.0,0.0,0.0,1.0,24811.0,0.0,
ACH0937,-1.0,0.0,0.0,0.0,1.0,1777387.0,1.0,
Anjolie_Houston,-1.0,0.0,0.0,0.0,2.0,37714.5,0.0,
Julie.M.Wright,-1.0,0.0,0.0,0.0,1.0,37909.0,0.0,
MNM1948,-1.0,0.0,0.0,0.0,1.0,50255.0,0.0,
SMB0473,-1.0,0.0,0.0,0.0,1.0,30764.0,0.0,
BTD0296,-1.0,0.0,0.0,0.0,1.0,26582.0,0.0,
NEG0281,-1.0,0.0,0.0,0.0,1.0,31931.0,0.0,
September_D_Roberson,-1.0,0.0,0.0,0.0,1.0,28324.0,0.0,
XBK0246,-1.0,0.0,0.0,0.0,2.0,32853.0,0.0,
JDR0927,-1.0,0.0,0.0,0.0,1.0,32661.0,0.0,
Cairo_Mullen,-1.0,0.0,0.0,0.0,1.0,1375242.0,1.0,
FGW3234,-1.0,0.0,0.0,0.0,1.0,25487.0,0.0,
RWJ1403,-1.0,0.0,0.0,0.0,1.0,22922.0,0.0,
TDC1086,-1.0,0.0,0.0,0.0,1.0,543290.0,1.0,
Germane_Gonzales,-1.0,0.0,0.0,0.0,1.0,23636.0,0.0,
KDB1206,-1.0,0.0,0.0,0.0,1.0,316355.0,1.0,
NJK1732,-1.0,0.0,0.0,0.0,1.0,852939.0,1.0,
AMG1628,-1.0,0.0,0.0,0.0,1.0,1688222.0,1.0,
RMK1771,-1.0,0.0,0.0,0.0,1.0,39561.0,0.0,
MRH0407,-1.0,0.0,0.0,0.0,1.0,29780.0,0.0,
Adele_Conner,-1.0,0.0,0.0,0.0,1.0,24768.0,0.0,
EJV0094,-1.0,0.0,0.0,0.0,1.0,86529.0,0.0,
EDC0697,-1.0,0.0,0.0,0.0,1.0,1578590.0,1.0,
EMR0269,-1.0,0.0,0.0,0.0,1.0,21550.0,0.0,
Shoshana_Estrada,-1.0,0.0,0.0,0.0,1.0,24404.0,0.0,
Dawn-Vang,-1.0,0.0,0.0,0.0,1.0,19125.0,0.0,
Daphne_Adkins,-1.0,0.0,0.0,0.0,1.0,39211.0,0.0,
BGK0345,-1.0,0.0,0.0,0.0,2.0,2884468.0,2.5,
GNG1026,-1.0,0.0,0.0,0.0,1.0,32103.0,0.0,
Ferrell-Jonathan,-1.0,0.0,0.0,0.0,1.0,30020.0,0.0,
HDA1824,-1.0,0.0,0.0,0.0,1.0,1336424.0,2.0,
QWP1513,-1.0,0.0,0.0,0.0,2.0,718842.0,0.5,
MSK0117,-1.0,0.0,0.0,0.0,1.0,46930.0,0.0,
FMG1549,-1.0,0.0,0.0,0.0,1.0,23048.0,0.0,
CRD0404,-1.0,0.0,0.0,0.0,1.0,29613.0,0.0,
ANT0148,-1.0,0.0,0.0,0.0,2.0,16181.5,0.0,
TCL0855,-1.0,0.0,0.0,0.0,1.0,31599.0,0.0,
CWR2,-1.0,0.0,0.0,0.0,3.0,692321.333333,0.333333333333,
Rogan_Talley,-1.0,0.0,0.0,0.0,1.0,19186.0,0.0,
RZB7613,-1.0,0.0,0.0,0.0,2.0,31243.0,0.0,
Genevieve_Thornton,-1.0,0.0,0.0,0.0,1.0,1537144.0,2.0,
RBC1624,-1.0,0.0,0.0,0.0,1.0,1678812.0,2.0,
KVC522,-1.0,0.0,0.0,0.0,1.0,19234.0,0.0,
SNA0415,-1.0,0.0,0.0,0.0,1.0,20791.0,0.0,
IMR0323,-1.0,0.0,0.0,0.0,1.0,23519.0,0.0,
BHM1707,-1.0,0.0,0.0,0.0,1.0,20921.0,0.0,
Fowler-Theodore,-1.0,0.0,0.0,0.0,1.0,1847492.0,1.0,
HRB1725,-1.0,0.0,0.0,0.0,1.0,19505.0,0.0,
CRM0963,-1.0,0.0,0.0,0.0,1.0,2212831.0,3.0,
ASH0458,-1.0,0.0,0.0,0.0,1.0,28791.0,0.0,
FEV1955,-1.0,0.0,0.0,0.0,1.0,27309.0,0.0,
TMC392,-1.0,0.0,0.0,0.0,1.0,2218947.0,2.0,
Christopher.J.Mccarty,-1.0,0.0,0.0,0.0,1.0,54229.0,0.0,
KGM1031,-1.0,0.0,0.0,0.0,1.0,14013.0,0.0,
Vega_Eagan,-1.0,0.0,0.0,0.0,1.0,1113097.0,1.0,
MAF4,-1.0,0.0,0.0,0.0,1.0,45043.0,0.0,
BWM0175,-1.0,0.0,0.0,0.0,2.0,426919.5,0.5,
DLB0401,-1.0,0.0,0.0,0.0,1.0,20595.0,0.0,
DLB0955,-1.0,0.0,0.0,0.0,1.0,32871.0,0.0,
Jada_Petty,-1.0,0.0,0.0,0.0,1.0,892061.0,1.0,
Barker-Tiger,-1.0,0.0,0.0,0.0,1.0,33165.0,0.0,
SLZ0276,-1.0,0.0,0.0,0.0,2.0,26406.5,0.0,
KIC0438,-1.0,0.0,0.0,0.0,1.0,28527.0,0.0,
BDF0015,-1.0,0.0,0.0,0.0,2.0,29731.5,0.0,
MYB0686,-1.0,0.0,0.0,0.0,2.0,36734.0,0.0,
CCB0076,-1.0,0.0,0.0,0.0,2.0,32285.0,0.0,
DMW1849,-1.0,0.0,0.0,0.0,1.0,42784.0,0.0,
Buffy_Ortiz,-1.0,0.0,0.0,0.0,1.0,5091917.0,7.0,
Garner-Brock,-1.0,0.0,0.0,0.0,1.0,23139.0,0.0,
Ashely_V_Hewitt,-1.0,0.0,0.0,0.0,2.0,28557.5,0.0,
Kylie.K.Pena,-1.0,0.0,0.0,0.0,1.0,1515427.0,1.0,
Ulla_Taylor,-1.0,0.0,0.0,0.0,1.0,31758.0,0.0,
KRC8,-1.0,0.0,0.0,0.0,1.0,29700.0,0.0,
GCE1147,-1.0,0.0,0.0,0.0,1.0,1059441.0,1.0,
PMB1928,-1.0,0.0,0.0,0.0,2.0,2546718.0,2.5,
JBI25,-1.0,0.0,0.0,0.0,1.0,33049.0,0.0,
MAS0783,-1.0,0.0,0.0,0.0,1.0,21268.0,0.0,
CEH1567,-1.0,0.0,0.0,0.0,1.0,24509.0,0.0,
CJM0802,-1.0,0.0,0.0,0.0,1.0,26758.0,0.0,
MAW1397,-1.0,0.0,0.0,0.0,1.0,32924.0,0.0,
Illiana_Jones,-1.0,0.0,0.0,0.0,1.0,90887.0,1.0,
HOS9198,-1.0,0.0,0.0,0.0,1.0,28159.0,0.0,
EHJ1339,-1.0,0.0,0.0,0.0,1.0,763139.0,1.0,
Short-Arsenio,-1.0,0.0,0.0,0.0,1.0,2270915.0,2.0,
CDG88,-1.0,0.0,0.0,0.0,1.0,32805.0,0.0,
Tobias.K.Howe,-1.0,0.0,0.0,0.0,1.0,508755.0,2.0,
DJH0253,-1.0,0.0,0.0,0.0,1.0,1444950.0,2.0,
JDG0255,-1.0,0.0,0.0,0.0,1.0,12231.0,0.0,
DCA0857,-1.0,0.0,0.0,0.0,1.0,20854.0,0.0,
CZY798,-1.0,0.0,0.0,0.0,1.0,50674.0,0.0,
Emerson-Dieter,-1.0,0.0,0.0,0.0,1.0,1997091.0,1.0,
Stephenson-Joel,-1.0,0.0,0.0,0.0,1.0,43901.0,0.0,
WRH0526,-1.0,0.0,0.0,0.0,1.0,20228.0,0.0,
JBR1940,-1.0,0.0,0.0,0.0,1.0,37814.0,0.0,
Jonathan_Buck,-1.0,0.0,0.0,0.0,1.0,21967.0,0.0,
JAM4,-1.0,0.0,0.0,0.0,1.0,31569.0,0.0,
Donna.J.Aguirre,-1.0,0.0,0.0,0.0,1.0,46666.0,0.0,
Idola.B.Santiago,-1.0,0.0,0.0,0.0,1.0,32372.0,0.0,
HDH1384,-1.0,0.0,0.0,0.0,1.0,25889.0,0.0,
Quemby_E_Lindsay,-1.0,0.0,0.0,0.0,2.0,30407.5,0.0,
ODG1158,-1.0,0.0,0.0,0.0,1.0,24925.0,0.0,
Walter_Conway,-1.0,0.0,0.0,0.0,1.0,32862.0,0.0,
AXS41,-1.0,0.0,0.0,0.0,1.0,26506.0,0.0,
DNF5,-1.0,0.0,0.0,0.0,2.0,31060.5,0.0,
DSB0530,-1.0,0.0,0.0,0.0,1.0,61457.0,0.0,
HRE1950,-1.0,0.0,0.0,0.0,1.0,24014.0,0.0,
Courtney_A_Padilla,-1.0,0.0,0.0,0.0,1.0,30045.0,0.0,
Cheryl.G.Sawyer,-1.0,0.0,0.0,0.0,1.0,23898.0,0.0,
GGM1629,-1.0,0.0,0.0,0.0,1.0,10283.0,0.0,
ARL6,-1.0,0.0,0.0,0.0,1.0,26010.0,0.0,
DRM0443,-1.0,0.0,0.0,0.0,1.0,17692.0,0.0,
LRB0568,-1.0,0.0,0.0,0.0,1.0,34475.0,0.0,
Glenna_Fischer,-1.0,0.0,0.0,0.0,1.0,202166.0,1.0,
JLM0422,-1.0,0.0,0.0,0.0,1.0,29690.0,0.0,
Haynes-Taylor,-1.0,0.0,0.0,0.0,1.0,42622.0,0.0,
BHG1947,-1.0,0.0,0.0,0.0,1.0,2034527.0,1.0,
Gretchen.M.Ramos,-1.0,0.0,0.0,0.0,1.0,31111.0,0.0,
BAG995,-1.0,0.0,0.0,0.0,1.0,1374106.0,1.0,
AWW0676,-1.0,0.0,0.0,0.0,1.0,21911.0,0.0,
Emma_J_Barnes,-1.0,0.0,0.0,0.0,1.0,44775.0,0.0,
AVG1169,-1.0,0.0,0.0,0.0,1.0,43765.0,0.0,
Conrad-Grady,-1.0,0.0,0.0,0.0,1.0,40051.0,0.0,
VLV0933,-1.0,0.0,0.0,0.0,1.0,13715.0,0.0,
CCR3,-1.0,0.0,0.0,0.0,1.0,22607.0,0.0,
NMP0782,-1.0,0.0,0.0,0.0,1.0,10454.0,0.0,
PHP0436,-1.0,0.0,0.0,0.0,1.0,21211.0,0.0,
Colleen.Collier,-1.0,0.0,0.0,0.0,1.0,145494.0,1.0,
LRF1009,-1.0,0.0,0.0,0.0,1.0,21277.0,0.0,
Nathaniel.H.Rojas,-1.0,0.0,0.0,0.0,1.0,26007.0,0.0,
Pruitt-Nathaniel,-1.0,0.0,0.0,0.0,1.0,45597.0,0.0,
HEB7,-1.0,0.0,0.0,0.0,1.0,26513.0,0.0,
WTC0699,-1.0,0.0,0.0,0.0,1.0,25940.0,0.0,
Banks-Tanner,-1.0,0.0,0.0,0.0,1.0,30853.0,0.0,
LPL0420,-1.0,0.0,0.0,0.0,1.0,14809.0,0.0,
Karyn_M_Mooney,-1.0,0.0,0.0,0.0,1.0,35038.0,0.0,
JDC0326,-1.0,0.0,0.0,0.0,1.0,32625.0,0.0,
KJW1664,-1.0,0.0,0.0,0.0,1.0,51162.0,0.0,
ISK0116,-1.0,0.0,0.0,0.0,2.0,22699.5,0.0,
NJC0003,-1.0,0.0,0.0,0.0,1.0,23189.0,0.0,
Hillary.J.Blackburn,-1.0,0.0,0.0,0.0,1.0,26278.0,0.0,
YIN0342,-1.0,0.0,0.0,0.0,1.0,315565.0,1.0,
HJM0688,-1.0,0.0,0.0,0.0,1.0,28922.0,0.0,
CTK0406,-1.0,0.0,0.0,0.0,1.0,27209.0,0.0,
ASH0298,-1.0,0.0,0.0,0.0,1.0,31670.0,0.0,
CLN0061,-1.0,0.0,0.0,0.0,1.0,29935.0,0.0,
Hilda_Moran,-1.0,0.0,0.0,0.0,1.0,4136566.0,4.0,
AME1364,-1.0,0.0,0.0,0.0,1.0,31632.0,0.0,
LKP1714,-1.0,0.0,0.0,0.0,1.0,38747.0,0.0,
JLL1975,-1.0,0.0,0.0,0.0,1.0,1425071.0,1.0,
NCC0454,-1.0,0.0,0.0,0.0,1.0,26842.0,0.0,
LRB1496,-1.0,0.0,0.0,0.0,1.0,18517.0,0.0,
Ignatius.Y.Henry,-1.0,0.0,0.0,0.0,1.0,32138.0,0.0,
ACH1831,-1.0,0.0,0.0,0.0,1.0,22929.0,0.0,
Lester.K.Pugh,-1.0,0.0,0.0,0.0,1.0,31255.0,0.0,
Laurel_Navarro,-1.0,0.0,0.0,0.0,1.0,27838.0,0.0,
SNC1721,-1.0,0.0,0.0,0.0,1.0,35633.0,0.0,
DCF1237,-1.0,0.0,0.0,0.0,1.0,9931391.0,9.0,
Althea_S_Hobbs,-1.0,0.0,0.0,0.0,1.0,22198.0,0.0,
CHW0919,-1.0,0.0,0.0,0.0,3.0,131502.0,0.333333333333,
TTG0460,-1.0,0.0,0.0,0.0,1.0,903679.0,1.0,
NZL1395,-1.0,0.0,0.0,0.0,1.0,19216.0,0.0,
CHW1210,-1.0,0.0,0.0,0.0,1.0,209746.0,1.0,
EKS1182,-1.0,0.0,0.0,0.0,1.0,32186.0,0.0,
DZO0285,-1.0,0.0,0.0,0.0,1.0,32016.0,0.0,
Jeanette_A_Rosales,-1.0,0.0,0.0,0.0,1.0,37095.0,0.0,
TLW1555,-1.0,0.0,0.0,0.0,1.0,23112.0,0.0,
CCM1401,-1.0,0.0,0.0,0.0,1.0,33920.0,0.0,
JBL2,-1.0,0.0,0.0,0.0,1.0,19788.0,0.0,
Destiny_T_Brown,-1.0,0.0,0.0,0.0,1.0,24769.0,0.0,
Eleanor_H_Jarvis,-1.0,0.0,0.0,0.0,1.0,383868.0,1.0,
JIL1675,-1.0,0.0,0.0,0.0,1.0,36728.0,0.0,
Young-Burton,-1.0,0.0,0.0,0.0,1.0,25074.0,0.0,
CCP0774,-1.0,0.0,0.0,0.0,1.0,32054.0,0.0,
PDH1180,-1.0,0.0,0.0,0.0,1.0,28556.0,0.0,
Hancock-Aristotle,-1.0,0.0,0.0,0.0,1.0,21194.0,0.0,
ERV1880,-1.0,0.0,0.0,0.0,1.0,36006.0,0.0,
Cathleen_Gates,-1.0,0.0,0.0,0.0,1.0,1793227.0,1.0,
TSG0262,-1.0,0.0,0.0,0.0,2.0,34832.0,0.0,
LAD0226,-1.0,0.0,0.0,0.0,1.0,31564.0,0.0,
NMP1003,-1.0,0.0,0.0,0.0,1.0,41186.0,0.0,
MAB0500,-1.0,0.0,0.0,0.0,1.0,31691.0,0.0,
JOR1221,-1.0,0.0,0.0,0.0,1.0,30388.0,0.0,
TLB0894,-1.0,0.0,0.0,0.0,1.0,1857935.0,2.0,
SEO0946,-1.0,0.0,0.0,0.0,1.0,720867.0,1.0,
Burton.Lewis,-1.0,0.0,0.0,0.0,1.0,30148.0,0.0,
Wiley-Hoyt,-1.0,0.0,0.0,0.0,1.0,28068.0,0.0,
BLW0552,-1.0,0.0,0.0,0.0,1.0,27989.0,0.0,
KCM0402,-1.0,0.0,0.0,0.0,1.0,1408477.0,2.0,
Quyn_Freeman,-1.0,0.0,0.0,0.0,1.0,14269.0,0.0,
MEC0212,-1.0,0.0,0.0,0.0,1.0,44839.0,0.0,
TCF0559,-1.0,0.0,0.0,0.0,1.0,27732.0,0.0,
TLM0421,-1.0,0.0,0.0,0.0,1.0,26638.0,0.0,
IJM1276,-1.0,0.0,0.0,0.0,1.0,20690.0,0.0,
MEH0029,-1.0,0.0,0.0,0.0,1.0,26595.0,0.0,
Kylan_Conner,-1.0,0.0,0.0,0.0,1.0,550981.0,1.0,
CDL911,-1.0,0.0,0.0,0.0,1.0,51760.0,0.0,
AJM0049,-1.0,0.0,0.0,0.0,1.0,24846.0,0.0,
Deanna_Hoover,-1.0,0.0,0.0,0.0,1.0,43188.0,0.0,
DOR0935,-1.0,0.0,0.0,0.0,1.0,43373.0,0.0,
OAB0181,-1.0,0.0,0.0,0.0,1.0,47255.0,0.0,
JMV1450,-1.0,0.0,0.0,0.0,1.0,34051.0,0.0,
Emma.A.Montoya,-1.0,0.0,0.0,0.0,1.0,20819.0,0.0,
RJW0348,-1.0,0.0,0.0,0.0,1.0,53868.0,0.0,
KGD0416,-1.0,0.0,0.0,0.0,1.0,21065.0,0.0,
VCG1873,-1.0,0.0,0.0,0.0,1.0,50267.0,0.0,
Dale-Gregory,-1.0,0.0,0.0,0.0,1.0,34489.0,0.0,
Everett-Curran,-1.0,0.0,0.0,0.0,1.0,1612127.0,5.0,
Charles-Stephen,-1.0,0.0,0.0,0.0,1.0,219956.0,1.0,
IDC0249,-1.0,0.0,0.0,0.0,1.0,12030.0,0.0,
JIT0356,-1.0,0.0,0.0,0.0,1.0,46316.0,0.0,
Carney-Amos,-1.0,0.0,0.0,0.0,1.0,960523.0,1.0,
DMJ0222,-1.0,0.0,0.0,0.0,1.0,36003.0,0.0,
RJG779,-1.0,0.0,0.0,0.0,1.0,26305.0,0.0,
EUN1870,-1.0,0.0,0.0,0.0,1.0,37959.0,0.0,
CGV855,-1.0,0.0,0.0,0.0,1.0,565135.0,1.0,
NMF1088,-1.0,0.0,0.0,0.0,1.0,709148.0,1.0,
Griffin-Noah,-1.0,0.0,0.0,0.0,1.0,31013.0,0.0,
Gay-Lila,-1.0,0.0,0.0,0.0,1.0,1821355.0,1.0,
Battle-Edan,-1.0,0.0,0.0,0.0,1.0,21388.0,0.0,
