BGC0649,1.0,2.0,21418.0,0.0,0.0,0.0,0.0,
SSH1780,-0.146987951807,177.0,314969.751412,0.367231638418,238.0,238751.756303,0.226890756303,
MJA1784,-0.221757322176,93.0,268282.795699,0.354838709677,146.0,257700.554795,0.219178082192,
XCC1786,-0.12315270936,178.0,313349.691011,0.337078651685,228.0,297320.850877,0.285087719298,
Rose.M.Blackwell,1.0,1.0,2883543.0,2.0,0.0,0.0,0.0,
Watkins-Sawyer,-0.0897435897436,142.0,343719.852113,0.330985915493,170.0,173605.747059,0.182352941176,
PNA1776,-0.204081632653,156.0,330765.019231,0.346153846154,236.0,610662.135593,0.622881355932,
LSO1783,-0.0958904109589,165.0,286846.030303,0.29696969697,200.0,581209.59,0.615,
HAB1787,-0.1875,156.0,375393.564103,0.416666666667,228.0,313456.539474,0.34649122807,
HAB1894,1.0,2.0,24972.0,0.0,0.0,0.0,0.0,
QDB1765,-0.141274238227,155.0,399543.864516,0.438709677419,206.0,198995.169903,0.184466019417,
DCK1782,-0.269841269841,161.0,470358.925466,0.434782608696,280.0,313495.882143,0.3,
Cynthia_Blanchard,0.0,1.0,2469510.0,3.0,1.0,22164.0,0.0,
SDW1781,-0.0663129973475,176.0,320745.505682,0.306818181818,201.0,200674.995025,0.174129353234,
AWK1773,-0.16704805492,182.0,290742.450549,0.307692307692,255.0,29984.1215686,0.0,
AAB1302,1.0,1.0,27817.0,0.0,0.0,0.0,0.0,
Mona_J_Alford,0.352201257862,215.0,362739.688372,0.376744186047,103.0,196406.359223,0.155339805825,
Quinn_D_Bradshaw,0.0618181818182,146.0,370393.541096,0.369863013699,129.0,414696.550388,0.395348837209,
Keith-Aquila,0.287804878049,132.0,344715.393939,0.378787878788,73.0,29040.9178082,0.0,
Cheryl.I.Fowler,1.0,61.0,315649.344262,0.27868852459,0.0,0.0,0.0,
WAS1,1.0,2.0,27349.0,0.0,0.0,0.0,0.0,
Harper-Warren,0.163636363636,160.0,364463.29375,0.39375,115.0,425062.913043,0.452173913043,
Patrick-Ashley,0.0836653386454,136.0,389609.897059,0.455882352941,115.0,391198.53913,0.426086956522,
PHG69,-0.162162162162,124.0,357093.427419,0.395161290323,172.0,665285.424419,0.691860465116,
NTV1749,0.712230215827,119.0,359605.613445,0.411764705882,20.0,555205.65,0.5,
SSH819,-0.0864197530864,111.0,238817.711712,0.261261261261,132.0,137974.30303,0.121212121212,
GLC53,1.0,18.0,60597.0,0.0555555555556,0.0,0.0,0.0,
JBR1940,1.0,2.0,542915.0,1.0,0.0,0.0,0.0,
HJR0841,1.0,1.0,32116.0,0.0,0.0,0.0,0.0,
JJW1785,-0.194888178914,126.0,397970.920635,0.420634920635,187.0,618481.636364,0.695187165775,
Hermione_A_Bowers,0.0938775510204,134.0,446887.58209,0.492537313433,111.0,380120.27027,0.387387387387,
Sacha.K.Navarro,1.0,1.0,13323.0,0.0,0.0,0.0,0.0,
PHG1778,-0.0132625994695,186.0,477364.989247,0.516129032258,191.0,624832.86911,0.69109947644,
KLM66,1.0,1.0,15761.0,0.0,0.0,0.0,0.0,
IDC1775,-0.123425692695,174.0,273853.925287,0.287356321839,223.0,682621.412556,0.762331838565,
OQE0920,1.0,1.0,711180.0,1.0,0.0,0.0,0.0,
Xandra_Cameron,-0.0909090909091,115.0,255171.652174,0.295652173913,138.0,480871.637681,0.427536231884,
INC0091,1.0,1.0,39414.0,0.0,0.0,0.0,0.0,
PRL0965,0.333333333333,2.0,23132.0,0.0,1.0,7468365.0,8.0,
NTV1777,-0.212765957447,37.0,166604.837838,0.189189189189,57.0,498711.736842,0.649122807018,
WAH1774,-0.259445843829,147.0,338245.666667,0.333333333333,250.0,640664.176,0.684,
Vernon_X_Leon,1.0,1.0,17939.0,0.0,0.0,0.0,0.0,
DCK394,-0.0173913043478,113.0,327379.752212,0.29203539823,117.0,109826.444444,0.0854700854701,
NVB5,1.0,33.0,452977.878788,0.484848484848,0.0,0.0,0.0,
PTV0067,1.0,1.0,25916.0,0.0,0.0,0.0,0.0,
Wynn-Jamalia,0.276018099548,141.0,416766.326241,0.418439716312,80.0,477680.5625,0.45,
Kyra.L.Oneal,1.0,24.0,199759.125,0.208333333333,0.0,0.0,0.0,
LSO55,0.105802047782,162.0,466806.512346,0.469135802469,131.0,472010.48855,0.534351145038,
HHJ32,1.0,1.0,51190.0,0.0,0.0,0.0,0.0,
SNC1721,1.0,1.0,24928.0,0.0,0.0,0.0,0.0,
PRG0336,1.0,1.0,3383582.0,3.0,0.0,0.0,0.0,
NVB8,1.0,19.0,338280.684211,0.210526315789,0.0,0.0,0.0,
NVA1748,1.0,2.0,23346.0,0.0,0.0,0.0,0.0,
RMT0496,1.0,2.0,18556.0,0.0,0.0,0.0,0.0,
GLC8131,1.0,31.0,133369.129032,0.161290322581,0.0,0.0,0.0,
Ivy.D.Cantu,0.1,143.0,244639.195804,0.244755244755,117.0,552567.059829,0.606837606838,
Walls-Thor,1.0,1.0,25740.0,0.0,0.0,0.0,0.0,
EZG0968,1.0,2.0,16792.0,0.0,0.0,0.0,0.0,
Parsons-Wayne,1.0,1.0,24558.0,0.0,0.0,0.0,0.0,
Thaddeus-Garner,1.0,1.0,30194.0,0.0,0.0,0.0,0.0,
Zoe_Henry,1.0,1.0,4714340.0,6.0,0.0,0.0,0.0,
DDR1876,1.0,2.0,904473.5,1.0,0.0,0.0,0.0,
Germane_Velez,1.0,1.0,889999.0,1.0,0.0,0.0,0.0,
BBH1945,0.0,1.0,1839935.0,2.0,1.0,42086.0,0.0,
KEO0202,1.0,1.0,24304.0,0.0,0.0,0.0,0.0,
CEP658,1.0,29.0,743684.103448,0.724137931034,0.0,0.0,0.0,
Eden.T.Woodward,1.0,2.0,39665.0,0.0,0.0,0.0,0.0,
RAT0514,1.0,1.0,19759.0,0.0,0.0,0.0,0.0,
YBH1926,1.0,2.0,36155.0,0.0,0.0,0.0,0.0,
GCE1147,1.0,1.0,36155.0,0.0,0.0,0.0,0.0,
ESW0928,1.0,2.0,23342.5,0.0,0.0,0.0,0.0,
MCB1145,1.0,1.0,2312134.0,2.0,0.0,0.0,0.0,
Campos_Jaime,1.0,1.0,31187.0,0.0,0.0,0.0,0.0,
YEG8459,1.0,1.0,28916.0,0.0,0.0,0.0,0.0,
CEP4,1.0,13.0,341034.153846,0.461538461538,0.0,0.0,0.0,
ICW6286,1.0,1.0,30537.0,0.0,0.0,0.0,0.0,
Magee_Wong,1.0,1.0,36065.0,0.0,0.0,0.0,0.0,
SNA0415,1.0,3.0,29754.6666667,0.0,0.0,0.0,0.0,
TOL1914,1.0,1.0,36993.0,0.0,0.0,0.0,0.0,
KFG5741,1.0,1.0,19821.0,0.0,0.0,0.0,0.0,
EMR0269,1.0,1.0,14844.0,0.0,0.0,0.0,0.0,
HJB1444,1.0,2.0,27121.0,0.0,0.0,0.0,0.0,
FDS1690,1.0,1.0,54531.0,0.0,0.0,0.0,0.0,
Kyra_L_Oneal,1.0,18.0,247613.722222,0.222222222222,0.0,0.0,0.0,
CCP977,1.0,1.0,15681.0,0.0,0.0,0.0,0.0,
CDL0189,1.0,1.0,32252.0,0.0,0.0,0.0,0.0,
JPK0945,1.0,1.0,40529.0,0.0,0.0,0.0,0.0,
Alea_Lynch,1.0,1.0,19539.0,0.0,0.0,0.0,0.0,
BKF0632,0.333333333333,2.0,26575.0,0.0,1.0,22164.0,0.0,
IDW1713,-0.333333333333,1.0,27244.0,0.0,2.0,29351.5,0.0,
DTB0722,1.0,1.0,31381.0,0.0,0.0,0.0,0.0,
DLM0334,1.0,1.0,31381.0,0.0,0.0,0.0,0.0,
Hewitt-Casey,1.0,1.0,11027.0,0.0,0.0,0.0,0.0,
JDJ1949,1.0,1.0,35584.0,0.0,0.0,0.0,0.0,
FWT1586,1.0,2.0,27800.0,0.0,0.0,0.0,0.0,
MMR1502,1.0,1.0,3311744.0,3.0,0.0,0.0,0.0,
EJB0241,1.0,1.0,44440.0,0.0,0.0,0.0,0.0,
Tashya_Craft,1.0,1.0,21202.0,0.0,0.0,0.0,0.0,
ZCB0983,1.0,2.0,47623.0,0.5,0.0,0.0,0.0,
NFH0677,1.0,1.0,44693.0,0.0,0.0,0.0,0.0,
IDC0249,1.0,1.0,1471071.0,1.0,0.0,0.0,0.0,
RDW1710,1.0,2.0,20023.0,0.0,0.0,0.0,0.0,
MAM0557,0.0,1.0,3400307.0,3.0,1.0,22444.0,0.0,
SNC0218,1.0,1.0,19301.0,0.0,0.0,0.0,0.0,
Vance-Harrison,1.0,3.0,349197.333333,0.666666666667,0.0,0.0,0.0,
OCW169,1.0,1.0,31621.0,0.0,0.0,0.0,0.0,
Frances_Hopkins,1.0,1.0,15913.0,0.0,0.0,0.0,0.0,
SLL0193,0.0,1.0,7667969.0,8.0,1.0,1375468.0,2.0,
PWB9,1.0,1.0,17297.0,0.0,0.0,0.0,0.0,
Tara_D_Riggs,1.0,4.0,28224.5,0.0,0.0,0.0,0.0,
PHP0436,1.0,1.0,41099.0,0.0,0.0,0.0,0.0,
Perry.A.Hicks,1.0,1.0,21353.0,0.0,0.0,0.0,0.0,
ACA1126,0.333333333333,2.0,1389414.5,1.0,1.0,53110.0,0.0,
TMM0292,1.0,1.0,45445.0,0.0,0.0,0.0,0.0,
HBH0111,0.0,1.0,33885.0,0.0,1.0,29359.0,0.0,
CLC1425,1.0,1.0,370309.0,1.0,0.0,0.0,0.0,
Bryant-Sebastian,1.0,1.0,31479.0,0.0,0.0,0.0,0.0,
Deleon-Kenneth,1.0,1.0,6666919.0,6.0,0.0,0.0,0.0,
LLP1436,0.0,1.0,17690.0,0.0,1.0,33253.0,0.0,
Nadine.O.Best,1.0,2.0,30218.0,0.0,0.0,0.0,0.0,
RJG779,1.0,1.0,30218.0,0.0,0.0,0.0,0.0,
Paul-Lisandra,1.0,1.0,885605.0,1.0,0.0,0.0,0.0,
LKP1714,1.0,1.0,1436248.0,2.0,0.0,0.0,0.0,
AWB1309,1.0,1.0,1834791.0,1.0,0.0,0.0,0.0,
Suarez-Oscar,1.0,1.0,31886.0,0.0,0.0,0.0,0.0,
Justin.Y.Simmons,1.0,1.0,19443.0,0.0,0.0,0.0,0.0,
WOM1587,1.0,1.0,27558.0,0.0,0.0,0.0,0.0,
PAH0819,1.0,1.0,31041.0,0.0,0.0,0.0,0.0,
TaShya_M_Rush,1.0,1.0,29961.0,0.0,0.0,0.0,0.0,
CRM0963,1.0,2.0,26096.0,0.0,0.0,0.0,0.0,
Baker.Z.Chambers,1.0,2.0,1304472.5,1.0,0.0,0.0,0.0,
Autumn_Wheeler,1.0,1.0,23342.0,0.0,0.0,0.0,0.0,
Amaya_Michael,1.0,1.0,20724.0,0.0,0.0,0.0,0.0,
Buckner-Gavin,1.0,1.0,1395753.0,2.0,0.0,0.0,0.0,
Shaine.G.Brock,1.0,1.0,16250.0,0.0,0.0,0.0,0.0,
Dacey_Miles,1.0,1.0,20728.0,0.0,0.0,0.0,0.0,
TBE1972,1.0,2.0,26857.0,0.0,0.0,0.0,0.0,
JIG1593,1.0,2.0,31829.0,0.0,0.0,0.0,0.0,
JRE1402,1.0,1.0,231734.0,1.0,0.0,0.0,0.0,
OHC1798,1.0,1.0,16679.0,0.0,0.0,0.0,0.0,
ILM1595,1.0,1.0,27835.0,0.0,0.0,0.0,0.0,
EOG0433,1.0,2.0,17897.0,0.0,0.0,0.0,0.0,
NMM0026,1.0,1.0,19154.0,0.0,0.0,0.0,0.0,
NTV589,1.0,121.0,523313.090909,0.487603305785,0.0,0.0,0.0,
Hollee.S.Griffith,1.0,5.0,262332.8,0.2,0.0,0.0,0.0,
PXS1,1.0,1.0,22800.0,0.0,0.0,0.0,0.0,
CGF1056,1.0,2.0,37059.0,0.0,0.0,0.0,0.0,
Ruiz.Charles,1.0,1.0,52014.0,0.0,0.0,0.0,0.0,
LLL1469,1.0,2.0,19130.0,0.0,0.0,0.0,0.0,
Amery.W.Curry,1.0,1.0,1795026.0,3.0,0.0,0.0,0.0,
CLZ12,1.0,2.0,30151.0,0.0,0.0,0.0,0.0,
Guerrero-Amber,1.0,2.0,32368.0,0.0,0.0,0.0,0.0,
RDB0546,0.0,1.0,58867.0,0.0,1.0,26619.0,0.0,
ONB1833,1.0,2.0,25144.0,0.0,0.0,0.0,0.0,
JCB0791,1.0,1.0,35500.0,0.0,0.0,0.0,0.0,
OLM1747,1.0,1.0,56343.0,0.0,0.0,0.0,0.0,
JPB0450,1.0,1.0,26149.0,0.0,0.0,0.0,0.0,
ARP1356,1.0,1.0,35531.0,0.0,0.0,0.0,0.0,
NBH0488,1.0,1.0,28052.0,0.0,0.0,0.0,0.0,
GLC1055,1.0,1.0,24285.0,0.0,0.0,0.0,0.0,
MEW0485,1.0,1.0,22663.0,0.0,0.0,0.0,0.0,
RFP1918,1.0,1.0,3271987.0,3.0,0.0,0.0,0.0,
Stephenson-Joel,1.0,1.0,2814053.0,3.0,0.0,0.0,0.0,
NKD0115,1.0,1.0,5503631.0,6.0,0.0,0.0,0.0,
Vera_Hendrix,1.0,1.0,33821.0,0.0,0.0,0.0,0.0,
Orr_Arthur,1.0,1.0,27558.0,0.0,0.0,0.0,0.0,
QWP1513,0.0,1.0,24024.0,0.0,1.0,31835.0,0.0,
FCB32,1.0,3.0,18040.3333333,0.0,0.0,0.0,0.0,
TMR0186,0.333333333333,2.0,28162.0,0.0,1.0,46700.0,0.0,
ACB0220,0.333333333333,2.0,38640.0,0.0,1.0,16050.0,0.0,
JNR1592,1.0,1.0,15373.0,0.0,0.0,0.0,0.0,
Dunlap-Ulric,1.0,1.0,216633.0,1.0,0.0,0.0,0.0,
Germane_Gonzales,1.0,1.0,28942.0,0.0,0.0,0.0,0.0,
Sarah.N.Knox,1.0,1.0,37345.0,0.0,0.0,0.0,0.0,
JQC0210,1.0,1.0,23994.0,0.0,0.0,0.0,0.0,
HPC7789,1.0,1.0,1355806.0,1.0,0.0,0.0,0.0,
Jane-Buchanan,1.0,1.0,32464.0,0.0,0.0,0.0,0.0,
DWR1387,1.0,2.0,35975.0,0.0,0.0,0.0,0.0,
MAD4,1.0,1.0,1870457.0,1.0,0.0,0.0,0.0,
LHL0130,1.0,1.0,44758.0,0.0,0.0,0.0,0.0,
PJC0254,1.0,1.0,26322.0,0.0,0.0,0.0,0.0,
HDM12,1.0,2.0,37167.0,0.0,0.0,0.0,0.0,
JSB0803,1.0,1.0,30108.0,0.0,0.0,0.0,0.0,
GRB3,1.0,1.0,26149.0,0.0,0.0,0.0,0.0,
Lynch_Hanae,1.0,1.0,3698810.0,6.0,0.0,0.0,0.0,
BDM0274,1.0,2.0,106782.0,0.0,0.0,0.0,0.0,
CIM1095,1.0,2.0,30327.0,0.0,0.0,0.0,0.0,
Quin_Nixon,1.0,1.0,33824.0,0.0,0.0,0.0,0.0,
CRW0627,1.0,1.0,34072.0,0.0,0.0,0.0,0.0,
DQR1670,1.0,1.0,24839.0,0.0,0.0,0.0,0.0,
RJW1406,1.0,2.0,35088.0,0.0,0.0,0.0,0.0,
Adara_K_Sims,1.0,1.0,44096.0,0.0,0.0,0.0,0.0,
LPL0877,1.0,1.0,1251101.0,1.0,0.0,0.0,0.0,
CMM1987,1.0,1.0,16421.0,0.0,0.0,0.0,0.0,
PAP72,1.0,1.0,32067.0,0.0,0.0,0.0,0.0,
Daphne_Adkins,1.0,1.0,27907.0,0.0,0.0,0.0,0.0,
Rae.Y.Greer,1.0,1.0,31937.0,0.0,0.0,0.0,0.0,
CLP7,1.0,1.0,20141.0,0.0,0.0,0.0,0.0,
Pamela_Schultz,1.0,1.0,43291.0,0.0,0.0,0.0,0.0,
LLB0437,1.0,1.0,27807.0,0.0,0.0,0.0,0.0,
CWR0696,1.0,1.0,35917.0,0.0,0.0,0.0,0.0,
TSH1734,1.0,2.0,2053060.0,2.0,0.0,0.0,0.0,
BDH0981,1.0,1.0,3904565.0,3.0,0.0,0.0,0.0,
JWS0047,-0.333333333333,1.0,2334495.0,2.0,2.0,752418.5,0.5,
Keith_Christine,1.0,3.0,554587.333333,0.333333333333,0.0,0.0,0.0,
Taylor_Graham,1.0,1.0,3388177.0,4.0,0.0,0.0,0.0,
NNB2,1.0,1.0,17711.0,0.0,0.0,0.0,0.0,
Lee_T_Santiago,1.0,1.0,53784.0,0.0,0.0,0.0,0.0,
LAD0226,0.333333333333,2.0,529822.5,0.5,1.0,39877.0,0.0,
Ruth_Mercer,1.0,1.0,43509.0,0.0,0.0,0.0,0.0,
GKM1647,1.0,1.0,30147.0,0.0,0.0,0.0,0.0,
AJB1763,1.0,2.0,25395.0,0.0,0.0,0.0,0.0,
ODA0931,1.0,1.0,24216.0,0.0,0.0,0.0,0.0,
Weaver-Travis,1.0,1.0,25837.0,0.0,0.0,0.0,0.0,
GCB0118,1.0,1.0,35976.0,0.0,0.0,0.0,0.0,
FGA0659,1.0,1.0,35064.0,0.0,0.0,0.0,0.0,
JOR1039,1.0,1.0,33308.0,0.0,0.0,0.0,0.0,
Flynn-Steel,1.0,1.0,49535.0,0.0,0.0,0.0,0.0,
Carlos.K.James,1.0,1.0,31610.0,0.0,0.0,0.0,0.0,
DJW0418,1.0,1.0,20871.0,0.0,0.0,0.0,0.0,
LJM0375,1.0,1.0,22126.0,0.0,0.0,0.0,0.0,
CCC1900,1.0,1.0,25345.0,0.0,0.0,0.0,0.0,
SKE1251,1.0,3.0,36607.3333333,0.0,0.0,0.0,0.0,
SKF0786,1.0,1.0,33272.0,0.0,0.0,0.0,0.0,
DKS0563,1.0,2.0,25559.0,0.0,0.0,0.0,0.0,
WOS1834,0.0,1.0,25559.0,0.0,1.0,30429.0,0.0,
EPB0893,1.0,2.0,22164.0,0.0,0.0,0.0,0.0,
LVC946,0.0,1.0,35156.0,0.0,1.0,18814.0,0.0,
ODG1158,1.0,1.0,19252.0,0.0,0.0,0.0,0.0,
Jescie.M.Sellers,1.0,1.0,19842.0,0.0,0.0,0.0,0.0,
ADC1014,1.0,1.0,31227.0,0.0,0.0,0.0,0.0,
CJG0897,1.0,1.0,2063086.0,1.0,0.0,0.0,0.0,
GDD1687,1.0,1.0,33933.0,0.0,0.0,0.0,0.0,
Pruitt-Nathaniel,1.0,1.0,30813.0,0.0,0.0,0.0,0.0,
Benson-Jacob,0.0,1.0,30813.0,0.0,1.0,46727.0,0.0,
AKM0214,0.333333333333,2.0,28205.0,0.0,1.0,347767.0,1.0,
QSS1380,1.0,1.0,3531271.0,3.0,0.0,0.0,0.0,
Jones-Alden,1.0,1.0,27012.0,0.0,0.0,0.0,0.0,
Ivan.T.Gillespie,1.0,2.0,33450.0,0.0,0.0,0.0,0.0,
EHJ1339,1.0,2.0,1634812.0,1.5,0.0,0.0,0.0,
NCC0454,1.0,2.0,24347.0,0.0,0.0,0.0,0.0,
Dixon-Alexa,0.0,1.0,28294.0,0.0,1.0,26354.0,0.0,
ABB0019,1.0,1.0,1226697.0,1.0,0.0,0.0,0.0,
Xenos_Marshall,1.0,1.0,22666.0,0.0,0.0,0.0,0.0,
Gretchen_Vincent,0.0,1.0,23788.0,0.0,1.0,27347.0,0.0,
TME0887,1.0,1.0,36347.0,0.0,0.0,0.0,0.0,
TSJ0655,1.0,2.0,33870.0,0.0,0.0,0.0,0.0,
MTH0737,-0.333333333333,1.0,23097.0,0.0,2.0,1100202.5,1.5,
Jane_R_Wooten,1.0,1.0,55199.0,0.0,0.0,0.0,0.0,
DRJ4354,1.0,1.0,28732.0,0.0,0.0,0.0,0.0,
KLM1508,0.333333333333,2.0,34076.0,0.0,1.0,34626.0,0.0,
Simone_Peters,1.0,1.0,55385.0,0.0,0.0,0.0,0.0,
Boyd-Aidan,1.0,1.0,20626.0,0.0,0.0,0.0,0.0,
Kylynn.S.Carney,1.0,1.0,21630.0,0.0,0.0,0.0,0.0,
Anastasia.O.Bishop,1.0,2.0,41449.0,0.0,0.0,0.0,0.0,
Hasad.S.Knowles,1.0,1.0,41449.0,0.0,0.0,0.0,0.0,
HPM0360,1.0,2.0,19225.0,0.0,0.0,0.0,0.0,
Desirae_D_Mcdonald,1.0,1.0,24606.0,0.0,0.0,0.0,0.0,
ACA131,1.0,1.0,2232432.0,2.0,0.0,0.0,0.0,
UKG0386,1.0,1.0,1040909.0,2.0,0.0,0.0,0.0,
ZPG1909,1.0,1.0,16808.0,0.0,0.0,0.0,0.0,
MRH0407,0.6,4.0,28431.0,0.0,1.0,1672899.0,4.0,
ENB4947,1.0,1.0,77231.0,0.0,0.0,0.0,0.0,
AMC1883,1.0,2.0,29530.0,0.0,0.0,0.0,0.0,
HTB0444,1.0,1.0,715114.0,1.0,0.0,0.0,0.0,
Yasir-Ayala,1.0,1.0,2634894.0,1.0,0.0,0.0,0.0,
EGF34,1.0,1.0,24659.0,0.0,0.0,0.0,0.0,
Teegan_B_Estes,1.0,1.0,27015.0,0.0,0.0,0.0,0.0,
JAG0106,1.0,1.0,22590.0,0.0,0.0,0.0,0.0,
Mcclain-Hayley,1.0,1.0,34260.0,0.0,0.0,0.0,0.0,
LVC0408,0.333333333333,2.0,52578.0,0.0,1.0,29347.0,0.0,
JTS0903,1.0,2.0,28239.0,0.0,0.0,0.0,0.0,
CAF15,1.0,1.0,18631.0,0.0,0.0,0.0,0.0,
Justine.C.Valenzuela,1.0,2.0,21269.0,0.0,0.0,0.0,0.0,
Maris.Larson,1.0,1.0,66842.0,0.0,0.0,0.0,0.0,
Iliana.G.Nelson,1.0,3.0,26484.3333333,0.0,0.0,0.0,0.0,
FMP0459,1.0,1.0,30005.0,0.0,0.0,0.0,0.0,
TAK0501,1.0,2.0,23955.0,0.0,0.0,0.0,0.0,
CRC1132,1.0,1.0,110498.0,1.0,0.0,0.0,0.0,
Ferrell-Jonathan,1.0,1.0,20196.0,0.0,0.0,0.0,0.0,
Garner-Aladdin,1.0,1.0,41593.0,0.0,0.0,0.0,0.0,
Pitts-Kennedy,1.0,1.0,22530.0,0.0,0.0,0.0,0.0,
Gilmore-Flynn,1.0,1.0,142507.0,1.0,0.0,0.0,0.0,
HJW0947,0.333333333333,2.0,31896.0,0.0,1.0,2158013.0,2.0,
Gloria_C_Baird,1.0,1.0,46166.0,0.0,0.0,0.0,0.0,
WWW0701,1.0,1.0,24131.0,0.0,0.0,0.0,0.0,
KLR0112,1.0,2.0,28549.0,0.0,0.0,0.0,0.0,
GCS1686,1.0,2.0,27670.0,0.0,0.0,0.0,0.0,
BCB1715,1.0,1.0,36684.0,0.0,0.0,0.0,0.0,
NHA63,1.0,1.0,23641.0,0.0,0.0,0.0,0.0,
JJC0259,1.0,1.0,25003.0,0.0,0.0,0.0,0.0,
Damon-Wilkins,1.0,3.0,31573.3333333,0.0,0.0,0.0,0.0,
MLL0162,1.0,1.0,29398.0,0.0,0.0,0.0,0.0,
PAM0867,0.333333333333,2.0,27437.0,0.0,1.0,34138.0,0.0,
ADH0153,1.0,1.0,2529618.0,2.0,0.0,0.0,0.0,
CGV0671,1.0,3.0,22952.3333333,0.0,0.0,0.0,0.0,
Logan.S.Barrera,1.0,1.0,37242.0,0.0,0.0,0.0,0.0,
HMH3,1.0,1.0,15317.0,0.0,0.0,0.0,0.0,
Patterson-Griffith,1.0,1.0,18555.0,0.0,0.0,0.0,0.0,
Nichole_Hines,1.0,1.0,575108.0,1.0,0.0,0.0,0.0,
HTR0239,1.0,1.0,26101.0,0.0,0.0,0.0,0.0,
TIR0025,0.0,1.0,38615.0,0.0,1.0,29514.0,0.0,
KVP1424,1.0,3.0,18757.6666667,0.0,0.0,0.0,0.0,
LSM1228,0.0,1.0,3793897.0,6.0,1.0,41122.0,0.0,
Walker-Abraham,1.0,1.0,7630478.0,7.0,0.0,0.0,0.0,
Lawrence.Deacon,1.0,1.0,1247074.0,1.0,0.0,0.0,0.0,
Regina_Boyer,1.0,1.0,2259204.0,1.0,0.0,0.0,0.0,
Eugenia_Wolfe,1.0,2.0,38189.0,0.0,0.0,0.0,0.0,
DNG0831,1.0,1.0,1329400.0,2.0,0.0,0.0,0.0,
HWS1772,1.0,1.0,30818.0,0.0,0.0,0.0,0.0,
CMV0524,1.0,1.0,27758.0,0.0,0.0,0.0,0.0,
HUM689,1.0,2.0,27230.0,0.0,0.0,0.0,0.0,
ACC0950,1.0,2.0,18816.0,0.0,0.0,0.0,0.0,
KMG0062,0.333333333333,2.0,31420.0,0.0,1.0,31750.0,0.0,
HKF1921,1.0,1.0,46692.0,0.0,0.0,0.0,0.0,
CAV0656,1.0,1.0,32622.0,0.0,0.0,0.0,0.0,
BBB0012,1.0,2.0,30493.0,0.0,0.0,0.0,0.0,
Fitzpatrick-Oliver,0.0,1.0,25204.0,0.0,1.0,2914685.0,3.0,
Camilla_Brewer,1.0,1.0,533057.0,1.0,0.0,0.0,0.0,
Hedda_Kline,1.0,1.0,1218716.0,1.0,0.0,0.0,0.0,
CVS0720,1.0,1.0,35790.0,0.0,0.0,0.0,0.0,
Sacha.M.Webb,1.0,1.0,29942.0,0.0,0.0,0.0,0.0,
EAM1308,1.0,1.0,37334.0,0.0,0.0,0.0,0.0,
CDG0551,0.0,1.0,28730.0,0.0,1.0,6209180.0,8.0,
JPM0035,-0.5,1.0,25879.0,0.0,3.0,997893.0,1.33333333333,
Abra.W.Warren,1.0,2.0,54927.0,0.0,0.0,0.0,0.0,
Roach-Ashton,1.0,1.0,28970.0,0.0,0.0,0.0,0.0,
MUP1819,0.0,2.0,51529.0,0.0,2.0,809723.0,1.0,
FJP1692,1.0,1.0,321527.0,1.0,0.0,0.0,0.0,
Tana_P_Orr,1.0,1.0,22606.0,0.0,0.0,0.0,0.0,
NEP1848,1.0,1.0,2342465.0,2.0,0.0,0.0,0.0,
Tamekah.W.Brady,1.0,1.0,45681.0,0.0,0.0,0.0,0.0,
PPB1181,0.0,1.0,1121317.0,2.0,1.0,928366.0,1.0,
Cathleen_Lester,1.0,1.0,46298.0,0.0,0.0,0.0,0.0,
Urielle.A.Ratliff,1.0,1.0,2985066.0,3.0,0.0,0.0,0.0,
Hopper-Dane,1.0,1.0,12100.0,0.0,0.0,0.0,0.0,
HJR73,1.0,1.0,1831952.0,1.0,0.0,0.0,0.0,
UHM1273,1.0,1.0,24027.0,0.0,0.0,0.0,0.0,
RJM0634,1.0,1.0,36673.0,0.0,0.0,0.0,0.0,
OCL1245,1.0,1.0,123447.0,1.0,0.0,0.0,0.0,
Jamalia-Wynn,1.0,55.0,422423.363636,0.381818181818,0.0,0.0,0.0,
Castro-Rashad,1.0,1.0,46676.0,0.0,0.0,0.0,0.0,
Kent-Thane,1.0,1.0,26208.0,0.0,0.0,0.0,0.0,
PMM1117,1.0,1.0,978100.0,1.0,0.0,0.0,0.0,
MHH0980,1.0,1.0,31387.0,0.0,0.0,0.0,0.0,
JOM1740,1.0,2.0,18804.0,0.0,0.0,0.0,0.0,
CIM735,1.0,1.0,22230.0,0.0,0.0,0.0,0.0,
Desirae_Mclaughlin,1.0,3.0,51996.0,0.0,0.0,0.0,0.0,
Yolanda_I_Newton,1.0,1.0,62277.0,0.0,0.0,0.0,0.0,
ITV0200,0.333333333333,2.0,21137.0,0.0,1.0,29335.0,0.0,
JAH1802,1.0,1.0,22697.0,0.0,0.0,0.0,0.0,
TRW0667,1.0,1.0,34274.0,0.0,0.0,0.0,0.0,
Duke-Andrew,1.0,2.0,31850.0,0.0,0.0,0.0,0.0,
Ginger_Cortez,1.0,2.0,24975.0,0.0,0.0,0.0,0.0,
Mitchell-Hadassah,1.0,1.0,1234301.0,1.0,0.0,0.0,0.0,
YSH1997,1.0,1.0,739179.0,1.0,0.0,0.0,0.0,
Jeanette_J_Henson,1.0,1.0,6937762.0,7.0,0.0,0.0,0.0,
DJC0337,1.0,2.0,28308.0,0.0,0.0,0.0,0.0,
CJM0410,1.0,2.0,41533.0,0.0,0.0,0.0,0.0,
NMP0782,1.0,1.0,29136.0,0.0,0.0,0.0,0.0,
Casey-Mccullough,1.0,1.0,28645.0,0.0,0.0,0.0,0.0,
GCD0194,1.0,2.0,18557.0,0.0,0.0,0.0,0.0,
LJF1138,1.0,2.0,23533.0,0.0,0.0,0.0,0.0,
Ursa.Britt,1.0,1.0,28738.0,0.0,0.0,0.0,0.0,
UAB0534,0.0,1.0,10275.0,0.0,1.0,38830.0,0.0,
EWP1316,1.0,1.0,10275.0,0.0,0.0,0.0,0.0,
Xerxes.F.King,1.0,1.0,29574.0,0.0,0.0,0.0,0.0,
TMM57,1.0,1.0,25566.0,0.0,0.0,0.0,0.0,
SDH1854,1.0,1.0,57925.0,0.0,0.0,0.0,0.0,
Deirdre_Clayton,1.0,1.0,15677.0,0.0,0.0,0.0,0.0,
Lani_Wiggins,1.0,1.0,21773.0,0.0,0.0,0.0,0.0,
KAC1209,1.0,1.0,25969.0,0.0,0.0,0.0,0.0,
FIM0605,1.0,1.0,26240.0,0.0,0.0,0.0,0.0,
Chanda_Harris,1.0,1.0,658343.0,1.0,0.0,0.0,0.0,
Burns_Adrian,0.333333333333,2.0,35585.0,0.0,1.0,37638.0,0.0,
MCB734,1.0,1.0,41335.0,0.0,0.0,0.0,0.0,
Karyn_M_Mooney,1.0,1.0,27302.0,0.0,0.0,0.0,0.0,
SYH1315,1.0,1.0,27289.0,0.0,0.0,0.0,0.0,
Myra_Cain,1.0,1.0,962218.0,1.0,0.0,0.0,0.0,
Love-Lawrence,1.0,1.0,31931.0,0.0,0.0,0.0,0.0,
Whoopi_Short,0.333333333333,2.0,24591.0,0.0,1.0,21827.0,0.0,
Helen.Hardy,0.0,1.0,24591.0,0.0,1.0,30801.0,0.0,
Davis-Chaim,1.0,1.0,2386471.0,2.0,0.0,0.0,0.0,
Jordan.L.Davidson,1.0,1.0,2687731.0,3.0,0.0,0.0,0.0,
JAG0861,1.0,1.0,22725.0,0.0,0.0,0.0,0.0,
DKG0161,1.0,1.0,24150.0,0.0,0.0,0.0,0.0,
JMV1450,0.0,1.0,487537.0,1.0,1.0,38349.0,0.0,
XNC1338,0.0,1.0,31301.0,0.0,1.0,28383.0,0.0,
Cheryl_Vazquez,1.0,1.0,40819.0,0.0,0.0,0.0,0.0,
MDN9,1.0,2.0,25173.0,0.0,0.0,0.0,0.0,
May_Hayden,0.333333333333,2.0,30154.0,0.0,1.0,29231.0,0.0,
VAC7952,1.0,1.0,39042.0,0.0,0.0,0.0,0.0,
Jolie_Stafford,1.0,2.0,45121.0,0.0,0.0,0.0,0.0,
BRL1701,1.0,1.0,47814.0,0.0,0.0,0.0,0.0,
MEH0029,1.0,1.0,5347653.0,6.0,0.0,0.0,0.0,
NJK1732,0.0,1.0,26211.0,0.0,1.0,20379.0,0.0,
ANG0427,1.0,1.0,38952.0,0.0,0.0,0.0,0.0,
AJM0956,1.0,1.0,34626.0,0.0,0.0,0.0,0.0,
ATO0307,1.0,2.0,16395.0,0.0,0.0,0.0,0.0,
Bender-Leonard,1.0,2.0,22267.0,0.0,0.0,0.0,0.0,
August_Burns,1.0,4.0,1559736.5,1.75,0.0,0.0,0.0,
GCC1659,1.0,1.0,903113.0,2.0,0.0,0.0,0.0,
KNM0100,0.0,2.0,22130.0,0.0,2.0,426952.5,0.5,
Osborne_Daquan,1.0,2.0,27018.0,0.0,0.0,0.0,0.0,
Nichole.Mercer,0.0,1.0,38156.0,0.0,1.0,2382168.0,2.0,
Madden-Giacomo,1.0,1.0,35295.0,0.0,0.0,0.0,0.0,
KLM0941,1.0,2.0,47441.0,0.0,0.0,0.0,0.0,
Jaquelyn-Leach,1.0,1.0,25385.0,0.0,0.0,0.0,0.0,
SCH0670,1.0,1.0,31269.0,0.0,0.0,0.0,0.0,
Morgan-Ezekiel,1.0,1.0,22610.0,0.0,0.0,0.0,0.0,
HYA0368,1.0,1.0,23204.0,0.0,0.0,0.0,0.0,
BTV1433,1.0,1.0,61337.0,0.0,0.0,0.0,0.0,
Sage.L.Dalton,1.0,1.0,33713.0,0.0,0.0,0.0,0.0,
Cervantes-Sylvester,1.0,1.0,13566.0,0.0,0.0,0.0,0.0,
PCB0567,1.0,1.0,331985.0,1.0,0.0,0.0,0.0,
Good-Boris,1.0,1.0,299716.0,1.0,0.0,0.0,0.0,
Rowan_Carrillo,1.0,1.0,30127.0,0.0,0.0,0.0,0.0,
KRC0842,1.0,2.0,39559.0,0.0,0.0,0.0,0.0,
AGB0901,1.0,1.0,19430.0,0.0,0.0,0.0,0.0,
PWB1739,1.0,1.0,27577.0,0.0,0.0,0.0,0.0,
HQG0905,0.333333333333,2.0,25016.0,0.0,1.0,871811.0,1.0,
Deborah-Rodriguez,0.0,1.0,21497.0,0.0,1.0,21115.0,0.0,
Moana.G.Talley,1.0,1.0,430769.0,1.0,0.0,0.0,0.0,
TJO0663,0.0,1.0,55167.0,0.0,1.0,28143.0,0.0,
URB1668,0.0,1.0,24487.0,0.0,1.0,33819.0,0.0,
Harding.A.Lester,0.333333333333,2.0,35397.0,0.0,1.0,25602.0,0.0,
CAH341,1.0,1.0,34814.0,0.0,0.0,0.0,0.0,
Kylie_A_Daniels,1.0,1.0,32940.0,0.0,0.0,0.0,0.0,
Jolene.D.Combs,1.0,1.0,63921.0,0.0,0.0,0.0,0.0,
KGL0178,0.0,2.0,19395.0,0.0,2.0,1278697.0,1.0,
SKB1962,1.0,1.0,5735847.0,6.0,0.0,0.0,0.0,
UEH0944,0.0,1.0,2594271.0,2.0,1.0,36194.0,0.0,
Simpson_Hamilton,1.0,2.0,22510.0,0.0,0.0,0.0,0.0,
Lavinia_I_Ballard,1.0,2.0,52635.0,0.0,0.0,0.0,0.0,
MMR0390,0.0,1.0,3697499.0,2.0,1.0,29584.0,0.0,
AOC51,1.0,1.0,3069964.0,4.0,0.0,0.0,0.0,
XFK0050,0.333333333333,2.0,31191.0,0.0,1.0,3027966.0,3.0,
MKT1931,1.0,1.0,28299.0,0.0,0.0,0.0,0.0,
CAB0290,1.0,1.0,134238.0,1.0,0.0,0.0,0.0,
SJP1023,1.0,1.0,19251.0,0.0,0.0,0.0,0.0,
TTG0460,0.0,1.0,31547.0,0.0,1.0,17926.0,0.0,
Risa_Newman,1.0,2.0,35345.0,0.0,0.0,0.0,0.0,
Priscilla_Chang,1.0,1.0,35345.0,0.0,0.0,0.0,0.0,
Alfreda_Spencer,1.0,1.0,35345.0,0.0,0.0,0.0,0.0,
HFM665,1.0,1.0,35345.0,0.0,0.0,0.0,0.0,
IRC1877,1.0,2.0,31208.0,0.0,0.0,0.0,0.0,
King-William,0.333333333333,2.0,21803.0,0.0,1.0,1323627.0,1.0,
MJR0711,1.0,2.0,17943.0,0.0,0.0,0.0,0.0,
Faulkner_Joy,1.0,1.0,51318.0,0.0,0.0,0.0,0.0,
Nicole_Hubbard,1.0,1.0,1341168.0,1.0,0.0,0.0,0.0,
Sears-Quynn,1.0,2.0,39023.0,0.0,0.0,0.0,0.0,
FMP516,1.0,1.0,47046.0,0.0,0.0,0.0,0.0,
Yolanda_Hurley,1.0,1.0,827081.0,1.0,0.0,0.0,0.0,
NHA0054,1.0,1.0,25376.0,0.0,0.0,0.0,0.0,
Browning-Nicholas,1.0,1.0,27228.0,0.0,0.0,0.0,0.0,
Neve_Burton,1.0,2.0,26959.0,0.0,0.0,0.0,0.0,
Cameron-Blaine,1.0,1.0,25998.0,0.0,0.0,0.0,0.0,
Kaitlin.R.Craft,0.0,1.0,506060.0,1.0,1.0,756998.0,1.0,
EXB0090,1.0,1.0,1021614.0,3.0,0.0,0.0,0.0,
Stephanie_Conley,1.0,2.0,20445.0,0.0,0.0,0.0,0.0,
Fox-David,1.0,1.0,41079.0,0.0,0.0,0.0,0.0,
Cheryl.J.Ferguson,1.0,2.0,26394.0,0.0,0.0,0.0,0.0,
SKF1892,-1.0,0.0,0.0,0.0,1.0,21086.0,0.0,
HDW1779,-1.0,0.0,0.0,0.0,1568.0,622958.156888,0.670918367347,
Harlan.D.Wall,-1.0,0.0,0.0,0.0,1559.0,552747.128287,0.595894804362,
ACC7,-1.0,0.0,0.0,0.0,1.0,6538714.0,9.0,
RMV1820,-1.0,0.0,0.0,0.0,3.0,21622.0,0.0,
Herrod_Benton,-1.0,0.0,0.0,0.0,1.0,26064.0,0.0,
NBL1477,-1.0,0.0,0.0,0.0,1.0,26636.0,0.0,
CHW0919,-1.0,0.0,0.0,0.0,1.0,304932.0,1.0,
Drake-J-Harrell,-1.0,0.0,0.0,0.0,3.0,348753.333333,0.333333333333,
MOS0359,-1.0,0.0,0.0,0.0,1.0,16195.0,0.0,
MSS0799,-1.0,0.0,0.0,0.0,2.0,53882.0,0.0,
MMC1008,-1.0,0.0,0.0,0.0,1.0,32399.0,0.0,
FKH0864,-1.0,0.0,0.0,0.0,1.0,26294.0,0.0,
IQT2,-1.0,0.0,0.0,0.0,1.0,27823.0,0.0,
RMK1771,-1.0,0.0,0.0,0.0,2.0,975364.0,1.0,
RJM1,-1.0,0.0,0.0,0.0,1.0,486056.0,1.0,
BMC0650,-1.0,0.0,0.0,0.0,1.0,24403.0,0.0,
SIS0042,-1.0,0.0,0.0,0.0,1.0,24339.0,0.0,
Ava_V_Goff,-1.0,0.0,0.0,0.0,1.0,27906.0,0.0,
CWR2,-1.0,0.0,0.0,0.0,1.0,68141.0,0.0,
AKR0756,-1.0,0.0,0.0,0.0,1.0,26787.0,0.0,
SSN1130,-1.0,0.0,0.0,0.0,1.0,18942.0,0.0,
RCH1216,-1.0,0.0,0.0,0.0,1.0,19919.0,0.0,
GPS0321,-1.0,0.0,0.0,0.0,1.0,19746.0,0.0,
Dominique_Merritt,-1.0,0.0,0.0,0.0,1.0,25265.0,0.0,
PKS1187,-1.0,0.0,0.0,0.0,1.0,29789.0,0.0,
ASH0298,-1.0,0.0,0.0,0.0,1.0,21875.0,0.0,
BBM0588,-1.0,0.0,0.0,0.0,2.0,58285.5,0.5,
LRW1079,-1.0,0.0,0.0,0.0,1.0,2017784.0,2.0,
GDC0055,-1.0,0.0,0.0,0.0,1.0,1896805.0,1.0,
EJG1445,-1.0,0.0,0.0,0.0,1.0,31216.0,0.0,
VFA1284,-1.0,0.0,0.0,0.0,1.0,64170.0,0.0,
Dillon-Shad,-1.0,0.0,0.0,0.0,1.0,36266.0,0.0,
DMW1849,-1.0,0.0,0.0,0.0,1.0,5882507.0,4.0,
KIC0438,-1.0,0.0,0.0,0.0,3.0,876830.333333,1.33333333333,
Zorita_Mullins,-1.0,0.0,0.0,0.0,1.0,1580844.0,2.0,
HJS0909,-1.0,0.0,0.0,0.0,1.0,811008.0,1.0,
MGC0646,-1.0,0.0,0.0,0.0,2.0,33912.0,0.0,
NOB1015,-1.0,0.0,0.0,0.0,1.0,964125.0,1.0,
Colton-Rush,-1.0,0.0,0.0,0.0,1.0,918890.0,2.0,
DNW0899,-1.0,0.0,0.0,0.0,2.0,28368.5,0.0,
DAH1996,-1.0,0.0,0.0,0.0,1.0,20688.0,0.0,
JLC0742,-1.0,0.0,0.0,0.0,2.0,938614.0,1.5,
CWC0006,-1.0,0.0,0.0,0.0,1.0,28443.0,0.0,
Allegra_Buckner,-1.0,0.0,0.0,0.0,1.0,22213.0,0.0,
Camacho-Aidan,-1.0,0.0,0.0,0.0,1.0,39520.0,0.0,
YBH0948,-1.0,0.0,0.0,0.0,1.0,1105077.0,2.0,
CTK0406,-1.0,0.0,0.0,0.0,1.0,17178.0,0.0,
Pennington-Rigel,-1.0,0.0,0.0,0.0,1.0,23935.0,0.0,
CKW0915,-1.0,0.0,0.0,0.0,1.0,968910.0,1.0,
YKW1943,-1.0,0.0,0.0,0.0,1.0,26365.0,0.0,
STH0135,-1.0,0.0,0.0,0.0,1.0,24111.0,0.0,
STW0237,-1.0,0.0,0.0,0.0,2.0,760614.0,1.0,
CCW5426,-1.0,0.0,0.0,0.0,2.0,1005496.5,1.0,
Hedy_Estrada,-1.0,0.0,0.0,0.0,1.0,22643.0,0.0,
DJH0253,-1.0,0.0,0.0,0.0,1.0,23254.0,0.0,
HRC0776,-1.0,0.0,0.0,0.0,1.0,45294.0,0.0,
LIB1125,-1.0,0.0,0.0,0.0,1.0,43079.0,0.0,
NJB0011,-1.0,0.0,0.0,0.0,2.0,29702.5,0.0,
HUM0973,-1.0,0.0,0.0,0.0,1.0,18725.0,0.0,
ABM0890,-1.0,0.0,0.0,0.0,1.0,31437.0,0.0,
JJS3662,-1.0,0.0,0.0,0.0,1.0,22041.0,0.0,
TCF0559,-1.0,0.0,0.0,0.0,1.0,1851778.0,1.0,
BWW0751,-1.0,0.0,0.0,0.0,1.0,20445.0,0.0,
BTR1410,-1.0,0.0,0.0,0.0,1.0,25270.0,0.0,
Reynolds-Maxwell,-1.0,0.0,0.0,0.0,1.0,1163315.0,2.0,
RFC1991,-1.0,0.0,0.0,0.0,1.0,28543.0,0.0,
AOH86,-1.0,0.0,0.0,0.0,1.0,34771.0,0.0,
FYC0060,-1.0,0.0,0.0,0.0,1.0,1247857.0,2.0,
CKH0316,-1.0,0.0,0.0,0.0,1.0,1576554.0,1.0,
GTN1021,-1.0,0.0,0.0,0.0,1.0,37818.0,0.0,
CPW1,-1.0,0.0,0.0,0.0,1.0,974938.0,1.0,
MFM1400,-1.0,0.0,0.0,0.0,2.0,42708.5,0.0,
CBP0507,-1.0,0.0,0.0,0.0,1.0,616123.0,1.0,
ORB0455,-1.0,0.0,0.0,0.0,1.0,20535.0,0.0,
Ignacia_Strickland,-1.0,0.0,0.0,0.0,1.0,34029.0,0.0,
CNM1208,-1.0,0.0,0.0,0.0,1.0,24037.0,0.0,
PEM0277,-1.0,0.0,0.0,0.0,1.0,1319755.0,1.0,
Gay.I.Cash,-1.0,0.0,0.0,0.0,1.0,18243.0,0.0,
HBF1179,-1.0,0.0,0.0,0.0,1.0,26097.0,0.0,
Liberty_Buchanan,-1.0,0.0,0.0,0.0,1.0,29303.0,0.0,
JDR0004,-1.0,0.0,0.0,0.0,1.0,788007.0,1.0,
HIK0425,-1.0,0.0,0.0,0.0,1.0,196781.0,1.0,
MAF0293,-1.0,0.0,0.0,0.0,1.0,42899.0,0.0,
AJH0724,-1.0,0.0,0.0,0.0,2.0,32899.0,0.0,
AEC1085,-1.0,0.0,0.0,0.0,1.0,33813.0,0.0,
Oliver-Declan,-1.0,0.0,0.0,0.0,1.0,25189.0,0.0,
MAG0780,-1.0,0.0,0.0,0.0,1.0,1375484.0,3.0,
RBA1723,-1.0,0.0,0.0,0.0,1.0,696779.0,2.0,
AJH169,-1.0,0.0,0.0,0.0,1.0,34530.0,0.0,
TDC1086,-1.0,0.0,0.0,0.0,1.0,422779.0,1.0,
MWC0761,-1.0,0.0,0.0,0.0,1.0,19455.0,0.0,
Burke_Hendrix,-1.0,0.0,0.0,0.0,1.0,34581.0,0.0,
TCA1183,-1.0,0.0,0.0,0.0,2.0,33300.0,0.0,
RAB0251,-1.0,0.0,0.0,0.0,1.0,860336.0,1.0,
NJD1644,-1.0,0.0,0.0,0.0,1.0,31719.0,0.0,
Robin_Bright,-1.0,0.0,0.0,0.0,1.0,32110.0,0.0,
JMA215,-1.0,0.0,0.0,0.0,1.0,70313.0,0.0,
IKB0691,-1.0,0.0,0.0,0.0,1.0,44989.0,0.0,
KHT0739,-1.0,0.0,0.0,0.0,1.0,180786.0,1.0,
ICH1810,-1.0,0.0,0.0,0.0,1.0,1343724.0,1.0,
HBW0683,-1.0,0.0,0.0,0.0,2.0,494962.0,0.5,
JAR1708,-1.0,0.0,0.0,0.0,3.0,27825.3333333,0.0,
TLW1555,-1.0,0.0,0.0,0.0,1.0,30100.0,0.0,
FCB1141,-1.0,0.0,0.0,0.0,1.0,23511.0,0.0,
MGT0898,-1.0,0.0,0.0,0.0,2.0,26454.0,0.0,
PCK0271,-1.0,0.0,0.0,0.0,1.0,17982.0,0.0,
CHP1711,-1.0,0.0,0.0,0.0,1.0,2137912.0,2.0,
Ulla_Taylor,-1.0,0.0,0.0,0.0,1.0,19865.0,0.0,
GBV0440,-1.0,0.0,0.0,0.0,1.0,311906.0,2.0,
Vance-Linus,-1.0,0.0,0.0,0.0,1.0,31375.0,0.0,
CRB0648,-1.0,0.0,0.0,0.0,1.0,36353.0,0.0,
BKL76,-1.0,0.0,0.0,0.0,2.0,40313.5,0.0,
GPS0970,-1.0,0.0,0.0,0.0,1.0,26420.0,0.0,
CBD1128,-1.0,0.0,0.0,0.0,1.0,24278.0,0.0,
SLZ0276,-1.0,0.0,0.0,0.0,1.0,24296.0,0.0,
MAE0515,-1.0,0.0,0.0,0.0,2.0,1627590.5,2.0,
Shellie_Levine,-1.0,0.0,0.0,0.0,1.0,1130494.0,1.0,
KBL1728,-1.0,0.0,0.0,0.0,1.0,47641.0,0.0,
RWJ1403,-1.0,0.0,0.0,0.0,1.0,1067774.0,1.0,
Butler-Asher,-1.0,0.0,0.0,0.0,1.0,34500.0,0.0,
AHD0590,-1.0,0.0,0.0,0.0,1.0,35358.0,0.0,
RDC0128,-1.0,0.0,0.0,0.0,2.0,40059.5,0.0,
RUM147,-1.0,0.0,0.0,0.0,1.0,25462.0,0.0,
Mathews_Emerson,-1.0,0.0,0.0,0.0,1.0,2250026.0,3.0,
SME1271,-1.0,0.0,0.0,0.0,1.0,3686211.0,3.0,
Jacobson-Herman,-1.0,0.0,0.0,0.0,1.0,16624.0,0.0,
BTG1551,-1.0,0.0,0.0,0.0,1.0,14951.0,0.0,
MZO1066,-1.0,0.0,0.0,0.0,1.0,37617.0,0.0,
FCG0693,-1.0,0.0,0.0,0.0,1.0,39561.0,0.0,
WMS1274,-1.0,0.0,0.0,0.0,1.0,25169.0,0.0,
Roary_K_Mcintyre,-1.0,0.0,0.0,0.0,1.0,1637949.0,1.0,
RAR0875,-1.0,0.0,0.0,0.0,1.0,22916.0,0.0,
DLW2264,-1.0,0.0,0.0,0.0,1.0,47399.0,0.0,
MCW0505,-1.0,0.0,0.0,0.0,1.0,40029.0,0.0,
DIB1946,-1.0,0.0,0.0,0.0,2.0,25777.0,0.0,
ALN0182,-1.0,0.0,0.0,0.0,2.0,1168430.5,1.0,
ANR0502,-1.0,0.0,0.0,0.0,1.0,1691676.0,2.0,
CCK1540,-1.0,0.0,0.0,0.0,1.0,15503.0,0.0,
Garrison-Hollee,-1.0,0.0,0.0,0.0,1.0,29765.0,0.0,
NAB1673,-1.0,0.0,0.0,0.0,1.0,17885.0,0.0,
OHA1516,-1.0,0.0,0.0,0.0,1.0,37017.0,0.0,
BMG1070,-1.0,0.0,0.0,0.0,1.0,31640.0,0.0,
NMF1088,-1.0,0.0,0.0,0.0,1.0,23867.0,0.0,
JGB487,-1.0,0.0,0.0,0.0,1.0,36879.0,0.0,
DLW5425,-1.0,0.0,0.0,0.0,1.0,5138851.0,6.0,
Hannah_A_Ellison,-1.0,0.0,0.0,0.0,1.0,22861.0,0.0,
ELM1123,-1.0,0.0,0.0,0.0,1.0,620483.0,1.0,
Case-Thomas,-1.0,0.0,0.0,0.0,2.0,20562.0,0.0,
KCM0402,-1.0,0.0,0.0,0.0,2.0,20214.5,0.0,
MCS0242,-1.0,0.0,0.0,0.0,1.0,21015.0,0.0,
Chavez-Sylvester,-1.0,0.0,0.0,0.0,1.0,24731.0,0.0,
DCA0857,-1.0,0.0,0.0,0.0,1.0,20041.0,0.0,
SVF1858,-1.0,0.0,0.0,0.0,2.0,28415.5,0.0,
CRM0907,-1.0,0.0,0.0,0.0,2.0,1541464.0,1.5,
KTS0058,-1.0,0.0,0.0,0.0,2.0,1035636.5,0.5,
TLM0421,-1.0,0.0,0.0,0.0,1.0,23217.0,0.0,
MXM0184,-1.0,0.0,0.0,0.0,1.0,25454.0,0.0,
Charity_L_Lowe,-1.0,0.0,0.0,0.0,1.0,21478.0,0.0,
HAL1933,-1.0,0.0,0.0,0.0,1.0,41824.0,0.0,
KAG0566,-1.0,0.0,0.0,0.0,1.0,22224.0,0.0,
XDM0723,-1.0,0.0,0.0,0.0,1.0,38366.0,0.0,
EPJ0445,-1.0,0.0,0.0,0.0,1.0,25052.0,0.0,
EMM0393,-1.0,0.0,0.0,0.0,1.0,37933.0,0.0,
KOG1386,-1.0,0.0,0.0,0.0,1.0,27442.0,0.0,
TDH1351,-1.0,0.0,0.0,0.0,2.0,34628.5,0.0,
DPL1307,-1.0,0.0,0.0,0.0,1.0,26095.0,0.0,
SHC1499,-1.0,0.0,0.0,0.0,1.0,997598.0,1.0,
Mcdonald_MacKensie,-1.0,0.0,0.0,0.0,1.0,45927.0,0.0,
EBW0553,-1.0,0.0,0.0,0.0,1.0,43372.0,0.0,
JJM0234,-1.0,0.0,0.0,0.0,1.0,21527.0,0.0,
DEB0727,-1.0,0.0,0.0,0.0,1.0,17129.0,0.0,
BAT1359,-1.0,0.0,0.0,0.0,1.0,45410.0,0.0,
IIM0781,-1.0,0.0,0.0,0.0,1.0,29959.0,0.0,
EBG1553,-1.0,0.0,0.0,0.0,1.0,39053.0,0.0,
Gretchen.M.Ramos,-1.0,0.0,0.0,0.0,1.0,30984.0,0.0,
RZB7613,-1.0,0.0,0.0,0.0,1.0,27608.0,0.0,
AKM1759,-1.0,0.0,0.0,0.0,1.0,25670.0,0.0,
MPK1844,-1.0,0.0,0.0,0.0,1.0,33430.0,0.0,
PAA0121,-1.0,0.0,0.0,0.0,1.0,48337.0,0.0,
DOT0144,-1.0,0.0,0.0,0.0,1.0,18883.0,0.0,
APR1168,-1.0,0.0,0.0,0.0,1.0,2937607.0,2.0,
KJM0889,-1.0,0.0,0.0,0.0,1.0,43656.0,0.0,
Marcia_G_Mendoza,-1.0,0.0,0.0,0.0,1.0,27276.0,0.0,
JJL1722,-1.0,0.0,0.0,0.0,1.0,32546.0,0.0,
Eaton-Addison,-1.0,0.0,0.0,0.0,1.0,38283.0,0.0,
Alma_S_Carpenter,-1.0,0.0,0.0,0.0,2.0,24460.5,0.0,
CKD0967,-1.0,0.0,0.0,0.0,1.0,27492.0,0.0,
GRB1842,-1.0,0.0,0.0,0.0,1.0,1173796.0,1.0,
CGS0647,-1.0,0.0,0.0,0.0,2.0,718978.5,0.5,
Rebekah_Santos,-1.0,0.0,0.0,0.0,1.0,17661.0,0.0,
KCG1615,-1.0,0.0,0.0,0.0,1.0,28279.0,0.0,
KWM0365,-1.0,0.0,0.0,0.0,1.0,32572.0,0.0,
HBF0022,-1.0,0.0,0.0,0.0,1.0,34121.0,0.0,
OFM0341,-1.0,0.0,0.0,0.0,1.0,36276.0,0.0,
MOB1071,-1.0,0.0,0.0,0.0,1.0,23055.0,0.0,
HLH9961,-1.0,0.0,0.0,0.0,1.0,32627.0,0.0,
SDF1,-1.0,0.0,0.0,0.0,1.0,600343.0,1.0,
Cleo_Nash,-1.0,0.0,0.0,0.0,1.0,17065.0,0.0,
ISW0738,-1.0,0.0,0.0,0.0,1.0,451110.0,1.0,
GEM0462,-1.0,0.0,0.0,0.0,1.0,32731.0,0.0,
Quin_W_Peck,-1.0,0.0,0.0,0.0,1.0,4305654.0,6.0,
Renee_Alvarado,-1.0,0.0,0.0,0.0,1.0,42242.0,0.0,
JBC1885,-1.0,0.0,0.0,0.0,2.0,28373.5,0.0,
SRM1184,-1.0,0.0,0.0,0.0,1.0,21802.0,0.0,
Rosalyn_Witt,-1.0,0.0,0.0,0.0,1.0,426421.0,2.0,
LTB1,-1.0,0.0,0.0,0.0,2.0,29176.0,0.0,
Camden-Powell,-1.0,0.0,0.0,0.0,1.0,512068.0,1.0,
Scarlet_Harvey,-1.0,0.0,0.0,0.0,1.0,21712.0,0.0,
CPS1512,-1.0,0.0,0.0,0.0,4.0,1442642.0,1.5,
MKH0260,-1.0,0.0,0.0,0.0,1.0,31352.0,0.0,
YDM1822,-1.0,0.0,0.0,0.0,1.0,22367.0,0.0,
WDS1286,-1.0,0.0,0.0,0.0,4.0,241200.0,0.25,
GLC1878,-1.0,0.0,0.0,0.0,2.0,27616.0,0.0,
MHS1277,-1.0,0.0,0.0,0.0,1.0,41291.0,0.0,
DOS0777,-1.0,0.0,0.0,0.0,1.0,26743.0,0.0,
TAJ0023,-1.0,0.0,0.0,0.0,1.0,39674.0,0.0,
SSS1129,-1.0,0.0,0.0,0.0,3.0,233092.333333,0.333333333333,
DCS0636,-1.0,0.0,0.0,0.0,1.0,35060.0,0.0,
SFS1109,-1.0,0.0,0.0,0.0,1.0,41867.0,0.0,
CCP1491,-1.0,0.0,0.0,0.0,1.0,508877.0,1.0,
Rashad.A.Bowman,-1.0,0.0,0.0,0.0,1.0,49581.0,0.0,
MBK1726,-1.0,0.0,0.0,0.0,1.0,28642.0,0.0,
LPS1875,-1.0,0.0,0.0,0.0,1.0,1065568.0,2.0,
KRC1348,-1.0,0.0,0.0,0.0,1.0,26974.0,0.0,
CGV855,-1.0,0.0,0.0,0.0,1.0,24357.0,0.0,
TKP1186,-1.0,0.0,0.0,0.0,2.0,34886.5,0.0,
Isaac_T_Vasquez,-1.0,0.0,0.0,0.0,1.0,18345.0,0.0,
TMT1509,-1.0,0.0,0.0,0.0,1.0,30358.0,0.0,
SSG0726,-1.0,0.0,0.0,0.0,1.0,24915.0,0.0,
Dominguez-Brennan,-1.0,0.0,0.0,0.0,1.0,35347.0,0.0,
VBK0007,-1.0,0.0,0.0,0.0,1.0,35458.0,0.0,
KMN0028,-1.0,0.0,0.0,0.0,1.0,25767.0,0.0,
KHH1556,-1.0,0.0,0.0,0.0,1.0,36498.0,0.0,
Phoebe_E_Mcdowell,-1.0,0.0,0.0,0.0,1.0,630874.0,2.0,
EBA76,-1.0,0.0,0.0,0.0,1.0,23523.0,0.0,
Karyn_Wynn,-1.0,0.0,0.0,0.0,1.0,42423.0,0.0,
GRS1214,-1.0,0.0,0.0,0.0,2.0,32855.0,0.0,
Althea_S_Hobbs,-1.0,0.0,0.0,0.0,1.0,50427.0,0.0,
GGM1629,-1.0,0.0,0.0,0.0,2.0,34529.5,0.0,
WRH0868,-1.0,0.0,0.0,0.0,1.0,30077.0,0.0,
BMR0343,-1.0,0.0,0.0,0.0,1.0,31613.0,0.0,
DLH0679,-1.0,0.0,0.0,0.0,1.0,30694.0,0.0,
Tamekah_Morrow,-1.0,0.0,0.0,0.0,1.0,32374.0,0.0,
Alana_Nielsen,-1.0,0.0,0.0,0.0,1.0,3103970.0,2.0,
Miranda_Slater,-1.0,0.0,0.0,0.0,1.0,29694.0,1.0,
SWC1392,-1.0,0.0,0.0,0.0,1.0,23666.0,0.0,
JAC0457,-1.0,0.0,0.0,0.0,1.0,166840.0,1.0,
Michelle_Clemons,-1.0,0.0,0.0,0.0,1.0,24680.0,0.0,
DAD1438,-1.0,0.0,0.0,0.0,1.0,1480208.0,2.0,
SCB0187,-1.0,0.0,0.0,0.0,1.0,43661.0,0.0,
Stevenson-Dean,-1.0,0.0,0.0,0.0,1.0,41109.0,0.0,
LSF1709,-1.0,0.0,0.0,0.0,1.0,18239.0,0.0,
IJM1276,-1.0,0.0,0.0,0.0,1.0,457476.0,1.0,
TMC392,-1.0,0.0,0.0,0.0,1.0,2053190.0,1.0,
MAM1293,-1.0,0.0,0.0,0.0,1.0,23411.0,0.0,
Rudyard_T_Hess,-1.0,0.0,0.0,0.0,1.0,1205089.0,1.0,
BTD0296,-1.0,0.0,0.0,0.0,1.0,23878.0,0.0,
Compton_Ursula,-1.0,0.0,0.0,0.0,1.0,1571843.0,2.0,
WCR1830,-1.0,0.0,0.0,0.0,3.0,33974.0,0.0,
NJV1818,-1.0,0.0,0.0,0.0,1.0,25750.0,0.0,
Sanders-Jonathan,-1.0,0.0,0.0,0.0,2.0,459492.5,1.0,
HHD1606,-1.0,0.0,0.0,0.0,2.0,24148.0,0.0,
MAF4,-1.0,0.0,0.0,0.0,1.0,30945.0,0.0,
CBH1635,-1.0,0.0,0.0,0.0,1.0,144068.0,1.0,
TCL0855,-1.0,0.0,0.0,0.0,1.0,387799.0,1.0,
Gilliam-Cameron,-1.0,0.0,0.0,0.0,1.0,93502.0,1.0,
Charde.L.Farmer,-1.0,0.0,0.0,0.0,1.0,29060.0,0.0,
GGM1604,-1.0,0.0,0.0,0.0,1.0,23078.0,0.0,
Leonard_Angela,-1.0,0.0,0.0,0.0,1.0,26373.0,0.0,
Cora_T_Kelly,-1.0,0.0,0.0,0.0,2.0,852760.0,0.5,
Horton-Zephania,-1.0,0.0,0.0,0.0,1.0,35938.0,0.0,
PTD234,-1.0,0.0,0.0,0.0,1.0,45058.0,0.0,
EMM0641,-1.0,0.0,0.0,0.0,1.0,23206.0,0.0,
Hilary_Frank,-1.0,0.0,0.0,0.0,1.0,1092988.0,1.0,
Abra_M_Campos,-1.0,0.0,0.0,0.0,1.0,57474.0,0.0,
BHP1872,-1.0,0.0,0.0,0.0,1.0,26383.0,0.0,
LRB0568,-1.0,0.0,0.0,0.0,1.0,29252.0,0.0,
TDR1930,-1.0,0.0,0.0,0.0,1.0,19002.0,0.0,
BHB733,-1.0,0.0,0.0,0.0,1.0,22135.0,0.0,
DAR0139,-1.0,0.0,0.0,0.0,1.0,15384.0,0.0,
WMS0486,-1.0,0.0,0.0,0.0,1.0,26131.0,0.0,
HGG0166,-1.0,0.0,0.0,0.0,2.0,46790.0,0.0,
WDT1754,-1.0,0.0,0.0,0.0,1.0,19652.0,0.0,
MQS0196,-1.0,0.0,0.0,0.0,3.0,19795.6666667,0.0,
DJP73,-1.0,0.0,0.0,0.0,1.0,9436320.0,9.0,
Roary_A_Harmon,-1.0,0.0,0.0,0.0,1.0,1540778.0,1.0,
HCV0286,-1.0,0.0,0.0,0.0,1.0,1565330.0,1.0,
ZWS0755,-1.0,0.0,0.0,0.0,1.0,31829.0,0.0,
BCC1597,-1.0,0.0,0.0,0.0,1.0,20621.0,0.0,
HEB7,-1.0,0.0,0.0,0.0,1.0,29203.0,0.0,
BHM1707,-1.0,0.0,0.0,0.0,1.0,8534.0,0.0,
XAW0912,-1.0,0.0,0.0,0.0,1.0,30700.0,0.0,
MML0631,-1.0,0.0,0.0,0.0,1.0,31303.0,0.0,
LKC0405,-1.0,0.0,0.0,0.0,1.0,2270419.0,2.0,
IPF0550,-1.0,0.0,0.0,0.0,1.0,41418.0,0.0,
JJH0862,-1.0,0.0,0.0,0.0,1.0,28143.0,0.0,
ZAR0235,-1.0,0.0,0.0,0.0,1.0,53827.0,0.0,
DDM1065,-1.0,0.0,0.0,0.0,1.0,28647.0,0.0,
DEB1767,-1.0,0.0,0.0,0.0,1.0,40248.0,0.0,
MJK78,-1.0,0.0,0.0,0.0,1.0,2008497.0,2.0,
DPC1618,-1.0,0.0,0.0,0.0,1.0,22426.0,0.0,
Petersen-Benjamin,-1.0,0.0,0.0,0.0,1.0,24457.0,0.0,
NJC0003,-1.0,0.0,0.0,0.0,2.0,34232.0,0.0,
TBH1514,-1.0,0.0,0.0,0.0,1.0,35282.0,0.0,
Ila.Roman,-1.0,0.0,0.0,0.0,1.0,7559097.0,6.0,
MTH67,-1.0,0.0,0.0,0.0,1.0,31644.0,0.0,
EZB0925,-1.0,0.0,0.0,0.0,1.0,39443.0,0.0,
FMH1018,-1.0,0.0,0.0,0.0,1.0,24419.0,0.0,
QRF0039,-1.0,0.0,0.0,0.0,1.0,28360.0,0.0,
LBL0578,-1.0,0.0,0.0,0.0,1.0,28514.0,0.0,
CBN45,-1.0,0.0,0.0,0.0,1.0,38875.0,0.0,
BGM0233,-1.0,0.0,0.0,0.0,2.0,39979.5,0.0,
EJV0094,-1.0,0.0,0.0,0.0,1.0,34923.0,0.0,
GCH0470,-1.0,0.0,0.0,0.0,1.0,22412.0,0.0,
ARL6,-1.0,0.0,0.0,0.0,1.0,39675.0,0.0,
Garrett.C.Wheeler,-1.0,0.0,0.0,0.0,1.0,22262.0,0.0,
TRP0892,-1.0,0.0,0.0,0.0,1.0,18827.0,0.0,
Frank-Brennan,-1.0,0.0,0.0,0.0,1.0,1408528.0,2.0,
BNE1140,-1.0,0.0,0.0,0.0,1.0,1604705.0,2.0,
RMV674,-1.0,0.0,0.0,0.0,1.0,32263.0,0.0,
XAO1684,-1.0,0.0,0.0,0.0,1.0,19906.0,0.0,
CTK0037,-1.0,0.0,0.0,0.0,1.0,125173.0,1.0,
ARD0538,-1.0,0.0,0.0,0.0,1.0,28820.0,0.0,
TUJ1007,-1.0,0.0,0.0,0.0,1.0,13146.0,0.0,
KAM0645,-1.0,0.0,0.0,0.0,1.0,31786.0,0.0,
UBG1493,-1.0,0.0,0.0,0.0,1.0,31389.0,0.0,
Evelyn_M_Mosley,-1.0,0.0,0.0,0.0,1.0,1305150.0,1.0,
Ward_Chastity,-1.0,0.0,0.0,0.0,1.0,26694.0,0.0,
KEG1006,-1.0,0.0,0.0,0.0,1.0,2182900.0,1.0,
KAH1977,-1.0,0.0,0.0,0.0,1.0,1058407.0,1.0,
OWS0279,-1.0,0.0,0.0,0.0,1.0,40868.0,0.0,
Quinn-Stephenson,-1.0,0.0,0.0,0.0,1.0,20665.0,0.0,
VBK4,-1.0,0.0,0.0,0.0,1.0,35203.0,0.0,
BAG995,-1.0,0.0,0.0,0.0,1.0,20559.0,0.0,
DCB0446,-1.0,0.0,0.0,0.0,1.0,17721.0,0.0,
Jayme_Mcguire,-1.0,0.0,0.0,0.0,1.0,42774.0,0.0,
LKM0230,-1.0,0.0,0.0,0.0,2.0,35771.5,0.0,
GCG1753,-1.0,0.0,0.0,0.0,1.0,49596.0,0.0,
Rae_Henry,-1.0,0.0,0.0,0.0,1.0,932883.0,1.0,
JSA0468,-1.0,0.0,0.0,0.0,1.0,287559.0,1.0,
CDD1124,-1.0,0.0,0.0,0.0,1.0,30237.0,0.0,
Tanya.D.Harrington,-1.0,0.0,0.0,0.0,1.0,31115.0,0.0,
Shoshana_Estrada,-1.0,0.0,0.0,0.0,1.0,38794.0,0.0,
KCM0466,-1.0,0.0,0.0,0.0,1.0,21285.0,0.0,
LJL1891,-1.0,0.0,0.0,0.0,1.0,24685.0,0.0,
Hanae_Thomas,-1.0,0.0,0.0,0.0,1.0,23755.0,0.0,
CEM1385,-1.0,0.0,0.0,0.0,1.0,485298.0,1.0,
JPW0533,-1.0,0.0,0.0,0.0,1.0,28872.0,0.0,
JGB1393,-1.0,0.0,0.0,0.0,1.0,28697.0,0.0,
TFS2,-1.0,0.0,0.0,0.0,2.0,34643.0,0.0,
Yoshi.N.Obrien,-1.0,0.0,0.0,0.0,1.0,32363.0,0.0,
MNM1948,-1.0,0.0,0.0,0.0,1.0,18584.0,0.0,
CTP0071,-1.0,0.0,0.0,0.0,1.0,644150.0,1.0,
VLV0933,-1.0,0.0,0.0,0.0,1.0,15683.0,0.0,
AOC1283,-1.0,0.0,0.0,0.0,1.0,7089687.0,6.0,
HPC1404,-1.0,0.0,0.0,0.0,1.0,41883.0,0.0,
Long-Kenyon,-1.0,0.0,0.0,0.0,1.0,21703.0,0.0,
Donna_Black,-1.0,0.0,0.0,0.0,1.0,18641.0,0.0,
BCL0231,-1.0,0.0,0.0,0.0,1.0,53303.0,0.0,
CHS1238,-1.0,0.0,0.0,0.0,1.0,1196916.0,1.0,
AAW0914,-1.0,0.0,0.0,0.0,1.0,66376.0,0.0,
Bree_Mcclure,-1.0,0.0,0.0,0.0,1.0,62934.0,0.0,
Belle_Frost,-1.0,0.0,0.0,0.0,1.0,21540.0,0.0,
DRM0443,-1.0,0.0,0.0,0.0,1.0,32293.0,0.0,
EAP21,-1.0,0.0,0.0,0.0,1.0,29565.0,0.0,
Kitra_H_Hunter,-1.0,0.0,0.0,0.0,1.0,30831.0,0.0,
HFC0248,-1.0,0.0,0.0,0.0,2.0,26652.5,0.0,
KVV0871,-1.0,0.0,0.0,0.0,1.0,22340.0,0.0,
DQR33,-1.0,0.0,0.0,0.0,1.0,18892.0,0.0,
JLM0422,-1.0,0.0,0.0,0.0,1.0,30479.0,0.0,
Sullivan-Jackson,-1.0,0.0,0.0,0.0,1.0,34478.0,0.0,
JCM0580,-1.0,0.0,0.0,0.0,1.0,36067.0,0.0,
NJP0665,-1.0,0.0,0.0,0.0,1.0,34100.0,0.0,
MAP0424,-1.0,0.0,0.0,0.0,1.0,907205.0,1.0,
SLC1391,-1.0,0.0,0.0,0.0,1.0,19134.0,0.0,
ABL58,-1.0,0.0,0.0,0.0,1.0,25543.0,0.0,
YNO0103,-1.0,0.0,0.0,0.0,1.0,1084818.0,1.0,
LHP0320,-1.0,0.0,0.0,0.0,1.0,1981614.0,1.0,
NRH1383,-1.0,0.0,0.0,0.0,1.0,31406.0,0.0,
NMP1003,-1.0,0.0,0.0,0.0,1.0,26704.0,0.0,
AWB1661,-1.0,0.0,0.0,0.0,2.0,35967.5,0.0,
Olympia.N.Bonner,-1.0,0.0,0.0,0.0,1.0,26432.0,0.0,
DVM1290,-1.0,0.0,0.0,0.0,1.0,27281.0,0.0,
RJW0348,-1.0,0.0,0.0,0.0,1.0,20962.0,0.0,
Delacruz-Harding,-1.0,0.0,0.0,0.0,1.0,48459.0,0.0,
OFS0030,-1.0,0.0,0.0,0.0,1.0,33410.0,0.0,
JOR1221,-1.0,0.0,0.0,0.0,1.0,33078.0,0.0,
HKW1995,-1.0,0.0,0.0,0.0,1.0,17936.0,0.0,
HAD0702,-1.0,0.0,0.0,0.0,1.0,1060062.0,1.0,
Blevins-Christian,-1.0,0.0,0.0,0.0,1.0,24809.0,0.0,
WLP0123,-1.0,0.0,0.0,0.0,1.0,28917.0,0.0,
BCB5,-1.0,0.0,0.0,0.0,1.0,5740501.0,4.0,
Simon-Daquan,-1.0,0.0,0.0,0.0,1.0,30851.0,0.0,
Kelsey.O.Giles,-1.0,0.0,0.0,0.0,1.0,16872.0,0.0,
MLC0141,-1.0,0.0,0.0,0.0,1.0,17814.0,0.0,
FRM0010,-1.0,0.0,0.0,0.0,1.0,19964.0,0.0,
JJS0013,-1.0,0.0,0.0,0.0,1.0,29395.0,0.0,
GCD0863,-1.0,0.0,0.0,0.0,1.0,19008.0,0.0,
CYG0522,-1.0,0.0,0.0,0.0,1.0,46408.0,0.0,
GXM19,-1.0,0.0,0.0,0.0,1.0,3839892.0,7.0,
FRS0694,-1.0,0.0,0.0,0.0,1.0,29953.0,0.0,
YWF1562,-1.0,0.0,0.0,0.0,1.0,2722726.0,3.0,
JDC0326,-1.0,0.0,0.0,0.0,1.0,2034819.0,1.0,
QEL1515,-1.0,0.0,0.0,0.0,1.0,38047.0,0.0,
RLM1578,-1.0,0.0,0.0,0.0,1.0,20437.0,0.0,
ARM0333,-1.0,0.0,0.0,0.0,1.0,1433312.0,1.0,
Robles_Marcia,-1.0,0.0,0.0,0.0,1.0,31518.0,0.0,
HRE0297,-1.0,0.0,0.0,0.0,1.0,1983380.0,3.0,
Finley-Lynn,-1.0,0.0,0.0,0.0,1.0,29512.0,0.0,
CSW1165,-1.0,0.0,0.0,0.0,1.0,28304.0,0.0,
LKM19,-1.0,0.0,0.0,0.0,1.0,24661.0,0.0,
AMG1628,-1.0,0.0,0.0,0.0,1.0,394269.0,1.0,
Lane-Steven,-1.0,0.0,0.0,0.0,1.0,23369.0,0.0,
JCK0692,-1.0,0.0,0.0,0.0,1.0,23063.0,0.0,
RHB1193,-1.0,0.0,0.0,0.0,1.0,46001.0,0.0,
Nichole_Conner,-1.0,0.0,0.0,0.0,1.0,34118.0,0.0,
CPL0439,-1.0,0.0,0.0,0.0,2.0,26611.0,0.0,
JUW1135,-1.0,0.0,0.0,0.0,1.0,23211.0,0.0,
HNJ0638,-1.0,0.0,0.0,0.0,1.0,46958.0,0.0,
NZL1395,-1.0,0.0,0.0,0.0,1.0,17927.0,0.0,
NIM1203,-1.0,0.0,0.0,0.0,1.0,36126.0,0.0,
TAL1665,-1.0,0.0,0.0,0.0,1.0,32107.0,0.0,
LPL0420,-1.0,0.0,0.0,0.0,1.0,27860.0,0.0,
Whitney_M_Santos,-1.0,0.0,0.0,0.0,1.0,43496.0,0.0,
Blair_Elvis,-1.0,0.0,0.0,0.0,2.0,2455032.5,3.5,
DPN1990,-1.0,0.0,0.0,0.0,1.0,2379469.0,2.0,
GPS29,-1.0,0.0,0.0,0.0,1.0,22479.0,0.0,
Scarlett_J_Callahan,-1.0,0.0,0.0,0.0,1.0,25268.0,0.0,
AJD1612,-1.0,0.0,0.0,0.0,1.0,32227.0,0.0,
PMB1928,-1.0,0.0,0.0,0.0,1.0,28915.0,0.0,
ACS0589,-1.0,0.0,0.0,0.0,1.0,33634.0,0.0,
LJV1620,-1.0,0.0,0.0,0.0,1.0,25092.0,0.0,
MSC0216,-1.0,0.0,0.0,0.0,1.0,29382.0,0.0,
RLF0472,-1.0,0.0,0.0,0.0,1.0,25323.0,0.0,
DAE1219,-1.0,0.0,0.0,0.0,1.0,26719.0,0.0,
DKG0637,-1.0,0.0,0.0,0.0,1.0,28345.0,0.0,
OTE0760,-1.0,0.0,0.0,0.0,1.0,2883620.0,3.0,
JJP62,-1.0,0.0,0.0,0.0,1.0,27496.0,0.0,
CES0201,-1.0,0.0,0.0,0.0,1.0,1123413.0,1.0,
ZBG0938,-1.0,0.0,0.0,0.0,1.0,35087.0,0.0,
ISK3,-1.0,0.0,0.0,0.0,1.0,29856.0,0.0,
Moody-Rooney,-1.0,0.0,0.0,0.0,1.0,34667.0,0.0,
Guerra_Shannon,-1.0,0.0,0.0,0.0,1.0,49613.0,0.0,
Mia_A_Macdonald,-1.0,0.0,0.0,0.0,1.0,54086.0,0.0,
AHN0681,-1.0,0.0,0.0,0.0,1.0,33513.0,0.0,
Yoshi.C.Christensen,-1.0,0.0,0.0,0.0,1.0,33821.0,0.0,
NZH1839,-1.0,0.0,0.0,0.0,1.0,59177.0,0.0,
Nichole_Mccarty,-1.0,0.0,0.0,0.0,1.0,21811.0,0.0,
Petty-Ivan,-1.0,0.0,0.0,0.0,1.0,33085.0,0.0,
MCB0582,-1.0,0.0,0.0,0.0,1.0,27903.0,0.0,
Mills-Guy,-1.0,0.0,0.0,0.0,1.0,30731.0,0.0,
CCR0338,-1.0,0.0,0.0,0.0,1.0,1086241.0,1.0,
Frost_Taylor,-1.0,0.0,0.0,0.0,1.0,33028.0,0.0,
ILJ0929,-1.0,0.0,0.0,0.0,1.0,28450.0,0.0,
Ochoa-Albert,-1.0,0.0,0.0,0.0,1.0,19181.0,0.0,
MVN1518,-1.0,0.0,0.0,0.0,1.0,40151.0,0.0,
ACD1174,-1.0,0.0,0.0,0.0,1.0,21990.0,0.0,
SMB0473,-1.0,0.0,0.0,0.0,1.0,42378.0,0.0,
Cairo_Mullen,-1.0,0.0,0.0,0.0,1.0,797000.0,1.0,
YLR1188,-1.0,0.0,0.0,0.0,1.0,35438.0,0.0,
CCW0097,-1.0,0.0,0.0,0.0,1.0,22985.0,0.0,
PSC0426,-1.0,0.0,0.0,0.0,1.0,34733.0,0.0,
HFM0465,-1.0,0.0,0.0,0.0,1.0,23449.0,0.0,
