Mira_Mcconnell,-0.36,8.0,21439.625,0.0,17.0,30252.6470588,0.0,
Kay_Wells,0.181818181818,13.0,116352.692308,0.153846153846,9.0,199969.222222,0.333333333333,
CTH1812,1.0,1.0,34251.0,0.0,0.0,0.0,0.0,
DXB1791,0.12,14.0,84416.0,0.142857142857,11.0,28858.1818182,0.0,
DNT1801,-0.2,8.0,30834.5,0.0,12.0,31192.9166667,0.0,
Odessa_H_Cox,0.428571428571,10.0,173895.6,0.1,4.0,420988.75,0.25,
TTR1792,0.111111111111,5.0,28798.4,0.0,4.0,110686.25,0.25,
ICH816,0.2,12.0,29486.8333333,0.0,8.0,1006851.0,1.25,
LJM1807,-0.294117647059,6.0,395462.166667,0.333333333333,11.0,134748.272727,0.0909090909091,
Baker.Z.Chambers,0.266666666667,19.0,112719.052632,0.105263157895,11.0,361780.909091,0.272727272727,
YMJ0243,1.0,1.0,25425.0,0.0,0.0,0.0,0.0,
Jeanette_Mckee,0.157894736842,11.0,650303.727273,0.545454545455,8.0,1177146.125,1.25,
Jemima.A.Holloway,-0.125,7.0,26616.7142857,0.0,9.0,209318.888889,0.111111111111,
Thornton-Brian,0.0666666666667,8.0,29324.5,0.0,7.0,73633.2857143,0.142857142857,
TCW1808,-0.333333333333,8.0,29558.875,0.0,16.0,90517.875,0.125,
OHC1798,-0.0434782608696,11.0,31149.6363636,0.0,12.0,648841.333333,0.416666666667,
KCJ1788,-0.257142857143,13.0,101077.692308,0.153846153846,22.0,796154.5,0.954545454545,
BZC1806,-0.166666666667,10.0,27111.1,0.0,14.0,293946.285714,0.285714285714,
ICH1810,-0.166666666667,5.0,34772.2,0.0,7.0,1056592.85714,1.42857142857,
Manning-Patrick,0.2,6.0,23918.1666667,0.0,4.0,23015.25,0.0,
KCB77,-0.157894736842,8.0,36983.375,0.0,11.0,1006540.45455,0.909090909091,
DNT189,-0.538461538462,3.0,21435.6666667,0.0,10.0,29650.4,0.0,
CTH9,1.0,12.0,191234.833333,0.0833333333333,0.0,0.0,0.0,
TTR42,0.047619047619,11.0,276769.636364,0.454545454545,10.0,28990.2,0.0,
KBP0124,0.0,1.0,20100.0,0.0,1.0,22299.0,0.0,
Cameron_Marks,-0.333333333333,4.0,26256.75,0.0,8.0,296509.875,0.25,
GFM5517,0.636363636364,9.0,36231.3333333,0.0,2.0,30428.0,0.0,
Juarez.Isaac,0.272727272727,14.0,682946.928571,0.571428571429,8.0,521472.5,0.625,
Marah_Sawyer,1.0,11.0,113871.727273,0.0909090909091,0.0,0.0,0.0,
LKC83,-0.176470588235,7.0,603462.285714,0.571428571429,10.0,26236.7,0.0,
Ignatius-Campbell,0.0,1.0,22631.0,0.0,1.0,28781.0,0.0,
Blackburn_Stone,0.272727272727,14.0,32472.6428571,0.0,8.0,117450.875,0.125,
Francesca_Stout,0.047619047619,11.0,101743.909091,0.181818181818,10.0,28566.8,0.0,
Ashely_Rose,-0.263157894737,7.0,30925.0,0.0,12.0,525484.5,0.583333333333,
Dora_W_Rodriquez,1.0,1.0,19461.0,0.0,0.0,0.0,0.0,
Preston.D.Barry,-0.5,7.0,26125.8571429,0.0,21.0,33394.0,0.047619047619,
ELT1370,1.0,1.0,17088.0,0.0,0.0,0.0,0.0,
CTM1817,0.111111111111,15.0,266517.0,0.2,12.0,765758.666667,1.25,
JAH1802,0.0666666666667,8.0,34265.375,0.0,7.0,805566.714286,0.714285714286,
Blair-Derek,0.0909090909091,6.0,31687.3333333,0.0,5.0,30101.6,0.0,
LJM4122,0.5,12.0,31321.25,0.0,4.0,137540.5,0.25,
ILJ1816,0.185185185185,16.0,475990.8125,0.625,11.0,588803.818182,1.0,
KCB1799,-0.555555555556,4.0,37469.5,0.0,14.0,653162.071429,0.714285714286,
AAR1793,0.037037037037,14.0,98986.9285714,0.0714285714286,13.0,546459.0,0.461538461538,
Luna-Erich,0.692307692308,11.0,153800.0,0.0909090909091,2.0,749670.0,0.5,
FES1814,-0.333333333333,7.0,124800.571429,0.142857142857,14.0,31610.8571429,0.0,
JLC0796,1.0,1.0,32578.0,0.0,0.0,0.0,0.0,
MSM1800,0.333333333333,16.0,57588.125,0.125,8.0,34703.375,0.0,
PFM1795,-0.538461538462,6.0,31217.8333333,0.0,20.0,723790.55,0.75,
MJK0527,1.0,1.0,19847.0,0.0,0.0,0.0,0.0,
KBB1803,-0.2,10.0,26939.1,0.0,15.0,617138.6,0.8,
Jones-Alden,0.0,9.0,120668.666667,0.111111111111,9.0,331304.444444,0.333333333333,
JRB3761,1.0,1.0,19533.0,0.0,0.0,0.0,0.0,
PDB1766,-0.945945945946,1.0,19476.0,0.0,36.0,129725.25,0.0833333333333,
FGW1794,-0.0769230769231,6.0,27154.3333333,0.0,7.0,28707.2857143,0.0,
EAB899,1.0,1.0,28018.0,0.0,0.0,0.0,0.0,
KLW1789,-0.230769230769,5.0,46703.0,0.2,8.0,1397519.125,1.375,
KAG9237,1.0,12.0,183953.166667,0.166666666667,0.0,0.0,0.0,
BNT1804,0.25,10.0,217222.5,0.2,6.0,475164.833333,0.5,
KAG31,1.0,4.0,32623.0,0.0,0.0,0.0,0.0,
Baker_Kieran,0.263157894737,12.0,31142.75,0.0,7.0,1369710.0,1.0,
RBD8291,1.0,1.0,29855.0,0.0,0.0,0.0,0.0,
FGW3234,-0.3,7.0,29060.8571429,0.0,13.0,30267.8461538,0.0,
Whitney_M_Santos,1.0,1.0,34625.0,0.0,0.0,0.0,0.0,
JKM4755,0.555555555556,7.0,38568.1428571,0.0,2.0,1194590.0,1.0,
Sheila_Oneal,1.0,1.0,50912.0,0.0,0.0,0.0,0.0,
DSH1074,0.0,1.0,30153.0,0.0,1.0,30389.0,0.0,
Joy_Roberson,1.0,1.0,38692.0,0.0,0.0,0.0,0.0,
TFS1081,1.0,1.0,31481.0,0.0,0.0,0.0,0.0,
GFM1815,0.142857142857,4.0,28757.0,0.0,3.0,2562980.0,2.66666666667,
Kelsey_Justice,-0.0909090909091,5.0,24573.2,0.0,6.0,970621.5,1.5,
SWB1809,-0.714285714286,2.0,27380.5,0.0,12.0,1008397.75,0.666666666667,
LKC1796,0.111111111111,15.0,318610.933333,0.266666666667,12.0,33630.75,0.0,
HVM1288,1.0,1.0,48478.0,0.0,0.0,0.0,0.0,
JBL1657,0.333333333333,2.0,24114.0,0.0,1.0,29155.0,0.0,
TCL0855,1.0,1.0,24114.0,0.0,0.0,0.0,0.0,
Sopoline_J_Cruz,1.0,1.0,35174.0,0.0,0.0,0.0,0.0,
LRV1554,1.0,1.0,33578.0,0.0,0.0,0.0,0.0,
Lael.S.Conner,1.0,1.0,46504.0,0.0,0.0,0.0,0.0,
KEO2,1.0,1.0,21376.0,0.0,0.0,0.0,0.0,
CLN0061,1.0,1.0,21003.0,0.0,0.0,0.0,0.0,
TFW1681,1.0,1.0,3174172.0,3.0,0.0,0.0,0.0,
Sacha.M.Webb,1.0,1.0,1784389.0,2.0,0.0,0.0,0.0,
JHM1805,0.0909090909091,6.0,316343.166667,0.166666666667,5.0,590744.4,0.6,
CTH8354,1.0,5.0,36161.4,0.0,0.0,0.0,0.0,
Soto-Hyatt,0.0,1.0,16718.0,0.0,1.0,29397.0,0.0,
JKM77,1.0,10.0,178295.5,0.3,0.0,0.0,0.0,
GFM78,1.0,5.0,31668.6,0.0,0.0,0.0,0.0,
Chester-Mills,1.0,1.0,27529.0,0.0,0.0,0.0,0.0,
DJJ1480,1.0,1.0,25189.0,0.0,0.0,0.0,0.0,
NRO1752,1.0,1.0,20914.0,0.0,0.0,0.0,0.0,
MKH0260,1.0,1.0,16545.0,0.0,0.0,0.0,0.0,
Judith.D.Wynn,1.0,1.0,25133.0,0.0,0.0,0.0,0.0,
IKB0691,1.0,1.0,32563.0,0.0,0.0,0.0,0.0,
Ruiz-Thaddeus,1.0,5.0,990502.6,1.2,0.0,0.0,0.0,
ACJ1797,-0.5,6.0,100587.833333,0.166666666667,18.0,760683.333333,0.777777777778,
JFC0075,1.0,1.0,27676.0,0.0,0.0,0.0,0.0,
JTK7,1.0,1.0,28583.0,0.0,0.0,0.0,0.0,
KRC91,1.0,1.0,28583.0,0.0,0.0,0.0,0.0,
DDW949,1.0,1.0,27512.0,0.0,0.0,0.0,0.0,
Quinn-Cole,1.0,1.0,41038.0,0.0,0.0,0.0,0.0,
Weaver-Travis,-0.166666666667,5.0,142107.8,0.2,7.0,274849.571429,0.428571428571,
Yoshi.N.Obrien,1.0,1.0,31236.0,0.0,0.0,0.0,0.0,
Nathaniel.H.Rojas,1.0,1.0,26915.0,0.0,0.0,0.0,0.0,
Harding-Tanek,0.333333333333,2.0,36802.0,0.0,1.0,35391.0,0.0,
Riley_Molina,1.0,1.0,36802.0,0.0,0.0,0.0,0.0,
Shea_Waller,1.0,1.0,26660.0,0.0,0.0,0.0,0.0,
Aphrodite.A.Collins,1.0,1.0,29101.0,0.0,0.0,0.0,0.0,
EMB0902,1.0,1.0,21550.0,0.0,0.0,0.0,0.0,
Allistair-R-Mcclain,0.0,1.0,1679194.0,1.0,1.0,40064.0,0.0,
Marquez-Hilda,1.0,1.0,30606.0,0.0,0.0,0.0,0.0,
Lacey_J_Moore,1.0,2.0,35600.0,0.0,0.0,0.0,0.0,
Devin-Bradshaw,1.0,1.0,35600.0,0.0,0.0,0.0,0.0,
Dana_Gardner,1.0,2.0,17976.0,0.0,0.0,0.0,0.0,
Cyrus.B.Kline,1.0,1.0,17976.0,0.0,0.0,0.0,0.0,
ADH1016,-1.0,0.0,0.0,0.0,1.0,24111.0,0.0,
Scarlet_Harvey,-1.0,0.0,0.0,0.0,1.0,27648.0,0.0,
Jada-Vazquez,-1.0,0.0,0.0,0.0,1.0,23379.0,0.0,
KEO0202,-1.0,0.0,0.0,0.0,1.0,3171960.0,3.0,
DEB0727,-1.0,0.0,0.0,0.0,2.0,19031.5,0.0,
NJC0003,-1.0,0.0,0.0,0.0,1.0,15271.0,0.0,
LAF786,-1.0,0.0,0.0,0.0,1.0,21439.0,0.0,
RKW1936,-1.0,0.0,0.0,0.0,1.0,40422.0,0.0,
Watts-Timothy,-1.0,0.0,0.0,0.0,1.0,37390.0,0.0,
TTG0460,-1.0,0.0,0.0,0.0,1.0,28299.0,0.0,
TKP1186,-1.0,0.0,0.0,0.0,1.0,30584.0,0.0,
Bender-Leonard,-1.0,0.0,0.0,0.0,1.0,36235.0,0.0,
DCS0636,-1.0,0.0,0.0,0.0,1.0,25369.0,0.0,
Risa.E.French,-1.0,0.0,0.0,0.0,2.0,738488.5,1.0,
BCG0853,-1.0,0.0,0.0,0.0,1.0,25827.0,0.0,
Cassandra_C_Macdonald,-1.0,0.0,0.0,0.0,1.0,24566.0,0.0,
REF1924,-1.0,0.0,0.0,0.0,1.0,20450.0,0.0,
RAB0251,-1.0,0.0,0.0,0.0,2.0,24347.0,0.0,
YBH0948,-1.0,0.0,0.0,0.0,1.0,20234.0,0.0,
JLC1301,-1.0,0.0,0.0,0.0,1.0,1551410.0,2.0,
QCM0672,-1.0,0.0,0.0,0.0,1.0,18632.0,0.0,
KJG1121,-1.0,0.0,0.0,0.0,2.0,34485.0,0.0,
BAR1328,-1.0,0.0,0.0,0.0,1.0,19977.0,0.0,
JKM1790,-1.0,0.0,0.0,0.0,8.0,480197.5,0.625,
Shellie_Y_Burch,-1.0,0.0,0.0,0.0,1.0,20721.0,0.0,
Anjolie_Houston,-1.0,0.0,0.0,0.0,2.0,22311.5,0.0,
FAR0102,-1.0,0.0,0.0,0.0,1.0,44965.0,0.0,
EAL1813,-1.0,0.0,0.0,0.0,4.0,29960.5,0.0,
KJH0872,-1.0,0.0,0.0,0.0,1.0,67495.0,0.0,
Joan_Alvarado,-1.0,0.0,0.0,0.0,1.0,50543.0,0.0,
Erica_Olsen,-1.0,0.0,0.0,0.0,1.0,45240.0,0.0,
HRE1950,-1.0,0.0,0.0,0.0,1.0,1364634.0,1.0,
SDH1854,-1.0,0.0,0.0,0.0,1.0,554070.0,1.0,
Delacruz-Harding,-1.0,0.0,0.0,0.0,1.0,21592.0,0.0,
UMT1084,-1.0,0.0,0.0,0.0,1.0,30480.0,0.0,
AVP1137,-1.0,0.0,0.0,0.0,2.0,1802145.0,2.0,
YYH0949,-1.0,0.0,0.0,0.0,1.0,66180.0,0.0,
IHC0561,-1.0,0.0,0.0,0.0,1.0,30555.0,0.0,
Roach-Ashton,-1.0,0.0,0.0,0.0,1.0,27906.0,0.0,
GUT1619,-1.0,0.0,0.0,0.0,1.0,31942.0,0.0,
ZIE0741,-1.0,0.0,0.0,0.0,1.0,35779.0,0.0,
HBS1299,-1.0,0.0,0.0,0.0,1.0,16244.0,0.0,
VCM0992,-1.0,0.0,0.0,0.0,1.0,26594.0,0.0,
VFA1284,-1.0,0.0,0.0,0.0,1.0,28061.0,0.0,
RCD0299,-1.0,0.0,0.0,0.0,1.0,52690.0,0.0,
BWW0751,-1.0,0.0,0.0,0.0,1.0,18953.0,0.0,
ACC0950,-1.0,0.0,0.0,0.0,2.0,25473.0,0.0,
DLB0955,-1.0,0.0,0.0,0.0,2.0,2194271.0,3.0,
HLH9961,-1.0,0.0,0.0,0.0,1.0,31844.0,0.0,
DSH736,-1.0,0.0,0.0,0.0,1.0,193347.0,1.0,
RAH0052,-1.0,0.0,0.0,0.0,1.0,38061.0,0.0,
AEG0962,-1.0,0.0,0.0,0.0,7.0,591676.142857,0.285714285714,
UEH0944,-1.0,0.0,0.0,0.0,1.0,24608.0,0.0,
HQG0905,-1.0,0.0,0.0,0.0,1.0,25466.0,0.0,
SLZ0276,-1.0,0.0,0.0,0.0,2.0,1360007.0,1.5,
PMB1928,-1.0,0.0,0.0,0.0,2.0,3045512.0,3.5,
JNB0673,-1.0,0.0,0.0,0.0,1.0,42029.0,0.0,
ACB0220,-1.0,0.0,0.0,0.0,1.0,32755.0,0.0,
LAS0129,-1.0,0.0,0.0,0.0,1.0,49107.0,0.0,
SJA0635,-1.0,0.0,0.0,0.0,1.0,54002.0,0.0,
FRM0010,-1.0,0.0,0.0,0.0,1.0,29008.0,0.0,
CAB0290,-1.0,0.0,0.0,0.0,1.0,45326.0,0.0,
DKG0637,-1.0,0.0,0.0,0.0,1.0,18096.0,0.0,
Daphne_Adkins,-1.0,0.0,0.0,0.0,1.0,6646235.0,7.0,
BKB0669,-1.0,0.0,0.0,0.0,1.0,21035.0,0.0,
MMC1008,-1.0,0.0,0.0,0.0,1.0,32653.0,0.0,
FIM543,-1.0,0.0,0.0,0.0,1.0,1430360.0,1.0,
Charde_Gibbs,-1.0,0.0,0.0,0.0,1.0,36478.0,0.0,
CAF0109,-1.0,0.0,0.0,0.0,1.0,62747.0,0.0,
Thor_Snyder,-1.0,0.0,0.0,0.0,1.0,486130.0,1.0,
Garner-Brock,-1.0,0.0,0.0,0.0,1.0,26844.0,0.0,
Graham-Wallace,-1.0,0.0,0.0,0.0,1.0,23104.0,0.0,
PGY1112,-1.0,0.0,0.0,0.0,3.0,803830.333333,1.0,
CBD1128,-1.0,0.0,0.0,0.0,1.0,72053.0,1.0,
IVS1411,-1.0,0.0,0.0,0.0,2.0,42597.5,0.0,
Schwartz-Ross,-1.0,0.0,0.0,0.0,1.0,27560.0,0.0,
HBP0009,-1.0,0.0,0.0,0.0,2.0,238915.0,0.5,
BNE1140,-1.0,0.0,0.0,0.0,1.0,4567332.0,5.0,
Herrod_Benton,-1.0,0.0,0.0,0.0,1.0,30890.0,0.0,
Riddle.Harding,-1.0,0.0,0.0,0.0,1.0,22678.0,0.0,
Eugenia.S.Mercado,-1.0,0.0,0.0,0.0,1.0,201076.0,1.0,
APR1168,-1.0,0.0,0.0,0.0,1.0,13017.0,0.0,
TIR0025,-1.0,0.0,0.0,0.0,1.0,45671.0,0.0,
Scarlett_J_Callahan,-1.0,0.0,0.0,0.0,2.0,44769.5,0.0,
MGB1235,-1.0,0.0,0.0,0.0,1.0,23692.0,0.0,
JAC1275,-1.0,0.0,0.0,0.0,1.0,21863.0,0.0,
HDA1824,-1.0,0.0,0.0,0.0,1.0,40877.0,0.0,
JBB1333,-1.0,0.0,0.0,0.0,1.0,22277.0,0.0,
James_Ryan,-1.0,0.0,0.0,0.0,1.0,711403.0,1.0,
KWM0365,-1.0,0.0,0.0,0.0,1.0,51057.0,0.0,
Vaughan-Basil,-1.0,0.0,0.0,0.0,1.0,443217.0,1.0,
AOC1283,-1.0,0.0,0.0,0.0,2.0,23558.5,0.0,
Zelenia.A.Reeves,-1.0,0.0,0.0,0.0,2.0,638579.0,0.5,
KCF0767,-1.0,0.0,0.0,0.0,1.0,25178.0,0.0,
BKF0632,-1.0,0.0,0.0,0.0,1.0,44975.0,0.0,
Preston_M_Burns,-1.0,0.0,0.0,0.0,2.0,1575322.0,1.0,
MVM0092,-1.0,0.0,0.0,0.0,2.0,144712.5,0.5,
LVC0408,-1.0,0.0,0.0,0.0,1.0,36753.0,0.0,
MSS0799,-1.0,0.0,0.0,0.0,1.0,24041.0,0.0,
KPM1002,-1.0,0.0,0.0,0.0,1.0,28323.0,0.0,
WOG0797,-1.0,0.0,0.0,0.0,1.0,68346.0,0.0,
UBG1493,-1.0,0.0,0.0,0.0,3.0,29716.3333333,0.0,
MPF0690,-1.0,0.0,0.0,0.0,1.0,28846.0,0.0,
JJP0798,-1.0,0.0,0.0,0.0,1.0,5022891.0,4.0,
AJD1612,-1.0,0.0,0.0,0.0,1.0,33922.0,0.0,
ZEP0543,-1.0,0.0,0.0,0.0,2.0,668032.0,0.5,
Kinney-Nathaniel,-1.0,0.0,0.0,0.0,1.0,42524.0,0.0,
MGC0646,-1.0,0.0,0.0,0.0,2.0,29884.5,0.0,
ANC0027,-1.0,0.0,0.0,0.0,1.0,28950.0,0.0,
VCF1602,-1.0,0.0,0.0,0.0,1.0,32670.0,0.0,
Lars_Patterson,-1.0,0.0,0.0,0.0,1.0,33102.0,0.0,
Grace.B.Valenzuela,-1.0,0.0,0.0,0.0,1.0,1708111.0,2.0,
OLM1747,-1.0,0.0,0.0,0.0,1.0,42112.0,0.0,
ODG1158,-1.0,0.0,0.0,0.0,1.0,31881.0,0.0,
UMB0310,-1.0,0.0,0.0,0.0,1.0,6353101.0,7.0,
NKG0319,-1.0,0.0,0.0,0.0,2.0,1049176.5,1.0,
LKC0405,-1.0,0.0,0.0,0.0,1.0,19646.0,0.0,
MAB1340,-1.0,0.0,0.0,0.0,1.0,39085.0,0.0,
JOE1672,-1.0,0.0,0.0,0.0,1.0,40766.0,0.0,
Manning-Gretchen,-1.0,0.0,0.0,0.0,1.0,1187362.0,1.0,
DDR1876,-1.0,0.0,0.0,0.0,1.0,23190.0,0.0,
ATD1067,-1.0,0.0,0.0,0.0,2.0,538429.5,0.5,
RDW1710,-1.0,0.0,0.0,0.0,1.0,37650.0,0.0,
CSB0990,-1.0,0.0,0.0,0.0,2.0,108452.0,0.5,
Frank-Brennan,-1.0,0.0,0.0,0.0,1.0,1311488.0,1.0,
LDM0399,-1.0,0.0,0.0,0.0,1.0,18402.0,0.0,
TDC21,-1.0,0.0,0.0,0.0,1.0,25936.0,0.0,
AWB183,-1.0,0.0,0.0,0.0,1.0,8932.0,0.0,
GYP1321,-1.0,0.0,0.0,0.0,1.0,26452.0,0.0,
Cheryl.G.Sawyer,-1.0,0.0,0.0,0.0,1.0,35273.0,0.0,
DOL0765,-1.0,0.0,0.0,0.0,1.0,27511.0,0.0,
CCP0774,-1.0,0.0,0.0,0.0,1.0,23332.0,0.0,
AXP1568,-1.0,0.0,0.0,0.0,1.0,4444761.0,5.0,
CDG88,-1.0,0.0,0.0,0.0,1.0,35473.0,0.0,
GSV0295,-1.0,0.0,0.0,0.0,1.0,22639.0,0.0,
Chen-Kamal,-1.0,0.0,0.0,0.0,2.0,21395.0,0.0,
AWK1773,-1.0,0.0,0.0,0.0,1.0,27345.0,0.0,
Baldwin-Gemma,-1.0,0.0,0.0,0.0,1.0,34819.0,0.0,
LKM19,-1.0,0.0,0.0,0.0,1.0,5592335.0,5.0,
Christensen-Mohammad,-1.0,0.0,0.0,0.0,1.0,1151794.0,1.0,
RMT0496,-1.0,0.0,0.0,0.0,2.0,47774.0,0.0,
JAW0280,-1.0,0.0,0.0,0.0,1.0,37200.0,0.0,
EZB0925,-1.0,0.0,0.0,0.0,1.0,31961.0,0.0,
Reed.J.Mooney,-1.0,0.0,0.0,0.0,1.0,3025520.0,2.0,
KUB1569,-1.0,0.0,0.0,0.0,1.0,20259.0,0.0,
FAM0211,-1.0,0.0,0.0,0.0,1.0,397811.0,2.0,
CBC1607,-1.0,0.0,0.0,0.0,1.0,1603216.0,1.0,
Cora_T_Kelly,-1.0,0.0,0.0,0.0,1.0,20900.0,0.0,
DCK1782,-1.0,0.0,0.0,0.0,2.0,40793.5,0.0,
Pittman-Risa,-1.0,0.0,0.0,0.0,1.0,1000601.0,2.0,
Odette_Richardson,-1.0,0.0,0.0,0.0,1.0,2315310.0,3.0,
HXP0976,-1.0,0.0,0.0,0.0,1.0,20777.0,0.0,
Kelly-Rosalyn,-1.0,0.0,0.0,0.0,1.0,34485.0,0.0,
Weaver_Remedios,-1.0,0.0,0.0,0.0,1.0,32183.0,0.0,
Compton_Ursula,-1.0,0.0,0.0,0.0,1.0,16629.0,0.0,
BSY1451,-1.0,0.0,0.0,0.0,1.0,20206.0,0.0,
MDN0132,-1.0,0.0,0.0,0.0,1.0,26071.0,0.0,
AXS41,-1.0,0.0,0.0,0.0,1.0,15271.0,0.0,
ORB0455,-1.0,0.0,0.0,0.0,1.0,48244.0,0.0,
Fredericka-Anderson,-1.0,0.0,0.0,0.0,1.0,433584.0,1.0,
MOW28,-1.0,0.0,0.0,0.0,1.0,43113.0,0.0,
CRB0648,-1.0,0.0,0.0,0.0,1.0,2029748.0,1.0,
WAS1,-1.0,0.0,0.0,0.0,1.0,38046.0,0.0,
BPK1731,-1.0,0.0,0.0,0.0,1.0,34377.0,0.0,
AEG9639,-1.0,0.0,0.0,0.0,2.0,1429815.5,1.0,
Cameron-Blaine,-1.0,0.0,0.0,0.0,1.0,1228908.0,1.0,
GIC1151,-1.0,0.0,0.0,0.0,1.0,32299.0,0.0,
WLN621,-1.0,0.0,0.0,0.0,2.0,81810.5,0.5,
DBJ1992,-1.0,0.0,0.0,0.0,1.0,32980.0,0.0,
Case-Thomas,-1.0,0.0,0.0,0.0,1.0,31120.0,0.0,
Quin_W_Peck,-1.0,0.0,0.0,0.0,1.0,38936.0,0.0,
LNS0317,-1.0,0.0,0.0,0.0,1.0,30093.0,0.0,
BGM0233,-1.0,0.0,0.0,0.0,3.0,30789.6666667,0.0,
JPM0035,-1.0,0.0,0.0,0.0,2.0,41544.0,0.0,
NJK1732,-1.0,0.0,0.0,0.0,2.0,1011329.5,1.0,
Ochoa-Albert,-1.0,0.0,0.0,0.0,2.0,38126.5,0.0,
Tanya.D.Harrington,-1.0,0.0,0.0,0.0,1.0,788766.0,1.0,
MMR0390,-1.0,0.0,0.0,0.0,1.0,28279.0,0.0,
KNM0100,-1.0,0.0,0.0,0.0,1.0,46706.0,0.0,
Dante.R.Martin,-1.0,0.0,0.0,0.0,1.0,18896.0,0.0,
HBS0392,-1.0,0.0,0.0,0.0,1.0,5400515.0,5.0,
NJB0011,-1.0,0.0,0.0,0.0,1.0,25487.0,0.0,
RBC1624,-1.0,0.0,0.0,0.0,1.0,19740.0,0.0,
KRS0172,-1.0,0.0,0.0,0.0,1.0,39550.0,0.0,
QJH1605,-1.0,0.0,0.0,0.0,1.0,22258.0,0.0,
SNC1721,-1.0,0.0,0.0,0.0,1.0,22613.0,0.0,
BTR1410,-1.0,0.0,0.0,0.0,1.0,34170.0,0.0,
CHP1711,-1.0,0.0,0.0,0.0,1.0,37872.0,0.0,
CAD0354,-1.0,0.0,0.0,0.0,1.0,207438.0,1.0,
PIE1712,-1.0,0.0,0.0,0.0,1.0,34004.0,0.0,
LKM0230,-1.0,0.0,0.0,0.0,2.0,30245.5,0.0,
KJH0475,-1.0,0.0,0.0,0.0,1.0,26537.0,0.0,
Mason.D.Rhodes,-1.0,0.0,0.0,0.0,1.0,22411.0,0.0,
KAM0169,-1.0,0.0,0.0,0.0,1.0,1511871.0,1.0,
LRW1079,-1.0,0.0,0.0,0.0,1.0,19830.0,0.0,
AAC0904,-1.0,0.0,0.0,0.0,2.0,621230.0,1.0,
BHM79,-1.0,0.0,0.0,0.0,1.0,23833.0,0.0,
Howard-Alan,-1.0,0.0,0.0,0.0,1.0,24225.0,0.0,
HOD1010,-1.0,0.0,0.0,0.0,1.0,45449.0,0.0,
GNV1082,-1.0,0.0,0.0,0.0,1.0,39414.0,0.0,
RXH1139,-1.0,0.0,0.0,0.0,1.0,26597.0,0.0,
Keelie.I.Sargent,-1.0,0.0,0.0,0.0,1.0,693759.0,1.0,
HGG0535,-1.0,0.0,0.0,0.0,1.0,17224.0,0.0,
CCP1491,-1.0,0.0,0.0,0.0,1.0,34496.0,0.0,
MOD1927,-1.0,0.0,0.0,0.0,1.0,34894.0,0.0,
CKH0316,-1.0,0.0,0.0,0.0,1.0,25809.0,0.0,
RKM0478,-1.0,0.0,0.0,0.0,1.0,798805.0,1.0,
Carla_Ewing,-1.0,0.0,0.0,0.0,2.0,390139.0,0.5,
Hillary.J.Blackburn,-1.0,0.0,0.0,0.0,1.0,46133.0,0.0,
ECT1326,-1.0,0.0,0.0,0.0,1.0,41944.0,0.0,
HNP1152,-1.0,0.0,0.0,0.0,1.0,23518.0,0.0,
ZAD1345,-1.0,0.0,0.0,0.0,1.0,29596.0,0.0,
Althea_S_Hobbs,-1.0,0.0,0.0,0.0,1.0,24407.0,0.0,
Jemima-Pratt,-1.0,0.0,0.0,0.0,1.0,19604.0,0.0,
PCK0271,-1.0,0.0,0.0,0.0,1.0,34338.0,0.0,
Blevins-Christian,-1.0,0.0,0.0,0.0,1.0,29165.0,0.0,
Clark-Silas,-1.0,0.0,0.0,0.0,1.0,24315.0,0.0,
Cortez-Hasad,-1.0,0.0,0.0,0.0,1.0,20359.0,0.0,
Jacobson-Herman,-1.0,0.0,0.0,0.0,1.0,26433.0,0.0,
Neil_Dickerson,-1.0,0.0,0.0,0.0,1.0,25063.0,0.0,
WBK1077,-1.0,0.0,0.0,0.0,1.0,41599.0,0.0,
GCT0366,-1.0,0.0,0.0,0.0,2.0,38714.5,0.0,
Cleo_Nash,-1.0,0.0,0.0,0.0,1.0,1725242.0,1.0,
JJC0259,-1.0,0.0,0.0,0.0,1.0,31623.0,0.0,
CIM1232,-1.0,0.0,0.0,0.0,1.0,1221104.0,1.0,
KCG0044,-1.0,0.0,0.0,0.0,1.0,24044.0,0.0,
VBK0007,-1.0,0.0,0.0,0.0,1.0,410911.0,1.0,
LDF0644,-1.0,0.0,0.0,0.0,1.0,1062175.0,1.0,
Fox.Paki,-1.0,0.0,0.0,0.0,1.0,25217.0,0.0,
Penelope_T_Vinson,-1.0,0.0,0.0,0.0,1.0,1750093.0,2.0,
RAV0088,-1.0,0.0,0.0,0.0,1.0,27757.0,0.0,
JQC8826,-1.0,0.0,0.0,0.0,1.0,48374.0,0.0,
Jocelyn_Cross,-1.0,0.0,0.0,0.0,1.0,2851703.0,3.0,
JGM252,-1.0,0.0,0.0,0.0,1.0,14974.0,0.0,
AKS415,-1.0,0.0,0.0,0.0,1.0,54553.0,0.0,
NJS1194,-1.0,0.0,0.0,0.0,1.0,1397655.0,1.0,
DMJ0222,-1.0,0.0,0.0,0.0,3.0,28100.3333333,0.0,
JLM31,-1.0,0.0,0.0,0.0,2.0,37958.5,0.0,
YDM6,-1.0,0.0,0.0,0.0,1.0,21781.0,0.0,
ISK0116,-1.0,0.0,0.0,0.0,1.0,30342.0,0.0,
TCC1298,-1.0,0.0,0.0,0.0,1.0,37472.0,0.0,
PTH1889,-1.0,0.0,0.0,0.0,1.0,20651.0,0.0,
CEM1385,-1.0,0.0,0.0,0.0,1.0,224353.0,1.0,
Gillespie-Tate,-1.0,0.0,0.0,0.0,1.0,34760.0,0.0,
SIS0042,-1.0,0.0,0.0,0.0,1.0,34946.0,0.0,
CRC1132,-1.0,0.0,0.0,0.0,1.0,5669602.0,6.0,
Simpson_Hamilton,-1.0,0.0,0.0,0.0,1.0,28105.0,0.0,
KCR1118,-1.0,0.0,0.0,0.0,1.0,37529.0,0.0,
Freya_Gould,-1.0,0.0,0.0,0.0,1.0,33920.0,0.0,
BCL0231,-1.0,0.0,0.0,0.0,1.0,37829.0,0.0,
ORR0813,-1.0,0.0,0.0,0.0,1.0,12789.0,0.0,
Veronica.D.Blankenship,-1.0,0.0,0.0,0.0,1.0,1349354.0,1.0,
HBF1179,-1.0,0.0,0.0,0.0,1.0,17298.0,0.0,
OQE0920,-1.0,0.0,0.0,0.0,1.0,880084.0,2.0,
BRM1080,-1.0,0.0,0.0,0.0,1.0,29091.0,0.0,
JDJ1949,-1.0,0.0,0.0,0.0,1.0,2822112.0,3.0,
INC0091,-1.0,0.0,0.0,0.0,1.0,1324928.0,1.0,
NER1278,-1.0,0.0,0.0,0.0,1.0,14654.0,0.0,
ARL0411,-1.0,0.0,0.0,0.0,2.0,27728.5,0.0,
ADC1014,-1.0,0.0,0.0,0.0,2.0,939103.0,1.0,
Rhona_M_Kennedy,-1.0,0.0,0.0,0.0,1.0,46629.0,0.0,
GRB0748,-1.0,0.0,0.0,0.0,2.0,26174.0,0.0,
AJS1408,-1.0,0.0,0.0,0.0,1.0,18700.0,0.0,
STH0353,-1.0,0.0,0.0,0.0,1.0,20564.0,0.0,
RPM0125,-1.0,0.0,0.0,0.0,1.0,26899.0,0.0,
DWR1387,-1.0,0.0,0.0,0.0,1.0,20061.0,0.0,
Selma_Calderon,-1.0,0.0,0.0,0.0,1.0,6740391.0,7.0,
IDC0249,-1.0,0.0,0.0,0.0,2.0,23792.0,0.0,
ANH1110,-1.0,0.0,0.0,0.0,1.0,22165.0,0.0,
Jaquelyn-Leach,-1.0,0.0,0.0,0.0,1.0,1481275.0,1.0,
RKF1268,-1.0,0.0,0.0,0.0,1.0,2038940.0,2.0,
JDS0177,-1.0,0.0,0.0,0.0,2.0,230574.5,0.5,
RVJ5779,-1.0,0.0,0.0,0.0,1.0,14232.0,0.0,
LLB0437,-1.0,0.0,0.0,0.0,2.0,27696.0,0.0,
RCD767,-1.0,0.0,0.0,0.0,1.0,27021.0,0.0,
WOG4723,-1.0,0.0,0.0,0.0,1.0,27715.0,0.0,
ABM0890,-1.0,0.0,0.0,0.0,1.0,658983.0,1.0,
ALB0668,-1.0,0.0,0.0,0.0,1.0,28174.0,0.0,
JGB1393,-1.0,0.0,0.0,0.0,1.0,41411.0,0.0,
Beverly_Myers,-1.0,0.0,0.0,0.0,1.0,16786.0,0.0,
BHG1947,-1.0,0.0,0.0,0.0,2.0,17087.5,0.0,
MEM0221,-1.0,0.0,0.0,0.0,1.0,17694.0,0.0,
KVF1143,-1.0,0.0,0.0,0.0,1.0,41925.0,0.0,
Velez-Edward,-1.0,0.0,0.0,0.0,1.0,31576.0,0.0,
SSA0188,-1.0,0.0,0.0,0.0,1.0,34702.0,0.0,
BCB1715,-1.0,0.0,0.0,0.0,2.0,24555.5,0.0,
KCK1494,-1.0,0.0,0.0,0.0,2.0,108963.0,0.5,
JIP1503,-1.0,0.0,0.0,0.0,1.0,1035383.0,1.0,
BCR0747,-1.0,0.0,0.0,0.0,1.0,38925.0,0.0,
Fisher-Ivor,-1.0,0.0,0.0,0.0,1.0,26563.0,0.0,
Allegra_Buckner,-1.0,0.0,0.0,0.0,1.0,25905.0,0.0,
Willa.D.Tyson,-1.0,0.0,0.0,0.0,1.0,30812.0,0.0,
CKW0915,-1.0,0.0,0.0,0.0,1.0,22325.0,0.0,
Garrison-Hollee,-1.0,0.0,0.0,0.0,1.0,58113.0,0.0,
TRS0224,-1.0,0.0,0.0,0.0,1.0,4646917.0,5.0,
KCL0099,-1.0,0.0,0.0,0.0,1.0,27209.0,0.0,
Hart-Micah,-1.0,0.0,0.0,0.0,1.0,17446.0,0.0,
DHR4378,-1.0,0.0,0.0,0.0,1.0,20082.0,0.0,
GCD0863,-1.0,0.0,0.0,0.0,1.0,4383254.0,7.0,
YDH0577,-1.0,0.0,0.0,0.0,1.0,2049915.0,2.0,
NRH0510,-1.0,0.0,0.0,0.0,2.0,44078.0,0.0,
PDH1180,-1.0,0.0,0.0,0.0,1.0,21538.0,0.0,
OFB2812,-1.0,0.0,0.0,0.0,1.0,22089.0,0.0,
MML0631,-1.0,0.0,0.0,0.0,1.0,40159.0,0.0,
DTB0964,-1.0,0.0,0.0,0.0,1.0,23428.0,0.0,
LJV1620,-1.0,0.0,0.0,0.0,1.0,3348018.0,2.0,
RBA1723,-1.0,0.0,0.0,0.0,1.0,20610.0,0.0,
Eleanor_Bonner,-1.0,0.0,0.0,0.0,1.0,41413.0,0.0,
Medge_Hayden,-1.0,0.0,0.0,0.0,1.0,33434.0,0.0,
Aimee_Dillon,-1.0,0.0,0.0,0.0,1.0,44727.0,0.0,
JEC1427,-1.0,0.0,0.0,0.0,1.0,24247.0,0.0,
VAC0731,-1.0,0.0,0.0,0.0,1.0,1458983.0,2.0,
Callahan-Ronan,-1.0,0.0,0.0,0.0,1.0,43355.0,0.0,
MTH0737,-1.0,0.0,0.0,0.0,1.0,4236627.0,3.0,
SNO0033,-1.0,0.0,0.0,0.0,1.0,25503.0,0.0,
SMW1131,-1.0,0.0,0.0,0.0,1.0,27709.0,0.0,
IYF1060,-1.0,0.0,0.0,0.0,1.0,4625274.0,4.0,
MOW1888,-1.0,0.0,0.0,0.0,1.0,22863.0,0.0,
LPS9,-1.0,0.0,0.0,0.0,1.0,20242.0,0.0,
AFC0792,-1.0,0.0,0.0,0.0,1.0,16883.0,0.0,
MMR1502,-1.0,0.0,0.0,0.0,1.0,999246.0,1.0,
JBL0615,-1.0,0.0,0.0,0.0,1.0,1459880.0,2.0,
Akeem.G.Barrett,-1.0,0.0,0.0,0.0,1.0,38457.0,0.0,
CIW1591,-1.0,0.0,0.0,0.0,1.0,34917.0,0.0,
KHS1850,-1.0,0.0,0.0,0.0,1.0,1160396.0,1.0,
GFV1837,-1.0,0.0,0.0,0.0,2.0,142056.0,0.5,
DEM0018,-1.0,0.0,0.0,0.0,1.0,789066.0,1.0,
CKB0245,-1.0,0.0,0.0,0.0,1.0,19679.0,0.0,
UHM1273,-1.0,0.0,0.0,0.0,1.0,39094.0,0.0,
KHT0739,-1.0,0.0,0.0,0.0,1.0,38920.0,0.0,
OTE239,-1.0,0.0,0.0,0.0,1.0,40216.0,1.0,
GMR1399,-1.0,0.0,0.0,0.0,1.0,48986.0,0.0,
HRT0984,-1.0,0.0,0.0,0.0,1.0,43985.0,0.0,
NMP0782,-1.0,0.0,0.0,0.0,1.0,14567.0,0.0,
CES0201,-1.0,0.0,0.0,0.0,1.0,29163.0,0.0,
Reynolds-Maxwell,-1.0,0.0,0.0,0.0,1.0,29420.0,0.0,
BWC0509,-1.0,0.0,0.0,0.0,1.0,34240.0,0.0,
Boyd-Aidan,-1.0,0.0,0.0,0.0,2.0,3233413.0,2.5,
WPL0086,-1.0,0.0,0.0,0.0,1.0,33745.0,0.0,
Haynes-Taylor,-1.0,0.0,0.0,0.0,1.0,28865.0,0.0,
Maxwell-Martin,-1.0,0.0,0.0,0.0,1.0,23916.0,0.0,
Myra_C_Tillman,-1.0,0.0,0.0,0.0,2.0,37356.0,0.0,
GBM0346,-1.0,0.0,0.0,0.0,1.0,16080.0,0.0,
CCM1270,-1.0,0.0,0.0,0.0,1.0,44376.0,0.0,
HDH1384,-1.0,0.0,0.0,0.0,1.0,13436.0,0.0,
FCB32,-1.0,0.0,0.0,0.0,1.0,25014.0,0.0,
BTG1551,-1.0,0.0,0.0,0.0,2.0,27951.0,0.0,
Xena_Perez,-1.0,0.0,0.0,0.0,1.0,18905.0,0.0,
NTM884,-1.0,0.0,0.0,0.0,1.0,38770.0,0.0,
AVG1169,-1.0,0.0,0.0,0.0,1.0,35148.0,0.0,
KPM0579,-1.0,0.0,0.0,0.0,1.0,23475.0,0.0,
CPD0474,-1.0,0.0,0.0,0.0,1.0,388385.0,1.0,
WCR1830,-1.0,0.0,0.0,0.0,1.0,25750.0,0.0,
HRB1725,-1.0,0.0,0.0,0.0,1.0,28938.0,0.0,
Diaz-Chancellor,-1.0,0.0,0.0,0.0,2.0,117757.0,0.5,
EBP1022,-1.0,0.0,0.0,0.0,1.0,59827.0,0.0,
WMS1274,-1.0,0.0,0.0,0.0,1.0,29290.0,0.0,
JQS1350,-1.0,0.0,0.0,0.0,1.0,3457208.0,3.0,
Pruitt-Nathaniel,-1.0,0.0,0.0,0.0,1.0,26011.0,0.0,
XJS1358,-1.0,0.0,0.0,0.0,1.0,6154277.0,6.0,
Hannah_A_Ellison,-1.0,0.0,0.0,0.0,1.0,21391.0,0.0,
Zoe_C_Bowen,-1.0,0.0,0.0,0.0,2.0,26256.5,0.0,
Plato-Santiago,-1.0,0.0,0.0,0.0,1.0,15634.0,0.0,
KKP0064,-1.0,0.0,0.0,0.0,1.0,34030.0,0.0,
JJS0013,-1.0,0.0,0.0,0.0,1.0,34306.0,0.0,
JGB487,-1.0,0.0,0.0,0.0,1.0,26026.0,0.0,
KDG1330,-1.0,0.0,0.0,0.0,1.0,23975.0,0.0,
TJG0170,-1.0,0.0,0.0,0.0,1.0,44544.0,0.0,
FCG0693,-1.0,0.0,0.0,0.0,1.0,22516.0,0.0,
EJM1742,-1.0,0.0,0.0,0.0,1.0,840734.0,1.0,
FRM1,-1.0,0.0,0.0,0.0,1.0,24775.0,0.0,
RWJ1403,-1.0,0.0,0.0,0.0,1.0,36639.0,0.0,
TDR1930,-1.0,0.0,0.0,0.0,1.0,44056.0,0.0,
TRP0892,-1.0,0.0,0.0,0.0,1.0,20013.0,0.0,
TBA0283,-1.0,0.0,0.0,0.0,1.0,33643.0,0.0,
JBC1885,-1.0,0.0,0.0,0.0,1.0,1781513.0,1.0,
LSF1709,-1.0,0.0,0.0,0.0,1.0,565561.0,1.0,
JRS0674,-1.0,0.0,0.0,0.0,1.0,34942.0,0.0,
MLC1,-1.0,0.0,0.0,0.0,1.0,2715003.0,3.0,
NIV1608,-1.0,0.0,0.0,0.0,1.0,29960.0,0.0,
RTB0140,-1.0,0.0,0.0,0.0,1.0,34622.0,0.0,
CBM1272,-1.0,0.0,0.0,0.0,1.0,31043.0,0.0,
Idola.B.Santiago,-1.0,0.0,0.0,0.0,1.0,1601717.0,1.0,
AJS3956,-1.0,0.0,0.0,0.0,1.0,20562.0,0.0,
IMC0133,-1.0,0.0,0.0,0.0,1.0,29559.0,0.0,
Rae_Henry,-1.0,0.0,0.0,0.0,1.0,44926.0,0.0,
BRM1454,-1.0,0.0,0.0,0.0,1.0,57616.0,0.0,
ITM0068,-1.0,0.0,0.0,0.0,1.0,37277.0,0.0,
TCC0771,-1.0,0.0,0.0,0.0,1.0,18568.0,0.0,
SPB1853,-1.0,0.0,0.0,0.0,1.0,30255.0,0.0,
JLC0558,-1.0,0.0,0.0,0.0,1.0,1048952.0,1.0,
HCP0900,-1.0,0.0,0.0,0.0,1.0,28455.0,0.0,
CGV0671,-1.0,0.0,0.0,0.0,1.0,1699738.0,2.0,
NKD0115,-1.0,0.0,0.0,0.0,1.0,35700.0,0.0,
Eleanor_H_Jarvis,-1.0,0.0,0.0,0.0,1.0,1836950.0,1.0,
JRC0238,-1.0,0.0,0.0,0.0,1.0,23507.0,0.0,
Althea_M_Berger,-1.0,0.0,0.0,0.0,1.0,52107.0,0.0,
Sarah_Reyes,-1.0,0.0,0.0,0.0,2.0,23461.0,0.0,
JUW151,-1.0,0.0,0.0,0.0,1.0,43863.0,0.0,
NJV1818,-1.0,0.0,0.0,0.0,1.0,82191.0,0.0,
CLS1331,-1.0,0.0,0.0,0.0,1.0,26407.0,0.0,
JJH0862,-1.0,0.0,0.0,0.0,1.0,31937.0,0.0,
VCC0258,-1.0,0.0,0.0,0.0,1.0,42075.0,0.0,
Hannah_R_Chase,-1.0,0.0,0.0,0.0,1.0,42777.0,0.0,
Jemima_Campos,-1.0,0.0,0.0,0.0,1.0,1035693.0,1.0,
Dennis_Lesley,-1.0,0.0,0.0,0.0,1.0,25775.0,0.0,
Pascale_Simmons,-1.0,0.0,0.0,0.0,1.0,33473.0,0.0,
Octavius-Bradford,-1.0,0.0,0.0,0.0,1.0,29394.0,0.0,
DJA0192,-1.0,0.0,0.0,0.0,1.0,25770.0,0.0,
OHA1516,-1.0,0.0,0.0,0.0,1.0,48347.0,0.0,
SQC1296,-1.0,0.0,0.0,0.0,1.0,44835.0,0.0,
ZOF1559,-1.0,0.0,0.0,0.0,1.0,29518.0,0.0,
TDC0800,-1.0,0.0,0.0,0.0,1.0,33573.0,0.0,
WLN0852,-1.0,0.0,0.0,0.0,1.0,30633.0,0.0,
Igor_Rowland,-1.0,0.0,0.0,0.0,1.0,13000.0,0.0,
EMM0641,-1.0,0.0,0.0,0.0,2.0,2602682.5,2.5,
MCS0242,-1.0,0.0,0.0,0.0,2.0,325077.5,0.5,
Spears-Lyle,-1.0,0.0,0.0,0.0,1.0,774416.0,1.0,
FRS0694,-1.0,0.0,0.0,0.0,1.0,1032176.0,2.0,
BLC1263,-1.0,0.0,0.0,0.0,1.0,24574.0,0.0,
OKH0453,-1.0,0.0,0.0,0.0,1.0,17020.0,0.0,
NMM0026,-1.0,0.0,0.0,0.0,2.0,28857.5,0.0,
YCC0119,-1.0,0.0,0.0,0.0,1.0,1828888.0,2.0,
Neve_Burton,-1.0,0.0,0.0,0.0,1.0,17318.0,0.0,
DNW0899,-1.0,0.0,0.0,0.0,2.0,733946.5,0.5,
JJM0234,-1.0,0.0,0.0,0.0,1.0,1054193.0,1.0,
OWC7622,-1.0,0.0,0.0,0.0,1.0,27678.0,0.0,
RSM1133,-1.0,0.0,0.0,0.0,1.0,20205.0,0.0,
HNJ0638,-1.0,0.0,0.0,0.0,1.0,46351.0,0.0,
Fitzpatrick-Oliver,-1.0,0.0,0.0,0.0,1.0,53686.0,0.0,
Schwartz-Gavin,-1.0,0.0,0.0,0.0,1.0,29416.0,0.0,
ACH1011,-1.0,0.0,0.0,0.0,1.0,28828.0,0.0,
STW0237,-1.0,0.0,0.0,0.0,1.0,24260.0,0.0,
QEL1515,-1.0,0.0,0.0,0.0,1.0,21581.0,0.0,
Caldwell-Eden,-1.0,0.0,0.0,0.0,1.0,4516392.0,4.0,
Xerxes.F.King,-1.0,0.0,0.0,0.0,1.0,1811672.0,1.0,
TAB3,-1.0,0.0,0.0,0.0,1.0,20499.0,0.0,
KIS1205,-1.0,0.0,0.0,0.0,1.0,37056.0,0.0,
Cadman_Mann,-1.0,0.0,0.0,0.0,1.0,19959.0,0.0,
JBR1940,-1.0,0.0,0.0,0.0,1.0,29620.0,0.0,
JDR2775,-1.0,0.0,0.0,0.0,1.0,23976.0,0.0,
JCM0580,-1.0,0.0,0.0,0.0,1.0,45599.0,0.0,
CGN2,-1.0,0.0,0.0,0.0,1.0,13870.0,0.0,
SFJ0856,-1.0,0.0,0.0,0.0,1.0,33098.0,0.0,
GJM1409,-1.0,0.0,0.0,0.0,1.0,24192.0,0.0,
CCB1836,-1.0,0.0,0.0,0.0,1.0,59599.0,0.0,
Padilla_Tamekah,-1.0,0.0,0.0,0.0,1.0,17325.0,0.0,
Ila_N_Woodward,-1.0,0.0,0.0,0.0,1.0,14458.0,0.0,
KMC1934,-1.0,0.0,0.0,0.0,1.0,33816.0,0.0,
JSB0803,-1.0,0.0,0.0,0.0,1.0,32521.0,0.0,
HMI1448,-1.0,0.0,0.0,0.0,1.0,36248.0,0.0,
ZWS0755,-1.0,0.0,0.0,0.0,1.0,38340.0,0.0,
CJL0143,-1.0,0.0,0.0,0.0,1.0,44926.0,0.0,
FAD34,-1.0,0.0,0.0,0.0,1.0,63612.0,0.0,
CWR0696,-1.0,0.0,0.0,0.0,1.0,52976.0,0.0,
MAG0780,-1.0,0.0,0.0,0.0,1.0,613101.0,1.0,
DLW2264,-1.0,0.0,0.0,0.0,1.0,201174.0,1.0,
DKG0161,-1.0,0.0,0.0,0.0,1.0,10499564.0,8.0,
NVA1748,-1.0,0.0,0.0,0.0,1.0,580051.0,1.0,
AMG1628,-1.0,0.0,0.0,0.0,1.0,28392.0,0.0,
Mcdonald_MacKensie,-1.0,0.0,0.0,0.0,1.0,49344.0,1.0,
Carney-Amos,-1.0,0.0,0.0,0.0,1.0,1630484.0,1.0,
HDL0789,-1.0,0.0,0.0,0.0,1.0,371884.0,1.0,
CCW0097,-1.0,0.0,0.0,0.0,1.0,58527.0,0.0,
LAH0463,-1.0,0.0,0.0,0.0,1.0,28887.0,0.0,
SWM1101,-1.0,0.0,0.0,0.0,1.0,40194.0,0.0,
Shellie_Levine,-1.0,0.0,0.0,0.0,1.0,44602.0,0.0,
SKC0074,-1.0,0.0,0.0,0.0,1.0,26299.0,0.0,
Potter-James,-1.0,0.0,0.0,0.0,1.0,34092.0,0.0,
TCF0559,-1.0,0.0,0.0,0.0,1.0,30388.0,0.0,
Daniel.L.Barron,-1.0,0.0,0.0,0.0,1.0,1266516.0,1.0,
Clayton_Cade,-1.0,0.0,0.0,0.0,1.0,24114.0,0.0,
TSG0262,-1.0,0.0,0.0,0.0,1.0,43992.0,0.0,
ARM0333,-1.0,0.0,0.0,0.0,1.0,2188619.0,1.0,
JOR1495,-1.0,0.0,0.0,0.0,1.0,33405.0,0.0,
LMG0065,-1.0,0.0,0.0,0.0,1.0,31175.0,0.0,
BCL1423,-1.0,0.0,0.0,0.0,1.0,28427.0,0.0,
Chiquita_Gross,-1.0,0.0,0.0,0.0,1.0,33737.0,0.0,
Bert.G.Mann,-1.0,0.0,0.0,0.0,1.0,25778.0,0.0,
SJD1957,-1.0,0.0,0.0,0.0,1.0,31339.0,0.0,
HBF0022,-1.0,0.0,0.0,0.0,1.0,54893.0,0.0,
ZHP0989,-1.0,0.0,0.0,0.0,1.0,1685173.0,1.0,
SWC1392,-1.0,0.0,0.0,0.0,1.0,16035.0,0.0,
GLC1878,-1.0,0.0,0.0,0.0,1.0,34887.0,0.0,
Justine.C.Valenzuela,-1.0,0.0,0.0,0.0,1.0,27152.0,0.0,
UJC0329,-1.0,0.0,0.0,0.0,1.0,895028.0,1.0,
NGB1625,-1.0,0.0,0.0,0.0,1.0,17570.0,0.0,
BCA1517,-1.0,0.0,0.0,0.0,1.0,1367833.0,3.0,
Hyacinth.N.Petersen,-1.0,0.0,0.0,0.0,1.0,19060.0,0.0,
JMV1450,-1.0,0.0,0.0,0.0,1.0,29561.0,0.0,
YNC1336,-1.0,0.0,0.0,0.0,1.0,5374700.0,5.0,
OFS0030,-1.0,0.0,0.0,0.0,1.0,25745.0,0.0,
EBD1636,-1.0,0.0,0.0,0.0,1.0,21345.0,0.0,
Puckett-Regan,-1.0,0.0,0.0,0.0,1.0,44738.0,0.0,
EAP0312,-1.0,0.0,0.0,0.0,1.0,34074.0,0.0,
JJF1167,-1.0,0.0,0.0,0.0,1.0,69957.0,1.0,
MQS0196,-1.0,0.0,0.0,0.0,1.0,20803.0,0.0,
CNM1208,-1.0,0.0,0.0,0.0,1.0,24026.0,0.0,
TCH0264,-1.0,0.0,0.0,0.0,1.0,39669.0,0.0,
Eden.M.Rocha,-1.0,0.0,0.0,0.0,1.0,34092.0,0.0,
RNC1295,-1.0,0.0,0.0,0.0,1.0,1443613.0,2.0,
GPS29,-1.0,0.0,0.0,0.0,1.0,38096.0,0.0,
BKL0545,-1.0,0.0,0.0,0.0,1.0,27088.0,0.0,
KST1643,-1.0,0.0,0.0,0.0,1.0,31280.0,0.0,
PXS0749,-1.0,0.0,0.0,0.0,1.0,39511.0,0.0,
Burns-Uriel,-1.0,0.0,0.0,0.0,1.0,17177.0,0.0,
HKW1995,-1.0,0.0,0.0,0.0,1.0,1842247.0,1.0,
ICP1063,-1.0,0.0,0.0,0.0,1.0,2497864.0,1.0,
OWS0279,-1.0,0.0,0.0,0.0,1.0,26885.0,0.0,
DEM25,-1.0,0.0,0.0,0.0,1.0,345444.0,1.0,
YLH0423,-1.0,0.0,0.0,0.0,1.0,41464.0,0.0,
