Beverly_N_Simon,0.571428571429,22.0,42894.1363636,0.0454545454545,6.0,544597.833333,0.833333333333,
Kai_E_Morris,0.142857142857,8.0,97692.5,0.25,6.0,239281.666667,0.333333333333,
CVS0720,-0.50990990991,136.0,142138.088235,0.132352941176,419.0,640703.477327,0.680190930788,
IDC0249,-0.677419354839,5.0,33097.2,0.0,26.0,1073108.26923,1.34615384615,
BDP1162,-0.531914893617,22.0,117206.045455,0.136363636364,72.0,31119.0833333,0.0,
Rutledge-Talon,-0.428571428571,6.0,30620.6666667,0.0,15.0,128719.733333,0.133333333333,
UJC0329,-0.5,8.0,84933.0,0.125,24.0,924052.666667,1.0,
RHM0775,1.0,1.0,17404.0,0.0,0.0,0.0,0.0,
OAJ0244,-0.777777777778,3.0,24639.0,0.0,24.0,32598.2916667,0.0,
KEM1211,-0.5,8.0,27587.125,0.0,24.0,697755.958333,0.833333333333,
TIR0025,-0.74358974359,5.0,28552.2,0.0,34.0,407784.588235,0.441176470588,
XAW0912,-0.658536585366,7.0,217538.857143,0.142857142857,34.0,730933.852941,0.911764705882,
CKC0487,0.314285714286,23.0,70785.3478261,0.0869565217391,12.0,843565.916667,1.0,
YVJ0986,-0.461538461538,7.0,859347.428571,0.857142857143,19.0,695967.526316,0.684210526316,
NIM3,0.0,6.0,27878.0,0.0,6.0,421007.666667,0.333333333333,
Phelan.R.Donaldson,-0.0909090909091,10.0,31218.7,0.0,12.0,262976.166667,0.25,
Charissa_Short,-0.391304347826,63.0,49562.9206349,0.015873015873,144.0,875479.4375,0.902777777778,
JJC0259,-0.72972972973,5.0,41757.2,0.0,32.0,174208.53125,0.15625,
Sarah.L.Franklin,-0.529411764706,4.0,21052.25,0.0,13.0,185196.692308,0.307692307692,
YVJ641,-0.176470588235,7.0,29353.7142857,0.0,10.0,804916.8,0.7,
ICW0083,-0.354838709677,10.0,214506.6,0.1,21.0,193207.619048,0.142857142857,
MDR0572,-0.548387096774,7.0,35491.5714286,0.0,24.0,29555.8333333,0.0,
NPB6,1.0,34.0,132231.676471,0.117647058824,0.0,0.0,0.0,
Mason.D.Rhodes,-0.411764705882,5.0,187705.0,0.2,12.0,30861.3333333,0.0,
Bullock-Noble,1.0,31.0,98355.7096774,0.0967741935484,0.0,0.0,0.0,
SLF1195,-0.555555555556,6.0,26471.0,0.0,21.0,833008.952381,0.809523809524,
Compton_Ursula,-0.6,3.0,37828.3333333,0.0,12.0,1776437.08333,2.0,
GTC0081,0.2,12.0,27139.5,0.0,8.0,1266624.125,0.75,
HWS0101,1.0,1.0,1421869.0,1.0,0.0,0.0,0.0,
DTE87,1.0,26.0,28929.2307692,0.0,0.0,0.0,0.0,
KAD0387,1.0,1.0,33595.0,0.0,0.0,0.0,0.0,
DHP0732,1.0,1.0,33595.0,0.0,0.0,0.0,0.0,
ICW6286,-0.5,3.0,30316.6666667,0.0,9.0,28570.0,0.0,
Dotson_Leo,1.0,1.0,31664.0,0.0,0.0,0.0,0.0,
HRR0079,-0.0714285714286,13.0,259374.461538,0.230769230769,15.0,421009.933333,0.4,
Chantale_Butler,-0.733333333333,2.0,31651.5,0.0,13.0,585732.153846,0.615384615385,
Lars_Patterson,-0.567567567568,16.0,146387.6875,0.125,58.0,326518.551724,0.362068965517,
JJC48,-0.76,3.0,27594.3333333,0.0,22.0,144036.727273,0.0909090909091,
ACW0078,0.0625,17.0,29904.5294118,0.0,15.0,393671.466667,0.4,
DTE6,1.0,26.0,116530.769231,0.0769230769231,0.0,0.0,0.0,
JAC1275,1.0,1.0,25290.0,0.0,0.0,0.0,0.0,
SBP1176,1.0,1.0,22114.0,0.0,0.0,0.0,0.0,
CTB0923,-0.8125,3.0,37361.3333333,0.0,29.0,470386.896552,0.379310344828,
Petersen-Benjamin,-0.606060606061,13.0,28539.5384615,0.0,53.0,31376.4339623,0.0,
Dixon-Alexa,1.0,2.0,28652.0,0.0,0.0,0.0,0.0,
Riddle.Harding,0.166666666667,21.0,30077.4761905,0.0,15.0,173287.333333,0.2,
Moody-Carlos,1.0,1.0,28994.0,0.0,0.0,0.0,0.0,
Tanisha.A.Kirkland,1.0,1.0,1272668.0,1.0,0.0,0.0,0.0,
OAJ3926,-0.818181818182,2.0,1341021.0,1.5,20.0,28023.8,0.0,
XAW13,-0.739130434783,3.0,26532.3333333,0.0,20.0,662833.35,0.65,
PRD0922,-0.655172413793,5.0,32446.6,0.0,24.0,445214.208333,0.5,
NIM1203,-0.4375,9.0,34465.0,0.0,23.0,455154.956522,0.608695652174,
APR1168,-0.352941176471,11.0,150506.545455,0.272727272727,23.0,195710.695652,0.173913043478,
RDM0489,0.030303030303,17.0,27896.2352941,0.0,16.0,922923.5625,1.25,
CHL2483,-0.6,2.0,25635.0,0.0,8.0,331554.625,0.375,
APR1,-0.384615384615,4.0,31128.5,0.0,9.0,177486.666667,0.222222222222,
Moses.Fitzgerald,0.0,1.0,31536.0,0.0,1.0,16125.0,0.0,
Good-Boris,-0.1,18.0,43986.6666667,0.0555555555556,22.0,28997.8181818,0.0,
Amethyst_C_Witt,0.0322580645161,16.0,60531.0,0.0625,15.0,245798.2,0.333333333333,
Mira.E.Wooten,0.235294117647,21.0,176673.52381,0.142857142857,13.0,295284.461538,0.307692307692,
GTC4,-0.351351351351,12.0,26837.9166667,0.0,25.0,389916.84,0.4,
Imani_Church,-0.75,1.0,46999.0,0.0,7.0,864095.428571,0.857142857143,
Whoopi_Short,0.190476190476,25.0,198498.44,0.24,17.0,578384.941176,0.705882352941,
Nichole_Hines,-0.190476190476,17.0,117153.882353,0.117647058824,25.0,305305.08,0.36,
HDM1040,1.0,1.0,22915.0,0.0,0.0,0.0,0.0,
Hickman.Xenos,-0.612903225806,6.0,30881.5,0.0,25.0,221680.92,0.24,
HRE0297,1.0,2.0,36011.5,0.0,0.0,0.0,0.0,
EAC6,1.0,1.0,15383.0,0.0,0.0,0.0,0.0,
CPD0474,1.0,2.0,41979.0,0.0,0.0,0.0,0.0,
CHL0953,-0.933333333333,1.0,21657.0,0.0,29.0,767472.551724,0.758620689655,
MEW0485,-0.238095238095,8.0,288209.125,0.375,13.0,564217.538462,0.692307692308,
PBC0077,-0.882352941176,6.0,36241.8333333,0.0,96.0,369558.4375,0.447916666667,
BPA0095,-0.710843373494,12.0,827964.416667,0.916666666667,71.0,31374.6197183,0.0,
VWM0491,-0.0909090909091,10.0,138402.9,0.1,12.0,1153555.25,1.16666666667,
BNS0484,0.5,12.0,32027.0833333,0.0,4.0,2854352.75,3.0,
NBH0488,0.133333333333,17.0,27067.7647059,0.0,13.0,1390499.84615,1.23076923077,
Pearl_B_Cortez,-0.588235294118,14.0,24534.5,0.0,54.0,265356.203704,0.240740740741,
Short-Arsenio,0.0,1.0,36637.0,0.0,1.0,43773.0,0.0,
Baldwin-Aquila,0.103448275862,16.0,33987.0625,0.0,13.0,313368.769231,0.461538461538,
XJH0483,0.2,15.0,29749.4,0.0,10.0,195375.1,0.4,
LTP0072,-0.628865979381,18.0,52698.7222222,0.0555555555556,79.0,520412.746835,0.569620253165,
MGH0593,1.0,1.0,41115.0,0.0,0.0,0.0,0.0,
DCS0636,1.0,1.0,37552.0,0.0,0.0,0.0,0.0,
Moody-Rooney,0.290322580645,20.0,108777.95,0.1,11.0,410019.727273,0.545454545455,
BJG0492,-0.396825396825,19.0,32766.0,0.0,44.0,31763.0909091,0.0,
AGB0447,-0.333333333333,1.0,1204584.0,1.0,2.0,25154.5,0.0,
ATB0490,0.317073170732,27.0,99788.2222222,0.0740740740741,14.0,904172.214286,1.07142857143,
NKT1510,1.0,2.0,39444.0,0.0,0.0,0.0,0.0,
WMS0486,-0.111111111111,12.0,134439.416667,0.166666666667,15.0,477995.466667,0.533333333333,
CKW0915,1.0,1.0,21537.0,0.0,0.0,0.0,0.0,
DEB2,1.0,1.0,72364.0,0.0,0.0,0.0,0.0,
Jensen-Cole,1.0,1.0,31760.0,0.0,0.0,0.0,0.0,
WHB1247,1.0,1.0,18930.0,0.0,0.0,0.0,0.0,
Vanna_W_Mcbride,-0.0666666666667,14.0,29203.2857143,0.0,16.0,768193.25,1.0,
Terrell-Dieter,1.0,1.0,20337.0,0.0,0.0,0.0,0.0,
Rodgers-Berk,1.0,1.0,28771.0,0.0,0.0,0.0,0.0,
Cantrell_Charity,0.0909090909091,12.0,462584.833333,0.333333333333,10.0,1649993.9,1.5,
Quincy.J.Franklin,1.0,2.0,19662.0,0.0,0.0,0.0,0.0,
SMB0473,1.0,2.0,24396.0,0.0,0.0,0.0,0.0,
Lysandra_M_Maxwell,-0.385826771654,78.0,97003.5128205,0.0897435897436,176.0,245378.244318,0.278409090909,
LMM0167,-0.566371681416,98.0,47197.5102041,0.0510204081633,354.0,343567.016949,0.372881355932,
LDM0399,1.0,1.0,1632765.0,1.0,0.0,0.0,0.0,
WHG1669,1.0,1.0,17098.0,0.0,0.0,0.0,0.0,
LKB0734,-0.572413793103,93.0,153856.043011,0.150537634409,342.0,370165.649123,0.409356725146,
Butler_Lesley,-0.42238267148,80.0,110025.925,0.075,197.0,251624.142132,0.279187817259,
Alexis_Hopper,1.0,1.0,20924.0,0.0,0.0,0.0,0.0,
LKC95,1.0,1.0,149663.0,1.0,0.0,0.0,0.0,
Abigail_Petersen,1.0,1.0,30714.0,0.0,0.0,0.0,0.0,
Chang-Vaughan,1.0,1.0,38246.0,0.0,0.0,0.0,0.0,
GRB1842,0.0,1.0,20657.0,0.0,1.0,1978513.0,2.0,
OCD1985,1.0,1.0,23068.0,0.0,0.0,0.0,0.0,
DEB1767,1.0,2.0,37222.0,0.0,0.0,0.0,0.0,
DJT1534,1.0,1.0,20499.0,0.0,0.0,0.0,0.0,
DBB1004,1.0,2.0,26432.0,0.0,0.0,0.0,0.0,
Gordon-Graham,0.0,1.0,44981.0,0.0,1.0,2749840.0,4.0,
Kelsie_Flowers,0.0,1.0,40372.0,0.0,1.0,22737.0,0.0,
Iliana.G.Nelson,1.0,2.0,24020.0,0.0,0.0,0.0,0.0,
Risa_D_Bowen,1.0,1.0,49028.0,0.0,0.0,0.0,0.0,
SYB0093,1.0,1.0,1285668.0,2.0,0.0,0.0,0.0,
FLM1541,1.0,1.0,47964.0,0.0,0.0,0.0,0.0,
DJP1603,1.0,1.0,49356.0,0.0,0.0,0.0,0.0,
Tatum_Daniel,0.333333333333,2.0,20011.0,0.0,1.0,16052.0,0.0,
Liberty_Buchanan,1.0,1.0,20011.0,0.0,0.0,0.0,0.0,
CKR1446,1.0,1.0,25987.0,0.0,0.0,0.0,0.0,
Ashely_Rose,1.0,1.0,457610.0,1.0,0.0,0.0,0.0,
Vance-Linus,1.0,1.0,27621.0,0.0,0.0,0.0,0.0,
James_Curtis,0.333333333333,2.0,34380.0,0.0,1.0,758393.0,1.0,
Vance-Harrison,1.0,2.0,13868.0,0.0,0.0,0.0,0.0,
SCF4,1.0,2.0,23756.0,0.0,0.0,0.0,0.0,
Cyrus.B.Kline,0.0,1.0,916707.0,1.0,1.0,42849.0,0.0,
May_Hayden,1.0,1.0,69338.0,0.0,0.0,0.0,0.0,
Bruce.G.Kelley,0.0,1.0,2025712.0,2.0,1.0,48117.0,0.0,
ETW0002,1.0,1.0,20019.0,0.0,0.0,0.0,0.0,
Venus_Massey,1.0,1.0,27647.0,0.0,0.0,0.0,0.0,
GSV0295,1.0,2.0,16830.0,0.0,0.0,0.0,0.0,
RMT0496,1.0,1.0,21353.0,0.0,0.0,0.0,0.0,
LAD0226,0.333333333333,2.0,22583.5,0.0,1.0,32004.0,0.0,
MHM1645,1.0,2.0,14765.0,0.0,0.0,0.0,0.0,
LFB0452,1.0,1.0,22244.0,0.0,0.0,0.0,0.0,
BBC1191,1.0,1.0,37794.0,0.0,0.0,0.0,0.0,
AEH0001,0.0,1.0,16102.0,0.0,1.0,17607.0,0.0,
Xaviera_Gallegos,1.0,1.0,32830.0,0.0,0.0,0.0,0.0,
Pearl.B.Cortez,1.0,10.0,32450.2,0.0,0.0,0.0,0.0,
Flynn-Steel,1.0,1.0,29049.0,0.0,0.0,0.0,0.0,
Alisa_Morton,1.0,1.0,23759.0,0.0,0.0,0.0,0.0,
GSH1262,1.0,1.0,18467.0,0.0,0.0,0.0,0.0,
Pacheco-Dexter,1.0,1.0,27054.0,0.0,0.0,0.0,0.0,
Hillary.J.Blackburn,1.0,1.0,33638.0,0.0,0.0,0.0,0.0,
WCW2579,1.0,1.0,23055.0,0.0,0.0,0.0,0.0,
NJD1644,1.0,2.0,20731.0,0.0,0.0,0.0,0.0,
Teagan.T.Moore,1.0,1.0,35347.0,0.0,0.0,0.0,0.0,
CCM1401,1.0,2.0,21655.0,0.0,0.0,0.0,0.0,
OWS84,1.0,1.0,19925.0,0.0,0.0,0.0,0.0,
RMV674,1.0,1.0,37212.0,0.0,0.0,0.0,0.0,
GRB56,1.0,1.0,37212.0,0.0,0.0,0.0,0.0,
ALN0182,1.0,1.0,23808.0,0.0,0.0,0.0,0.0,
Dale-Damon,1.0,1.0,38276.0,0.0,0.0,0.0,0.0,
AXS0729,0.0,1.0,14853.0,0.0,1.0,29361.0,0.0,
BKH4342,1.0,1.0,69709.0,0.0,0.0,0.0,0.0,
Hampton_Freya,1.0,1.0,32988.0,0.0,0.0,0.0,0.0,
RCD767,0.333333333333,2.0,22374.0,0.0,1.0,33212.0,0.0,
DHR4378,0.0,1.0,21529.0,0.0,1.0,17202.0,0.0,
IQT0352,1.0,1.0,29802.0,0.0,0.0,0.0,0.0,
OCL1245,1.0,2.0,22858.0,0.0,0.0,0.0,0.0,
ACD1174,1.0,2.0,34643.0,0.0,0.0,0.0,0.0,
FES1814,1.0,1.0,34643.0,0.0,0.0,0.0,0.0,
WAH0793,0.0,1.0,25578.0,0.0,1.0,1017185.0,1.0,
Ward_Chastity,1.0,1.0,43323.0,0.0,0.0,0.0,0.0,
ASR0150,1.0,1.0,24801.0,0.0,0.0,0.0,0.0,
Amity.K.Puckett,1.0,1.0,19536.0,0.0,0.0,0.0,0.0,
Weaver-Nathan,1.0,1.0,50494.0,0.0,0.0,0.0,0.0,
ILM1595,1.0,1.0,28350.0,0.0,0.0,0.0,0.0,
Wyatt-Barnett,1.0,2.0,48984.0,0.0,0.0,0.0,0.0,
DLM1699,1.0,2.0,26128.0,0.0,0.0,0.0,0.0,
CJH0504,1.0,1.0,30571.0,0.0,0.0,0.0,0.0,
MEH0029,1.0,2.0,28820.0,0.0,0.0,0.0,0.0,
Jonathan_Buck,1.0,1.0,34123.0,0.0,0.0,0.0,0.0,
LRF1009,-0.432835820896,19.0,31564.3684211,0.0,48.0,28351.0,0.0,
YLR1188,-0.45652173913,25.0,30002.52,0.0,67.0,411491.671642,0.402985074627,
FMH1018,1.0,1.0,27575.0,0.0,0.0,0.0,0.0,
HBW0683,-0.475,21.0,50845.4761905,0.047619047619,59.0,408701.966102,0.35593220339,
KRM1306,0.304347826087,15.0,125694.2,0.133333333333,8.0,33752.875,0.0,
Wilkins-Brody,-0.547169811321,12.0,351413.916667,0.25,41.0,506931.268293,0.487804878049,
JJA1164,-0.366666666667,19.0,31010.0526316,0.0,41.0,74873.5365854,0.0487804878049,
Ross_Yetta,-0.142857142857,9.0,318509.888889,0.222222222222,12.0,218414.416667,0.166666666667,
Joan_Alvarado,-0.533333333333,14.0,33791.8571429,0.0,46.0,365182.717391,0.5,
SKV96,-0.285714285714,15.0,27636.5333333,0.0,27.0,767255.185185,0.703703703704,
Adrienne.T.Collier,1.0,1.0,26816.0,0.0,0.0,0.0,0.0,
BWW0751,-0.446153846154,18.0,48781.5,0.0555555555556,47.0,229015.234043,0.191489361702,
BNN0975,-0.5,15.0,28698.0,0.0,45.0,543138.288889,0.666666666667,
TKP46,-0.318181818182,15.0,215225.8,0.2,29.0,31941.5862069,0.0,
PXS1,-0.685714285714,11.0,77552.7272727,0.0909090909091,59.0,114117.966102,0.101694915254,
ZRF1980,0.0967741935484,17.0,32094.2941176,0.0,14.0,106027.0,0.0714285714286,
SKV0041,-0.405405405405,22.0,124022.545455,0.136363636364,52.0,401955.269231,0.480769230769,
Kaseem-Marks,-0.130434782609,10.0,32718.8,0.0,13.0,29204.0,0.0,
Halee_Walters,-0.666666666667,7.0,32752.7142857,0.0,35.0,474302.6,0.457142857143,
Kennedy-Josiah,1.0,1.0,29310.0,0.0,0.0,0.0,0.0,
Riggs-Elijah,-0.574468085106,10.0,25087.7,0.0,37.0,672070.972973,0.648648648649,
KGD0416,1.0,1.0,32172.0,0.0,0.0,0.0,0.0,
Conner-Clayton,0.0,1.0,20554.0,0.0,1.0,28204.0,0.0,
WWW0701,-0.04,12.0,263358.416667,0.25,13.0,28145.1538462,0.0,
TKP1186,-0.6,14.0,28487.6428571,0.0,56.0,28269.3928571,0.0,
ERR0525,-0.578947368421,12.0,97381.5833333,0.0833333333333,45.0,498060.711111,0.533333333333,
Willow.Walter,0.2,12.0,50958.9166667,0.166666666667,8.0,30304.625,0.0,
Brenda_P_Allison,-0.666666666667,13.0,135747.692308,0.153846153846,65.0,29149.1846154,0.0,
Lesley.A.Holloway,-0.708333333333,7.0,29952.5714286,0.0,41.0,30786.3658537,0.0,
SDW1781,0.0,1.0,57623.0,0.0,1.0,22321.0,0.0,
Bridges_Martina,1.0,2.0,22094.0,0.0,0.0,0.0,0.0,
LAH0463,-0.548387096774,21.0,34273.047619,0.0,72.0,31546.1805556,0.0,
MGB9246,0.555555555556,7.0,32853.5714286,0.0,2.0,22503.5,0.0,
Bethany_Newman,-0.393939393939,10.0,30276.5,0.0,23.0,877505.347826,0.95652173913,
PSC8,1.0,2.0,26297.0,0.0,0.0,0.0,0.0,
Hannah_R_Chase,-0.470588235294,9.0,38400.1111111,0.0,25.0,29293.84,0.0,
PXS0749,-0.590909090909,9.0,28787.8888889,0.0,35.0,307240.257143,0.314285714286,
NRO1752,1.0,2.0,35701.0,0.0,0.0,0.0,0.0,
YMF1089,1.0,1.0,35701.0,0.0,0.0,0.0,0.0,
Lyle_Ferrell,-0.653846153846,9.0,35197.7777778,0.0,43.0,30391.7674419,0.0,
HRC0977,-0.483870967742,16.0,85395.9375,0.0625,46.0,29082.5,0.0,
MGB1235,-0.666666666667,1.0,19739.0,0.0,5.0,39113.4,0.0,
MAE0515,1.0,2.0,43938.0,0.0,0.0,0.0,0.0,
Gisela_Hart,1.0,1.0,262563.0,1.0,0.0,0.0,0.0,
KGL434,1.0,1.0,25465.0,0.0,0.0,0.0,0.0,
Jeanette_Mckee,1.0,1.0,29267.0,0.0,0.0,0.0,0.0,
Floyd_Zachary,-0.0588235294118,8.0,369489.0,0.125,9.0,40911.5555556,0.111111111111,
Joan_O_Zimmerman,1.0,2.0,38946.0,0.0,0.0,0.0,0.0,
JTS0903,1.0,1.0,54422.0,0.0,0.0,0.0,0.0,
SRR0324,1.0,1.0,30859.0,0.0,0.0,0.0,0.0,
GFS0555,0.0,1.0,44509.0,0.0,1.0,53091.0,0.0,
Mira.G.Benton,1.0,10.0,410973.2,0.3,0.0,0.0,0.0,
CWW4,1.0,1.0,19368.0,0.0,0.0,0.0,0.0,
XJS7,1.0,2.0,15093.0,0.0,0.0,0.0,0.0,
Hartman-Fritz,1.0,1.0,29494.0,0.0,0.0,0.0,0.0,
BJH0601,1.0,1.0,18974.0,0.0,0.0,0.0,0.0,
Amber_Greer,1.0,1.0,28032.0,0.0,0.0,0.0,0.0,
WCW1013,1.0,2.0,35067.0,0.0,0.0,0.0,0.0,
ZEP0543,1.0,1.0,33433.0,0.0,0.0,0.0,0.0,
GHW0372,1.0,1.0,36364.0,0.0,0.0,0.0,0.0,
Maxine_Willis,0.0,1.0,23741.0,0.0,1.0,1448199.0,1.0,
LPL0420,1.0,1.0,37128.0,0.0,0.0,0.0,0.0,
JRS0674,1.0,1.0,27995.0,0.0,0.0,0.0,0.0,
NCC0454,1.0,2.0,35165.0,0.0,0.0,0.0,0.0,
SCH0670,1.0,1.0,38531.0,0.0,0.0,0.0,0.0,
CWW1120,1.0,2.0,13354.0,0.0,0.0,0.0,0.0,
LSO55,0.0,2.0,39081.0,0.0,2.0,35732.0,0.0,
EOG1646,1.0,1.0,39081.0,0.0,0.0,0.0,0.0,
JLC1301,1.0,1.0,31500.0,0.0,0.0,0.0,0.0,
OAP14,1.0,1.0,40390.0,0.0,0.0,0.0,0.0,
Rhoda_D_Stewart,1.0,1.0,23122.0,0.0,0.0,0.0,0.0,
CJL0143,0.333333333333,2.0,40183.0,0.0,1.0,19429.0,0.0,
IPF0550,1.0,1.0,40183.0,0.0,0.0,0.0,0.0,
Leslie_Lawson,1.0,1.0,21463.0,0.0,0.0,0.0,0.0,
Ulla_Barber,1.0,1.0,21229.0,0.0,0.0,0.0,0.0,
LMP1543,1.0,1.0,39736.0,0.0,0.0,0.0,0.0,
KNM4,1.0,1.0,26791.0,0.0,0.0,0.0,0.0,
Morgan_Dixon,1.0,1.0,47985.0,0.0,0.0,0.0,0.0,
IKB0691,1.0,1.0,37701.0,0.0,0.0,0.0,0.0,
BCC1597,1.0,1.0,19878.0,0.0,0.0,0.0,0.0,
Carroll-Mohammad,1.0,2.0,18876.0,0.0,0.0,0.0,0.0,
Abra_Mccoy,1.0,1.0,18876.0,0.0,0.0,0.0,0.0,
RCW1932,1.0,2.0,17625.0,0.0,0.0,0.0,0.0,
ACH1840,1.0,1.0,17625.0,0.0,0.0,0.0,0.0,
Autumn-Wells,0.0,1.0,1834925.0,4.0,1.0,18998.0,0.0,
Willow_W_Walter,1.0,5.0,37891.4,0.0,0.0,0.0,0.0,
Nola_Donaldson,1.0,1.0,44552.0,0.0,0.0,0.0,0.0,
Whitfield-Jin,1.0,1.0,36018.0,0.0,0.0,0.0,0.0,
TLS0643,0.0,2.0,35974.0,0.0,2.0,26641.5,0.0,
Burt_Giselle,1.0,1.0,24424.0,0.0,0.0,0.0,0.0,
Justine.P.Mccullough,1.0,1.0,1452255.0,1.0,0.0,0.0,0.0,
MMR0390,1.0,2.0,25202.0,0.0,0.0,0.0,0.0,
AOH0883,1.0,1.0,40044.0,0.0,0.0,0.0,0.0,
PHG69,0.0,1.0,22805.0,0.0,1.0,30297.0,0.0,
NTB0710,1.0,1.0,26919.0,0.0,0.0,0.0,0.0,
CCC1691,1.0,1.0,34066.0,0.0,0.0,0.0,0.0,
GVM1337,-1.0,0.0,0.0,0.0,2.0,2380757.0,2.0,
ALW0764,-1.0,0.0,0.0,0.0,1.0,454390.0,2.0,
CEG1442,-1.0,0.0,0.0,0.0,1.0,25002.0,0.0,
Weaver-Amir,-1.0,0.0,0.0,0.0,1.0,2793243.0,3.0,
WLH7557,-1.0,0.0,0.0,0.0,2.0,23924.0,0.0,
Germane_Velez,-1.0,0.0,0.0,0.0,1.0,2125050.0,2.0,
OWS0279,-1.0,0.0,0.0,0.0,2.0,21333.5,0.0,
HGG0166,-1.0,0.0,0.0,0.0,1.0,28920.0,0.0,
MGH883,-1.0,0.0,0.0,0.0,1.0,34216.0,0.0,
HBD0788,-1.0,0.0,0.0,0.0,1.0,42537.0,0.0,
DMB1459,-1.0,0.0,0.0,0.0,1.0,25593.0,0.0,
Camden-Powell,-1.0,0.0,0.0,0.0,1.0,31817.0,0.0,
GPS29,-1.0,0.0,0.0,0.0,2.0,49400.5,0.0,
MMM0082,-1.0,0.0,0.0,0.0,1.0,21993.0,0.0,
LJP1584,-1.0,0.0,0.0,0.0,5.0,792361.8,1.2,
Watkins-Sawyer,-1.0,0.0,0.0,0.0,1.0,38373.0,0.0,
ABC1881,-1.0,0.0,0.0,0.0,1.0,6955618.0,9.0,
KGL0178,-1.0,0.0,0.0,0.0,1.0,24578.0,0.0,
TBA0283,-1.0,0.0,0.0,0.0,1.0,2305486.0,2.0,
GHM626,-1.0,0.0,0.0,0.0,1.0,37071.0,0.0,
YYH0949,-1.0,0.0,0.0,0.0,1.0,27245.0,0.0,
Morse-Keith,-1.0,0.0,0.0,0.0,1.0,21053.0,0.0,
RKC0355,-1.0,0.0,0.0,0.0,2.0,24662.0,0.0,
AMB0745,-1.0,0.0,0.0,0.0,1.0,1389407.0,1.0,
DKC0053,-1.0,0.0,0.0,0.0,1.0,21167.0,0.0,
JFC958,-1.0,0.0,0.0,0.0,2.0,1431662.0,1.0,
KLG0576,-1.0,0.0,0.0,0.0,1.0,19534.0,0.0,
Shellie_Y_Burch,-1.0,0.0,0.0,0.0,1.0,26997.0,0.0,
Paul-Lisandra,-1.0,0.0,0.0,0.0,11.0,300761.090909,0.272727272727,
RMP0754,-1.0,0.0,0.0,0.0,1.0,29769.0,0.0,
RDW9,-1.0,0.0,0.0,0.0,1.0,23438.0,0.0,
CDG0770,-1.0,0.0,0.0,0.0,1.0,20867.0,0.0,
BGF1845,-1.0,0.0,0.0,0.0,2.0,37850.5,0.0,
Cooke-Samuel,-1.0,0.0,0.0,0.0,1.0,4587107.0,4.0,
RAS0197,-1.0,0.0,0.0,0.0,1.0,28772.0,0.0,
Rowan_Carrillo,-1.0,0.0,0.0,0.0,1.0,38984.0,0.0,
GCT0366,-1.0,0.0,0.0,0.0,1.0,31581.0,0.0,
DJW0418,-1.0,0.0,0.0,0.0,1.0,1529752.0,1.0,
Hannah_M_Callahan,-1.0,0.0,0.0,0.0,1.0,1299142.0,1.0,
BAB1874,-1.0,0.0,0.0,0.0,1.0,38734.0,0.0,
LVF1626,-1.0,0.0,0.0,0.0,1.0,18808.0,0.0,
ACB1087,-1.0,0.0,0.0,0.0,1.0,33021.0,0.0,
TRS0224,-1.0,0.0,0.0,0.0,3.0,522211.333333,0.666666666667,
Caryn.B.Maynard,-1.0,0.0,0.0,0.0,1.0,30551.0,0.0,
Erasmus_Goff,-1.0,0.0,0.0,0.0,1.0,25543.0,0.0,
RMK1771,-1.0,0.0,0.0,0.0,2.0,28228.5,0.0,
CNM0787,-1.0,0.0,0.0,0.0,1.0,25425.0,0.0,
Kitra_H_Hunter,-1.0,0.0,0.0,0.0,1.0,1190508.0,1.0,
RLF0472,-1.0,0.0,0.0,0.0,2.0,724915.5,1.0,
SSM1663,-1.0,0.0,0.0,0.0,1.0,41415.0,0.0,
KJA0347,-1.0,0.0,0.0,0.0,1.0,43413.0,0.0,
MAF4,-1.0,0.0,0.0,0.0,1.0,31331.0,0.0,
Mona_J_Alford,-1.0,0.0,0.0,0.0,2.0,24170.5,0.0,
JBL0414,-1.0,0.0,0.0,0.0,1.0,24961.0,0.0,
TCF0559,-1.0,0.0,0.0,0.0,2.0,27595.5,0.0,
Sade_I_Hays,-1.0,0.0,0.0,0.0,2.0,35389.5,0.0,
KCK1494,-1.0,0.0,0.0,0.0,1.0,18846.0,0.0,
WEC0304,-1.0,0.0,0.0,0.0,1.0,18866.0,0.0,
COG2,-1.0,0.0,0.0,0.0,1.0,1740442.0,3.0,
AVP1137,-1.0,0.0,0.0,0.0,1.0,6998538.0,7.0,
SVB0209,-1.0,0.0,0.0,0.0,1.0,38239.0,0.0,
LNS61,-1.0,0.0,0.0,0.0,1.0,24610.0,0.0,
Fox.Paki,-1.0,0.0,0.0,0.0,1.0,1290236.0,2.0,
JRC0238,-1.0,0.0,0.0,0.0,1.0,1648736.0,1.0,
JNB0673,-1.0,0.0,0.0,0.0,1.0,49475.0,0.0,
KTS518,-1.0,0.0,0.0,0.0,2.0,25007.0,0.0,
Celeste_Bright,-1.0,0.0,0.0,0.0,1.0,27109.0,0.0,
JMP0275,-1.0,0.0,0.0,0.0,1.0,25569.0,0.0,
ALM1768,-1.0,0.0,0.0,0.0,1.0,25524.0,0.0,
OFB2812,-1.0,0.0,0.0,0.0,2.0,28559.0,0.0,
BRM742,-1.0,0.0,0.0,0.0,1.0,1275267.0,1.0,
BHG834,-1.0,0.0,0.0,0.0,1.0,29431.0,0.0,
IEH0412,-1.0,0.0,0.0,0.0,1.0,27154.0,0.0,
Clark-Silas,-1.0,0.0,0.0,0.0,1.0,37009.0,0.0,
WAS1823,-1.0,0.0,0.0,0.0,1.0,425394.0,1.0,
Nichole_Conner,-1.0,0.0,0.0,0.0,4.0,1071481.75,0.75,
Logan-Philip,-1.0,0.0,0.0,0.0,1.0,18301.0,0.0,
Bailey-Omar,-1.0,0.0,0.0,0.0,1.0,19781.0,0.0,
PTD0273,-1.0,0.0,0.0,0.0,1.0,25091.0,0.0,
Anjolie_Houston,-1.0,0.0,0.0,0.0,1.0,29635.0,0.0,
KMM0014,-1.0,0.0,0.0,0.0,1.0,462998.0,1.0,
Daryl_Cohen,-1.0,0.0,0.0,0.0,1.0,29132.0,0.0,
Justina_J_Flores,-1.0,0.0,0.0,0.0,1.0,30565.0,0.0,
BPK1731,-1.0,0.0,0.0,0.0,3.0,22291.0,0.0,
AMC1724,-1.0,0.0,0.0,0.0,1.0,26188.0,0.0,
IIM0781,-1.0,0.0,0.0,0.0,1.0,8723501.0,7.0,
YBD1929,-1.0,0.0,0.0,0.0,1.0,18968.0,0.0,
ZAR0235,-1.0,0.0,0.0,0.0,2.0,21255.0,0.0,
Cynthia_Blanchard,-1.0,0.0,0.0,0.0,1.0,46493.0,0.0,
DXF721,-1.0,0.0,0.0,0.0,2.0,2414382.5,2.5,
LRW1079,-1.0,0.0,0.0,0.0,1.0,85006.0,1.0,
DZM1550,-1.0,0.0,0.0,0.0,1.0,70152.0,0.0,
TJB1012,-1.0,0.0,0.0,0.0,1.0,30223.0,0.0,
BYO1846,-1.0,0.0,0.0,0.0,1.0,20204.0,0.0,
TFS1081,-1.0,0.0,0.0,0.0,1.0,24628.0,0.0,
TMT0851,-1.0,0.0,0.0,0.0,1.0,23570.0,0.0,
TDF0785,-1.0,0.0,0.0,0.0,1.0,964710.0,1.0,
Jael_Chavez,-1.0,0.0,0.0,0.0,1.0,34410.0,0.0,
LJL1891,-1.0,0.0,0.0,0.0,2.0,1440098.5,1.0,
Hanna_M_Deleon,-1.0,0.0,0.0,0.0,1.0,24029.0,0.0,
NJB0011,-1.0,0.0,0.0,0.0,1.0,42894.0,0.0,
Ochoa-Albert,-1.0,0.0,0.0,0.0,1.0,26071.0,0.0,
XJP1627,-1.0,0.0,0.0,0.0,1.0,22606.0,0.0,
LSH0464,-1.0,0.0,0.0,0.0,1.0,959502.0,1.0,
OAB0181,-1.0,0.0,0.0,0.0,2.0,541785.0,0.5,
GGM1629,-1.0,0.0,0.0,0.0,1.0,981478.0,1.0,
LVC0408,-1.0,0.0,0.0,0.0,2.0,34793.5,0.0,
Sanford-Fitzgerald,-1.0,0.0,0.0,0.0,1.0,900342.0,1.0,
HBH0988,-1.0,0.0,0.0,0.0,1.0,39812.0,0.0,
HTS0762,-1.0,0.0,0.0,0.0,1.0,1144310.0,2.0,
DQM0809,-1.0,0.0,0.0,0.0,1.0,620855.0,1.0,
Lawrence-Trevor,-1.0,0.0,0.0,0.0,1.0,32786.0,0.0,
Lester-Cadman,-1.0,0.0,0.0,0.0,1.0,1084219.0,1.0,
AGB1507,-1.0,0.0,0.0,0.0,2.0,35062.5,0.0,
SCO1719,-1.0,0.0,0.0,0.0,1.0,31073.0,0.0,
Dana_Gardner,-1.0,0.0,0.0,0.0,2.0,34607.0,0.0,
JAR1708,-1.0,0.0,0.0,0.0,1.0,21244.0,0.0,
Indigo_Christensen,-1.0,0.0,0.0,0.0,1.0,26000.0,0.0,
Mary_Velez,-1.0,0.0,0.0,0.0,2.0,26256.5,0.0,
NBL1190,-1.0,0.0,0.0,0.0,1.0,898212.0,1.0,
Bert_Rios,-1.0,0.0,0.0,0.0,3.0,27885.6666667,0.0,
Cameron-Blaine,-1.0,0.0,0.0,0.0,2.0,23488.5,0.0,
OFM0341,-1.0,0.0,0.0,0.0,1.0,20880.0,0.0,
NIM1282,-1.0,0.0,0.0,0.0,1.0,17712.0,0.0,
Desirae_D_Mcdonald,-1.0,0.0,0.0,0.0,2.0,29956.0,0.0,
NFH0677,-1.0,0.0,0.0,0.0,1.0,1551072.0,1.0,
MCS0242,-1.0,0.0,0.0,0.0,1.0,45696.0,0.0,
BGM0233,-1.0,0.0,0.0,0.0,2.0,28978.5,0.0,
STW0237,-1.0,0.0,0.0,0.0,1.0,40830.0,0.0,
RCL1864,-1.0,0.0,0.0,0.0,1.0,23394.0,0.0,
ESP1198,-1.0,0.0,0.0,0.0,1.0,22557.0,0.0,
GNG1026,-1.0,0.0,0.0,0.0,1.0,15832.0,0.0,
HEB1313,-1.0,0.0,0.0,0.0,1.0,18579.0,0.0,
LSD1231,-1.0,0.0,0.0,0.0,1.0,626410.0,1.0,
Daniels-Yasir,-1.0,0.0,0.0,0.0,1.0,18808.0,0.0,
Garrison-Kuame,-1.0,0.0,0.0,0.0,1.0,27737.0,0.0,
BHB0717,-1.0,0.0,0.0,0.0,1.0,17645.0,0.0,
HBF1179,-1.0,0.0,0.0,0.0,1.0,872955.0,1.0,
ISW8179,-1.0,0.0,0.0,0.0,1.0,42094.0,0.0,
ASH0458,-1.0,0.0,0.0,0.0,1.0,35211.0,0.0,
MUW0570,-1.0,0.0,0.0,0.0,2.0,377297.0,0.5,
MMO86,-1.0,0.0,0.0,0.0,1.0,30020.0,0.0,
Althea_S_Hobbs,-1.0,0.0,0.0,0.0,1.0,14382.0,0.0,
SLL0193,-1.0,0.0,0.0,0.0,2.0,757984.0,0.5,
KAM0645,-1.0,0.0,0.0,0.0,2.0,28435.5,0.0,
BKL0545,-1.0,0.0,0.0,0.0,1.0,20108.0,0.0,
WAH1774,-1.0,0.0,0.0,0.0,1.0,485756.0,1.0,
DBJ1992,-1.0,0.0,0.0,0.0,2.0,32933.5,0.0,
RXH1139,-1.0,0.0,0.0,0.0,1.0,44399.0,0.0,
JJM0234,-1.0,0.0,0.0,0.0,2.0,34621.5,0.0,
Zoe_Henry,-1.0,0.0,0.0,0.0,1.0,25539.0,0.0,
Kaitlin.R.Craft,-1.0,0.0,0.0,0.0,3.0,309956.333333,0.666666666667,
OAP0978,-1.0,0.0,0.0,0.0,2.0,28117.5,0.0,
KAW0642,-1.0,0.0,0.0,0.0,1.0,25521.0,0.0,
JMW0038,-1.0,0.0,0.0,0.0,1.0,27025.0,0.0,
GPS0321,-1.0,0.0,0.0,0.0,1.0,587872.0,1.0,
Everett-Curran,-1.0,0.0,0.0,0.0,1.0,29456.0,0.0,
Simone_Nicholson,-1.0,0.0,0.0,0.0,1.0,1771412.0,1.0,
BBH1945,-1.0,0.0,0.0,0.0,1.0,35570.0,0.0,
Harding-Yardley,-1.0,0.0,0.0,0.0,1.0,39044.0,0.0,
FWB1999,-1.0,0.0,0.0,0.0,1.0,39242.0,0.0,
JJS3662,-1.0,0.0,0.0,0.0,1.0,23122.0,0.0,
ATD1067,-1.0,0.0,0.0,0.0,2.0,346625.0,0.5,
TRC1838,-1.0,0.0,0.0,0.0,2.0,23977.5,0.0,
Merritt-Copeland,-1.0,0.0,0.0,0.0,1.0,6243600.0,5.0,
DLH0679,-1.0,0.0,0.0,0.0,1.0,2316787.0,2.0,
HNP1152,-1.0,0.0,0.0,0.0,3.0,39270.0,0.0,
Breanna.K.Arnold,-1.0,0.0,0.0,0.0,1.0,20714.0,0.0,
BDM0442,-1.0,0.0,0.0,0.0,1.0,791686.0,1.0,
UMT1084,-1.0,0.0,0.0,0.0,1.0,6703230.0,5.0,
Vanna-Fowler,-1.0,0.0,0.0,0.0,2.0,1805025.5,2.0,
GJM944,-1.0,0.0,0.0,0.0,2.0,28385.5,0.0,
DRJ0070,-1.0,0.0,0.0,0.0,1.0,518025.0,1.0,
Cherokee_Chambers,-1.0,0.0,0.0,0.0,1.0,21241.0,0.0,
FRM1,-1.0,0.0,0.0,0.0,1.0,32892.0,0.0,
PBS0120,-1.0,0.0,0.0,0.0,1.0,1252539.0,1.0,
EMR0269,-1.0,0.0,0.0,0.0,1.0,27244.0,0.0,
Dora.A.Spears,-1.0,0.0,0.0,0.0,1.0,29878.0,0.0,
MBM0145,-1.0,0.0,0.0,0.0,1.0,31650.0,0.0,
HPC1941,-1.0,0.0,0.0,0.0,1.0,43662.0,0.0,
Ryder-Gilbert,-1.0,0.0,0.0,0.0,2.0,639093.0,1.5,
Shepard-Hu,-1.0,0.0,0.0,0.0,2.0,2161793.0,1.5,
Curry-Tana,-1.0,0.0,0.0,0.0,1.0,20221.0,0.0,
Yolanda_Hurley,-1.0,0.0,0.0,0.0,1.0,27691.0,0.0,
Rae_Henry,-1.0,0.0,0.0,0.0,1.0,32954.0,0.0,
DCF1479,-1.0,0.0,0.0,0.0,1.0,25124.0,0.0,
BDP0096,-1.0,0.0,0.0,0.0,1.0,34094.0,0.0,
QCM0672,-1.0,0.0,0.0,0.0,1.0,31222.0,0.0,
RUM147,-1.0,0.0,0.0,0.0,1.0,26347.0,0.0,
CRM0907,-1.0,0.0,0.0,0.0,1.0,26397.0,0.0,
NBL1477,-1.0,0.0,0.0,0.0,1.0,3117774.0,3.0,
WOG0797,-1.0,0.0,0.0,0.0,1.0,32249.0,0.0,
Adele_Conner,-1.0,0.0,0.0,0.0,2.0,23980.5,0.0,
IMC0133,-1.0,0.0,0.0,0.0,1.0,32135.0,0.0,
EMM786,-1.0,0.0,0.0,0.0,1.0,36770.0,0.0,
VAC7952,-1.0,0.0,0.0,0.0,1.0,32487.0,0.0,
BTG1551,-1.0,0.0,0.0,0.0,2.0,29304.0,0.0,
Derek_Decker,-1.0,0.0,0.0,0.0,2.0,22519.0,0.0,
NMM0026,-1.0,0.0,0.0,0.0,1.0,20055.0,0.0,
Hanae_N_Ramirez,-1.0,0.0,0.0,0.0,1.0,19364.0,0.0,
Mcneil-Herrod,-1.0,0.0,0.0,0.0,1.0,36292.0,0.0,
GIA1171,-1.0,0.0,0.0,0.0,2.0,23439.5,0.0,
NKD0115,-1.0,0.0,0.0,0.0,1.0,16194.0,0.0,
XDM0723,-1.0,0.0,0.0,0.0,1.0,28269.0,0.0,
DSB24,-1.0,0.0,0.0,0.0,1.0,19617.0,0.0,
OQE0920,-1.0,0.0,0.0,0.0,2.0,217657.0,0.5,
DLW0349,-1.0,0.0,0.0,0.0,2.0,32521.0,0.0,
Yoshi.C.Christensen,-1.0,0.0,0.0,0.0,1.0,597010.0,1.0,
ACS0589,-1.0,0.0,0.0,0.0,1.0,25015.0,0.0,
Conley-Francis,-1.0,0.0,0.0,0.0,1.0,32586.0,0.0,
CKL0652,-1.0,0.0,0.0,0.0,1.0,34203.0,0.0,
Daphne_Keith,-1.0,0.0,0.0,0.0,1.0,27557.0,0.0,
ADC1014,-1.0,0.0,0.0,0.0,1.0,29497.0,0.0,
Simon-Daquan,-1.0,0.0,0.0,0.0,2.0,37940.0,0.0,
JRE1402,-1.0,0.0,0.0,0.0,1.0,43429.0,0.0,
Beach-Myra,-1.0,0.0,0.0,0.0,1.0,24641.0,0.0,
FIM0605,-1.0,0.0,0.0,0.0,1.0,34176.0,0.0,
Lester.K.Pugh,-1.0,0.0,0.0,0.0,1.0,28053.0,0.0,
Maite.Kemp,-1.0,0.0,0.0,0.0,1.0,32975.0,0.0,
DBK0284,-1.0,0.0,0.0,0.0,1.0,20174.0,0.0,
AJM0956,-1.0,0.0,0.0,0.0,1.0,18521.0,0.0,
ASB0658,-1.0,0.0,0.0,0.0,1.0,37401.0,0.0,
IQB1745,-1.0,0.0,0.0,0.0,1.0,21006.0,0.0,
TCL0855,-1.0,0.0,0.0,0.0,2.0,26116.0,0.0,
Dale-Gregory,-1.0,0.0,0.0,0.0,1.0,10882.0,0.0,
Tamekah_Morrow,-1.0,0.0,0.0,0.0,2.0,328228.5,0.5,
BTV1433,-1.0,0.0,0.0,0.0,1.0,26352.0,0.0,
TMT1509,-1.0,0.0,0.0,0.0,2.0,21959.5,0.0,
TBH1514,-1.0,0.0,0.0,0.0,2.0,16845.5,0.0,
Jeanette_Mcleod,-1.0,0.0,0.0,0.0,1.0,1273919.0,2.0,
JVH0571,-1.0,0.0,0.0,0.0,1.0,35926.0,0.0,
ERV1880,-1.0,0.0,0.0,0.0,2.0,28513.0,0.0,
MGC0646,-1.0,0.0,0.0,0.0,1.0,2518145.0,2.0,
GPO1020,-1.0,0.0,0.0,0.0,1.0,28855.0,0.0,
Maynard-Bruce,-1.0,0.0,0.0,0.0,2.0,44460.0,0.0,
MPK1844,-1.0,0.0,0.0,0.0,1.0,18546.0,0.0,
EKS12,-1.0,0.0,0.0,0.0,1.0,32471.0,0.0,
HBP9842,-1.0,0.0,0.0,0.0,1.0,649143.0,1.0,
MYB0686,-1.0,0.0,0.0,0.0,1.0,2368660.0,2.0,
GGD1545,-1.0,0.0,0.0,0.0,1.0,324216.0,1.0,
Neil_Dickerson,-1.0,0.0,0.0,0.0,1.0,29919.0,0.0,
JDM0396,-1.0,0.0,0.0,0.0,1.0,30548.0,0.0,
RRS0056,-1.0,0.0,0.0,0.0,1.0,108468.0,1.0,
Drake-J-Harrell,-1.0,0.0,0.0,0.0,1.0,39702.0,0.0,
NMF842,-1.0,0.0,0.0,0.0,1.0,30310.0,0.0,
AKS0586,-1.0,0.0,0.0,0.0,2.0,50677.5,0.0,
NMP0782,-1.0,0.0,0.0,0.0,1.0,40535.0,0.0,
Ila.Roman,-1.0,0.0,0.0,0.0,1.0,42464.0,0.0,
BOS561,-1.0,0.0,0.0,0.0,1.0,1526244.0,3.0,
Eden.M.Ballard,-1.0,0.0,0.0,0.0,1.0,18147.0,0.0,
Leonard-Harper,-1.0,0.0,0.0,0.0,2.0,38406.0,0.0,
Grace.B.Valenzuela,-1.0,0.0,0.0,0.0,1.0,1489070.0,1.0,
SLC1391,-1.0,0.0,0.0,0.0,1.0,20272.0,0.0,
HJA1954,-1.0,0.0,0.0,0.0,1.0,27234.0,0.0,
WRH0868,-1.0,0.0,0.0,0.0,2.0,1130554.5,1.0,
HDA364,-1.0,0.0,0.0,0.0,2.0,751309.5,0.5,
HRC0776,-1.0,0.0,0.0,0.0,1.0,27389.0,0.0,
Lana_Pugh,-1.0,0.0,0.0,0.0,1.0,20594.0,0.0,
LSF1709,-1.0,0.0,0.0,0.0,1.0,23880.0,0.0,
PCB9852,-1.0,0.0,0.0,0.0,1.0,36804.0,0.0,
Medge_K_Robles,-1.0,0.0,0.0,0.0,1.0,25508.0,0.0,
CAH341,-1.0,0.0,0.0,0.0,1.0,33045.0,0.0,
PKS0278,-1.0,0.0,0.0,0.0,1.0,32430.0,0.0,
Cortez-Harding,-1.0,0.0,0.0,0.0,1.0,40389.0,0.0,
SKW0066,-1.0,0.0,0.0,0.0,1.0,30317.0,0.0,
Ursa_E_Hanson,-1.0,0.0,0.0,0.0,1.0,18992.0,0.0,
Monroe.Kareem,-1.0,0.0,0.0,0.0,1.0,12088.0,0.0,
YMJ0243,-1.0,0.0,0.0,0.0,1.0,31260.0,0.0,
Eden.M.Rocha,-1.0,0.0,0.0,0.0,1.0,31668.0,0.0,
YLH0423,-1.0,0.0,0.0,0.0,1.0,26522.0,0.0,
JKB1843,-1.0,0.0,0.0,0.0,1.0,26590.0,0.0,
Macy_Patterson,-1.0,0.0,0.0,0.0,1.0,49733.0,0.0,
Renee_Alvarado,-1.0,0.0,0.0,0.0,1.0,1131417.0,1.0,
Inga.Y.Ferrell,-1.0,0.0,0.0,0.0,1.0,27979.0,0.0,
URB1668,-1.0,0.0,0.0,0.0,1.0,27396.0,0.0,
GFV1837,-1.0,0.0,0.0,0.0,2.0,25157.0,0.0,
RFS0513,-1.0,0.0,0.0,0.0,1.0,3876559.0,6.0,
Venus_Washington,-1.0,0.0,0.0,0.0,1.0,1183471.0,1.0,
AEM0113,-1.0,0.0,0.0,0.0,1.0,27403.0,0.0,
Akeem.G.Barrett,-1.0,0.0,0.0,0.0,1.0,23766.0,0.0,
Cantrell_Josiah,-1.0,0.0,0.0,0.0,1.0,39223.0,0.0,
DKG0161,-1.0,0.0,0.0,0.0,1.0,30988.0,0.0,
DEM25,-1.0,0.0,0.0,0.0,1.0,38323.0,0.0,
MJK0527,-1.0,0.0,0.0,0.0,1.0,39070.0,0.0,
AMC0854,-1.0,0.0,0.0,0.0,1.0,15345.0,0.0,
NHA0054,-1.0,0.0,0.0,0.0,2.0,29238.5,0.0,
QEL1515,-1.0,0.0,0.0,0.0,1.0,2273735.0,4.0,
ASH0298,-1.0,0.0,0.0,0.0,1.0,28157.0,0.0,
Garrison-Hollee,-1.0,0.0,0.0,0.0,1.0,28026.0,0.0,
Kent-Thane,-1.0,0.0,0.0,0.0,1.0,1064122.0,1.0,
AXP1568,-1.0,0.0,0.0,0.0,1.0,2122523.0,4.0,
MZO1066,-1.0,0.0,0.0,0.0,1.0,29930.0,0.0,
Quentin_Boyle,-1.0,0.0,0.0,0.0,2.0,3344800.0,4.5,
NBP0252,-1.0,0.0,0.0,0.0,1.0,47336.0,0.0,
MTH0737,-1.0,0.0,0.0,0.0,2.0,30236.5,0.0,
JAM4,-1.0,0.0,0.0,0.0,1.0,45110.0,0.0,
AAC1489,-1.0,0.0,0.0,0.0,1.0,22481.0,0.0,
Lydia_R_Vega,-1.0,0.0,0.0,0.0,1.0,3185087.0,2.0,
JDJ727,-1.0,0.0,0.0,0.0,1.0,1063501.0,1.0,
RCD0299,-1.0,0.0,0.0,0.0,1.0,28924.0,0.0,
Sarah.N.Knox,-1.0,0.0,0.0,0.0,1.0,1333050.0,1.0,
KKS0087,-1.0,0.0,0.0,0.0,1.0,25380.0,0.0,
GHM0736,-1.0,0.0,0.0,0.0,1.0,20529.0,0.0,
QNB1329,-1.0,0.0,0.0,0.0,1.0,30965.0,0.0,
Noble.G.Blake,-1.0,0.0,0.0,0.0,1.0,27150.0,0.0,
Charles-Stephen,-1.0,0.0,0.0,0.0,1.0,2145804.0,2.0,
HSN0675,-1.0,0.0,0.0,0.0,2.0,37849.5,0.5,
RNC3833,-1.0,0.0,0.0,0.0,1.0,1854764.0,2.0,
REL0910,-1.0,0.0,0.0,0.0,1.0,28316.0,0.0,
KLM1508,-1.0,0.0,0.0,0.0,1.0,56907.0,0.0,
JKB0924,-1.0,0.0,0.0,0.0,1.0,36702.0,0.0,
CAS1068,-1.0,0.0,0.0,0.0,2.0,280257.0,0.5,
Hayes-Hendricks,-1.0,0.0,0.0,0.0,1.0,24485.0,0.0,
Judith_Booker,-1.0,0.0,0.0,0.0,1.0,1452259.0,1.0,
AEG9639,-1.0,0.0,0.0,0.0,1.0,24374.0,0.0,
RWP8,-1.0,0.0,0.0,0.0,1.0,37035.0,0.0,
CKP0213,-1.0,0.0,0.0,0.0,1.0,31745.0,0.0,
RZB0358,-1.0,0.0,0.0,0.0,1.0,22528.0,0.0,
Harvey-Abdul,-1.0,0.0,0.0,0.0,1.0,20172.0,0.0,
ICP9,-1.0,0.0,0.0,0.0,1.0,35156.0,0.0,
RJM0634,-1.0,0.0,0.0,0.0,2.0,31171.5,0.0,
Mia.O.Black,-1.0,0.0,0.0,0.0,1.0,27894.0,0.0,
Maggie-Keith,-1.0,0.0,0.0,0.0,2.0,1233505.0,2.0,
JGB487,-1.0,0.0,0.0,0.0,1.0,36125.0,0.0,
EPB0893,-1.0,0.0,0.0,0.0,1.0,24245.0,0.0,
CBC1607,-1.0,0.0,0.0,0.0,1.0,14118.0,0.0,
Kalia_Luna,-1.0,0.0,0.0,0.0,1.0,38244.0,0.0,
Boyd-Aidan,-1.0,0.0,0.0,0.0,1.0,27839.0,0.0,
Uma_Bean,-1.0,0.0,0.0,0.0,1.0,21753.0,0.0,
QDB1765,-1.0,0.0,0.0,0.0,1.0,44642.0,0.0,
JGM252,-1.0,0.0,0.0,0.0,1.0,25113.0,0.0,
BWM0175,-1.0,0.0,0.0,0.0,1.0,29194.0,0.0,
Ulla.M.Henry,-1.0,0.0,0.0,0.0,1.0,1321879.0,3.0,
MDR1497,-1.0,0.0,0.0,0.0,1.0,23636.0,0.0,
CAV0656,-1.0,0.0,0.0,0.0,1.0,45753.0,0.0,
Jayme.Oconnor,-1.0,0.0,0.0,0.0,2.0,33685.0,0.0,
AAW0952,-1.0,0.0,0.0,0.0,1.0,19200.0,0.0,
AAC0904,-1.0,0.0,0.0,0.0,1.0,27257.0,0.0,
DKJ1319,-1.0,0.0,0.0,0.0,1.0,39967.0,0.0,
BAS1078,-1.0,0.0,0.0,0.0,1.0,40615.0,0.0,
RBC1624,-1.0,0.0,0.0,0.0,1.0,32029.0,0.0,
BCC257,-1.0,0.0,0.0,0.0,1.0,31735.0,0.0,
JAW0280,-1.0,0.0,0.0,0.0,1.0,488790.0,1.0,
Madaline_Tillman,-1.0,0.0,0.0,0.0,1.0,1068765.0,2.0,
Daphne_Noble,-1.0,0.0,0.0,0.0,1.0,47032.0,0.0,
KHS1850,-1.0,0.0,0.0,0.0,1.0,21353.0,0.0,
Wiley-Keefe,-1.0,0.0,0.0,0.0,1.0,526422.0,1.0,
KMG0062,-1.0,0.0,0.0,0.0,1.0,40008.0,0.0,
VAH1292,-1.0,0.0,0.0,0.0,1.0,31136.0,0.0,
DZA0195,-1.0,0.0,0.0,0.0,1.0,27690.0,0.0,
AFP1341,-1.0,0.0,0.0,0.0,1.0,23076.0,0.0,
NKN7812,-1.0,0.0,0.0,0.0,1.0,27694.0,0.0,
Ivana.R.Holland,-1.0,0.0,0.0,0.0,1.0,35053.0,0.0,
Juliet_S_Aguilar,-1.0,0.0,0.0,0.0,1.0,211029.0,1.0,
KJG1121,-1.0,0.0,0.0,0.0,1.0,16261.0,0.0,
Macon.M.Mason,-1.0,0.0,0.0,0.0,1.0,39649.0,0.0,
WLH1827,-1.0,0.0,0.0,0.0,1.0,34799.0,0.0,
ERB0104,-1.0,0.0,0.0,0.0,1.0,15792.0,0.0,
ASC1297,-1.0,0.0,0.0,0.0,1.0,35643.0,0.0,
Savannah.K.Fowler,-1.0,0.0,0.0,0.0,1.0,23285.0,0.0,
Rebecca_M_Haynes,-1.0,0.0,0.0,0.0,1.0,16070.0,0.0,
WLN4385,-1.0,0.0,0.0,0.0,1.0,39525.0,0.0,
CRW0627,-1.0,0.0,0.0,0.0,1.0,923228.0,2.0,
SNO0033,-1.0,0.0,0.0,0.0,1.0,1544219.0,1.0,
JJH0862,-1.0,0.0,0.0,0.0,1.0,20550.0,0.0,
EKS1182,-1.0,0.0,0.0,0.0,1.0,25300.0,0.0,
CCP1491,-1.0,0.0,0.0,0.0,1.0,19089.0,0.0,
AWB1309,-1.0,0.0,0.0,0.0,1.0,22840.0,0.0,
Hilda_Moran,-1.0,0.0,0.0,0.0,1.0,20944.0,0.0,
NJV1818,-1.0,0.0,0.0,0.0,1.0,52541.0,0.0,
Bryar_House,-1.0,0.0,0.0,0.0,1.0,44421.0,0.0,
CRM3,-1.0,0.0,0.0,0.0,1.0,19896.0,0.0,
Bert.G.Mann,-1.0,0.0,0.0,0.0,1.0,17967.0,0.0,
Quinn-Cole,-1.0,0.0,0.0,0.0,1.0,25963.0,0.0,
Magee_Wong,-1.0,0.0,0.0,0.0,1.0,37444.0,0.0,
Iliana.P.Francis,-1.0,0.0,0.0,0.0,1.0,36753.0,0.0,
Wong-Flynn,-1.0,0.0,0.0,0.0,1.0,21005.0,0.0,
BKF0632,-1.0,0.0,0.0,0.0,1.0,41588.0,0.0,
MAM0557,-1.0,0.0,0.0,0.0,1.0,31866.0,0.0,
PJB0886,-1.0,0.0,0.0,0.0,1.0,53354.0,0.0,
Demetrius.A.Harper,-1.0,0.0,0.0,0.0,1.0,34654.0,0.0,
JIT968,-1.0,0.0,0.0,0.0,1.0,30776.0,0.0,
Daniel.J.Wilkins,-1.0,0.0,0.0,0.0,1.0,424840.0,1.0,
Rae.Y.Greer,-1.0,0.0,0.0,0.0,1.0,29881.0,0.0,
Gilbert-Christopher,-1.0,0.0,0.0,0.0,1.0,19037.0,0.0,
Amaya.Q.Clemons,-1.0,0.0,0.0,0.0,1.0,31400.0,0.0,
DOL0765,-1.0,0.0,0.0,0.0,1.0,38172.0,0.0,
AKM1759,-1.0,0.0,0.0,0.0,1.0,29887.0,0.0,
EBG1553,-1.0,0.0,0.0,0.0,1.0,31798.0,0.0,
Deleon.Holmes,-1.0,0.0,0.0,0.0,1.0,18660.0,0.0,
HHM1746,-1.0,0.0,0.0,0.0,1.0,27382.0,0.0,
Yen_Woodward,-1.0,0.0,0.0,0.0,1.0,37750.0,0.0,
ARV1884,-1.0,0.0,0.0,0.0,1.0,9106556.0,6.0,
Roach_Adrienne,-1.0,0.0,0.0,0.0,1.0,30771.0,0.0,
VBK0007,-1.0,0.0,0.0,0.0,1.0,1908223.0,1.0,
Eugenia.S.Mercado,-1.0,0.0,0.0,0.0,2.0,1545351.0,2.0,
Jane.A.Griffin,-1.0,0.0,0.0,0.0,1.0,35324.0,0.0,
Mcdonald_MacKensie,-1.0,0.0,0.0,0.0,1.0,2685248.0,2.0,
SHC1499,-1.0,0.0,0.0,0.0,1.0,25120.0,0.0,
SKC0074,-1.0,0.0,0.0,0.0,1.0,19535.0,0.0,
ILR1613,-1.0,0.0,0.0,0.0,1.0,38488.0,0.0,
Pitts_Zia,-1.0,0.0,0.0,0.0,1.0,1034571.0,1.0,
JRH0993,-1.0,0.0,0.0,0.0,1.0,34295.0,0.0,
RAV0088,-1.0,0.0,0.0,0.0,1.0,21398.0,0.0,
REM1733,-1.0,0.0,0.0,0.0,1.0,24830.0,0.0,
PRL0965,-1.0,0.0,0.0,0.0,1.0,24323.0,0.0,
KIS1205,-1.0,0.0,0.0,0.0,1.0,37936.0,0.0,
Irene_R_Moran,-1.0,0.0,0.0,0.0,1.0,10664.0,0.0,
GAF0250,-1.0,0.0,0.0,0.0,2.0,485372.5,1.0,
ACC0950,-1.0,0.0,0.0,0.0,1.0,17313.0,0.0,
BTD1059,-1.0,0.0,0.0,0.0,1.0,22733.0,0.0,
HDM12,-1.0,0.0,0.0,0.0,1.0,32648.0,0.0,
DZH81,-1.0,0.0,0.0,0.0,1.0,21867.0,0.0,
Jordan.L.Davidson,-1.0,0.0,0.0,0.0,1.0,18931.0,0.0,
BDF0015,-1.0,0.0,0.0,0.0,1.0,26658.0,0.0,
Glenna.Q.Gilmore,-1.0,0.0,0.0,0.0,1.0,1489406.0,1.0,
NSS0926,-1.0,0.0,0.0,0.0,1.0,27789.0,0.0,
CKH0316,-1.0,0.0,0.0,0.0,1.0,22137.0,0.0,
RJM0409,-1.0,0.0,0.0,0.0,1.0,1539616.0,1.0,
Howard-Alan,-1.0,0.0,0.0,0.0,1.0,1041938.0,1.0,
EMM0641,-1.0,0.0,0.0,0.0,2.0,27032.5,0.0,
Carson-Marvin,-1.0,0.0,0.0,0.0,1.0,1208561.0,1.0,
BHP1872,-1.0,0.0,0.0,0.0,1.0,4113564.0,5.0,
MLH0942,-1.0,0.0,0.0,0.0,1.0,610449.0,1.0,
Gay-Lila,-1.0,0.0,0.0,0.0,1.0,31132.0,0.0,
Dunn-Gage,-1.0,0.0,0.0,0.0,1.0,554725.0,1.0,
Destiny_T_Brown,-1.0,0.0,0.0,0.0,1.0,26676.0,0.0,
Wallace-Tad,-1.0,0.0,0.0,0.0,1.0,107548.0,1.0,
BLK0698,-1.0,0.0,0.0,0.0,1.0,28301.0,0.0,
BGR0917,-1.0,0.0,0.0,0.0,1.0,26964.0,0.0,
NJC0003,-1.0,0.0,0.0,0.0,1.0,38117.0,0.0,
Baldwin-Gemma,-1.0,0.0,0.0,0.0,1.0,17985.0,0.0,
AHN0681,-1.0,0.0,0.0,0.0,1.0,18624.0,0.0,
JSA0468,-1.0,0.0,0.0,0.0,1.0,49330.0,0.0,
SQC1296,-1.0,0.0,0.0,0.0,1.0,53056.0,0.0,
Xena_Perez,-1.0,0.0,0.0,0.0,1.0,48041.0,0.0,
Rios-Isaiah,-1.0,0.0,0.0,0.0,1.0,41044.0,0.0,
AOP1202,-1.0,0.0,0.0,0.0,1.0,25595.0,0.0,
LRB1496,-1.0,0.0,0.0,0.0,1.0,32740.0,0.0,
SOP1142,-1.0,0.0,0.0,0.0,1.0,13573.0,0.0,
Kerr-Daniel,-1.0,0.0,0.0,0.0,1.0,473381.0,1.0,
AMB0403,-1.0,0.0,0.0,0.0,1.0,23901.0,0.0,
KIF0951,-1.0,0.0,0.0,0.0,1.0,21868.0,0.0,
LJF1138,-1.0,0.0,0.0,0.0,1.0,27315.0,0.0,
RHB1193,-1.0,0.0,0.0,0.0,1.0,52598.0,0.0,
JPW0533,-1.0,0.0,0.0,0.0,1.0,18269.0,0.0,
DCR1648,-1.0,0.0,0.0,0.0,1.0,32367.0,0.0,
HJC1227,-1.0,0.0,0.0,0.0,1.0,19357.0,0.0,
KBR0575,-1.0,0.0,0.0,0.0,1.0,17845.0,0.0,
Neve_Harmon,-1.0,0.0,0.0,0.0,1.0,28928.0,0.0,
HQG0905,-1.0,0.0,0.0,0.0,1.0,16160.0,0.0,
IAH1755,-1.0,0.0,0.0,0.0,1.0,2486386.0,3.0,
CCG1347,-1.0,0.0,0.0,0.0,1.0,339621.0,1.0,
BEM1501,-1.0,0.0,0.0,0.0,1.0,39201.0,0.0,
DCA0857,-1.0,0.0,0.0,0.0,1.0,39455.0,0.0,
WLN0852,-1.0,0.0,0.0,0.0,1.0,43423.0,0.0,
CCW0097,-1.0,0.0,0.0,0.0,1.0,29961.0,0.0,
JBR1940,-1.0,0.0,0.0,0.0,1.0,44438.0,0.0,
Amanda.R.Mckay,-1.0,0.0,0.0,0.0,1.0,44973.0,0.0,
WOS1834,-1.0,0.0,0.0,0.0,1.0,40632.0,0.0,
DIM0330,-1.0,0.0,0.0,0.0,1.0,23711.0,0.0,
CEG1535,-1.0,0.0,0.0,0.0,1.0,45877.0,0.0,
LKP1714,-1.0,0.0,0.0,0.0,1.0,14682.0,0.0,
Mills-Guy,-1.0,0.0,0.0,0.0,1.0,25758.0,0.0,
CSB5699,-1.0,0.0,0.0,0.0,1.0,44045.0,0.0,
KBG1201,-1.0,0.0,0.0,0.0,1.0,32348.0,0.0,
MOW1888,-1.0,0.0,0.0,0.0,1.0,19424.0,0.0,
TKH1718,-1.0,0.0,0.0,0.0,1.0,22108.0,0.0,
GJM1409,-1.0,0.0,0.0,0.0,1.0,43196.0,0.0,
JLC0796,-1.0,0.0,0.0,0.0,1.0,25854.0,0.0,
Zena.A.Carlson,-1.0,0.0,0.0,0.0,1.0,41984.0,0.0,
AOC51,-1.0,0.0,0.0,0.0,1.0,729818.0,1.0,
MAM1293,-1.0,0.0,0.0,0.0,1.0,23639.0,0.0,
HMC1847,-1.0,0.0,0.0,0.0,1.0,77559.0,0.0,
RJG0511,-1.0,0.0,0.0,0.0,1.0,21878.0,0.0,
Blythe_B_Bowen,-1.0,0.0,0.0,0.0,1.0,17804.0,0.0,
GCH0470,-1.0,0.0,0.0,0.0,1.0,14141.0,0.0,
Yvette.N.Cortez,-1.0,0.0,0.0,0.0,1.0,34176.0,0.0,
RHD14,-1.0,0.0,0.0,0.0,2.0,814230.5,1.5,
Thor_Snyder,-1.0,0.0,0.0,0.0,1.0,32190.0,0.0,
CCW5426,-1.0,0.0,0.0,0.0,1.0,28723.0,0.0,
GSA1925,-1.0,0.0,0.0,0.0,1.0,24631.0,0.0,
KVC522,-1.0,0.0,0.0,0.0,1.0,42463.0,0.0,
ROA0482,-1.0,0.0,0.0,0.0,2.0,1224112.5,1.0,
NRH1383,-1.0,0.0,0.0,0.0,1.0,43885.0,0.0,
Burke_Hendrix,-1.0,0.0,0.0,0.0,1.0,25049.0,0.0,
Jaden.V.Mcgowan,-1.0,0.0,0.0,0.0,1.0,27022.0,0.0,
Allistair-R-Mcclain,-1.0,0.0,0.0,0.0,1.0,39611.0,0.0,
Kitra.A.Mack,-1.0,0.0,0.0,0.0,1.0,2924039.0,2.0,
Lara.Mccarthy,-1.0,0.0,0.0,0.0,1.0,30183.0,0.0,
RTB0140,-1.0,0.0,0.0,0.0,1.0,39885.0,0.0,
DKS0563,-1.0,0.0,0.0,0.0,1.0,23124.0,0.0,
Hammond-Nelle,-1.0,0.0,0.0,0.0,1.0,20746.0,0.0,
Aphrodite.A.Collins,-1.0,0.0,0.0,0.0,1.0,28915.0,0.0,
ARF0719,-1.0,0.0,0.0,0.0,1.0,26904.0,0.0,
REL1335,-1.0,0.0,0.0,0.0,1.0,32448.0,0.0,
Stokes-Clinton,-1.0,0.0,0.0,0.0,1.0,58377.0,0.0,
Celeste_Peters,-1.0,0.0,0.0,0.0,1.0,14851.0,0.0,
India.L.Holcomb,-1.0,0.0,0.0,0.0,1.0,18126.0,0.0,
Ulla_Taylor,-1.0,0.0,0.0,0.0,1.0,1818014.0,2.0,
BDR0223,-1.0,0.0,0.0,0.0,1.0,24569.0,0.0,
Ava_Hebert,-1.0,0.0,0.0,0.0,1.0,19760.0,0.0,
DLB0401,-1.0,0.0,0.0,0.0,1.0,1611051.0,1.0,
Tallulah_Castaneda,-1.0,0.0,0.0,0.0,1.0,1099815.0,1.0,
Patience_Mccoy,-1.0,0.0,0.0,0.0,1.0,47806.0,0.0,
