HNJ1407,0.121827411168,221.0,30797.4027149,0.0,173.0,770761.583815,0.791907514451,
LIL1199,1.0,4.0,26523.0,0.0,0.0,0.0,0.0,
HIS1394,0.214521452145,184.0,28676.3913043,0.0,119.0,703658.789916,0.739495798319,
RWJ1403,0.115789473684,265.0,29740.6603774,0.0,210.0,700095.733333,0.752380952381,
SWC1392,0.0753138075314,257.0,29653.1400778,0.0,221.0,232244.176471,0.217194570136,
CEM1385,0.0987654320988,267.0,29513.8576779,0.0,219.0,534385.812785,0.570776255708,
LSM1382,0.284768211921,97.0,31278.742268,0.0,54.0,628243.851852,0.62962962963,
KOG1386,0.121293800539,208.0,30005.4038462,0.0,163.0,583101.533742,0.60736196319,
CTM1817,1.0,2.0,25330.0,0.0,0.0,0.0,0.0,
NKN1405,0.146401985112,231.0,29506.030303,0.0,172.0,27902.5290698,0.0,
DWR1387,0.156822810591,284.0,29184.6866197,0.0,207.0,675280.830918,0.753623188406,
MFM1400,0.128,141.0,30216.0780142,0.0,109.0,32176.2844037,0.0,
TFW1388,0.0528634361233,239.0,29755.2426778,0.0,215.0,625426.162791,0.697674418605,
HDH1384,0.158415841584,234.0,30443.8803419,0.0,170.0,506180.752941,0.541176470588,
RJW1406,-0.0221327967807,243.0,30875.1193416,0.0,254.0,199547.169291,0.204724409449,
JRE1402,-0.00582524271845,256.0,30625.7578125,0.0,259.0,152419.239382,0.162162162162,
AGW1389,0.051724137931,244.0,30277.692623,0.0,220.0,465787.3,0.495454545455,
MAW1397,0.0769230769231,252.0,29735.8690476,0.0,216.0,29177.5462963,0.0,
CCR1396,-0.0371991247265,220.0,30061.7136364,0.0,237.0,858344.14346,0.95358649789,
BTR1410,0.228155339806,253.0,29346.2332016,0.0,159.0,29641.6981132,0.0,
RDS1398,0.0434782608696,228.0,29586.4385965,0.0,209.0,512746.851675,0.564593301435,
GJM1409,0.0511627906977,226.0,30222.2964602,0.0,204.0,391445.117647,0.416666666667,
KDP1706,1.0,3.0,26867.3333333,0.0,0.0,0.0,0.0,
JGB1393,0.0842332613391,251.0,30525.9482072,0.0,212.0,29925.5801887,0.0,
KBC1390,0.571428571429,99.0,30908.3333333,0.0,27.0,217916.0,0.222222222222,
BCR0747,0.0,1.0,28905.0,0.0,1.0,36704.0,0.0,
HPC1404,0.118503118503,269.0,29411.8475836,0.0,212.0,29134.9716981,0.0,
YCC0119,0.333333333333,2.0,29831.0,0.0,1.0,20611.0,0.0,
Ruiz.Charles,-0.142857142857,66.0,32974.7575758,0.0,88.0,716061.545455,0.761363636364,
MJR54,0.0,1.0,22434.0,0.0,1.0,16141.0,0.0,
Nicole-Leon,-0.20652173913,73.0,30061.4383562,0.0,111.0,879340.036036,0.873873873874,
Cassandra_C_Macdonald,-0.298013245033,53.0,30008.5849057,0.0,98.0,111745.367347,0.0918367346939,
Dora_W_Rodriquez,-0.160839160839,60.0,28498.0166667,0.0,83.0,530163.26506,0.55421686747,
AGB0447,0.6,4.0,35673.25,0.0,1.0,28687.0,0.0,
GMR1399,0.0573248407643,249.0,30491.5140562,0.0,222.0,295167.058559,0.283783783784,
CLS1331,0.566101694915,231.0,30445.6839827,0.0,64.0,120200.46875,0.109375,
CCM1401,0.0800915331808,236.0,27823.5508475,0.0,201.0,240851.049751,0.223880597015,
NZL1395,0.111111111111,240.0,30926.55,0.0,192.0,679614.119792,0.75,
Halee_Carver,1.0,244.0,31407.5409836,0.0,0.0,0.0,0.0,
AJS1408,0.106299212598,281.0,30443.2846975,0.0,227.0,29350.123348,0.0,
HPC7789,-0.0275229357798,53.0,31060.9245283,0.0,56.0,29722.7857143,0.0,
NRH1383,-0.0819112627986,269.0,29854.2007435,0.0,317.0,468968.473186,0.479495268139,
RJW894,-0.142857142857,48.0,28908.1458333,0.0,64.0,114315.375,0.109375,
RWJ491,0.0619469026549,60.0,32063.7,0.0,53.0,1014527.15094,1.20754716981,
Ross-Brock,0.0961538461538,57.0,29449.6491228,0.0,47.0,29515.0425532,0.0,
Moana.A.Weiss,-0.125,70.0,30992.1428571,0.0,90.0,30474.3444444,0.0,
IVS1411,0.0948275862069,127.0,31121.3070866,0.0,105.0,435234.761905,0.419047619048,
Selma_Calderon,-0.259259259259,40.0,32995.825,0.0,68.0,203510.029412,0.191176470588,
GJM944,-0.106666666667,67.0,29251.9402985,0.0,83.0,690644.783133,0.710843373494,
Hyatt-Johnston,-0.237569060773,69.0,30294.9275362,0.0,112.0,888383.285714,0.973214285714,
Weaver-Amir,-0.277777777778,52.0,30960.0961538,0.0,92.0,384684.826087,0.423913043478,
Halee_Olsen,1.0,1.0,37383.0,0.0,0.0,0.0,0.0,
Zachery-Justice,1.0,1.0,36927.0,0.0,0.0,0.0,0.0,
DNG0831,1.0,1.0,17892.0,0.0,0.0,0.0,0.0,
BJS9448,1.0,140.0,29421.2214286,0.0,0.0,0.0,0.0,
DZO0999,1.0,2.0,28320.0,0.0,0.0,0.0,0.0,
ASR0150,1.0,1.0,27294.0,0.0,0.0,0.0,0.0,
MCT0695,0.0,1.0,43626.0,0.0,1.0,34727.0,0.0,
Adele_Conner,0.333333333333,2.0,22569.0,0.0,1.0,42710.0,0.0,
GPS0321,1.0,1.0,38203.0,0.0,0.0,0.0,0.0,
BJS51,1.0,91.0,28522.5714286,0.0,0.0,0.0,0.0,
BCS1310,0.0,1.0,45942.0,0.0,1.0,41548.0,0.0,
BRM1080,1.0,2.0,39420.0,0.0,0.0,0.0,0.0,
KKP0064,1.0,1.0,39420.0,0.0,0.0,0.0,0.0,
Rhoda_D_Stewart,-0.213114754098,48.0,30441.6041667,0.0,74.0,570165.837838,0.581081081081,
HJB1444,1.0,1.0,39974.0,0.0,0.0,0.0,0.0,
RDC0128,1.0,1.0,31195.0,0.0,0.0,0.0,0.0,
IDB0843,1.0,1.0,31968.0,0.0,0.0,0.0,0.0,
VCM0992,1.0,2.0,25095.0,0.0,0.0,0.0,0.0,
KIC0438,1.0,2.0,39107.0,0.0,0.0,0.0,0.0,
Kendall.S.Winters,1.0,2.0,21799.0,0.0,0.0,0.0,0.0,
Castro-Rashad,1.0,1.0,21799.0,0.0,0.0,0.0,0.0,
OHC1798,1.0,2.0,36582.5,0.0,0.0,0.0,0.0,
QCM0672,1.0,1.0,27392.0,0.0,0.0,0.0,0.0,
Ivana.V.Shepherd,0.056,66.0,29251.5606061,0.0,59.0,596345.305085,0.576271186441,
EGF1305,1.0,1.0,41502.0,0.0,0.0,0.0,0.0,
MES0966,1.0,1.0,21606.0,0.0,0.0,0.0,0.0,
Shepard-Hu,-0.0972222222222,65.0,29863.9230769,0.0,79.0,732494.164557,0.810126582278,
ROB6,1.0,2.0,25524.0,0.0,0.0,0.0,0.0,
Eaton-James,-0.191919191919,40.0,31604.25,0.0,59.0,150148.576271,0.152542372881,
Cody.L.Salinas,0.679012345679,68.0,30405.4411765,0.0,13.0,95333.4615385,0.153846153846,
Helen.Hardy,-0.441558441558,43.0,28475.4651163,0.0,111.0,287976.801802,0.36036036036,
Madaline.F.Murphy,0.618257261411,195.0,30746.0717949,0.0,46.0,29586.0869565,0.0,
Wallace-Tad,-0.0514285714286,83.0,31350.373494,0.0,92.0,814511.75,0.847826086957,
Alfreda_Spencer,-0.111111111111,68.0,30360.0147059,0.0,85.0,31736.6,0.0,
Gretchen.M.Ramos,-0.349397590361,54.0,32095.037037,0.0,112.0,189032.008929,0.1875,
LPS1875,1.0,3.0,39074.0,0.0,0.0,0.0,0.0,
NKN7812,-0.383647798742,49.0,31555.2857143,0.0,110.0,28466.7181818,0.0,
FMH1552,1.0,1.0,20699.0,0.0,0.0,0.0,0.0,
Kelsey.O.Giles,-0.281767955801,65.0,30460.7846154,0.0,116.0,655123.62069,0.715517241379,
Olympia.N.Bonner,1.0,1.0,22450.0,0.0,0.0,0.0,0.0,
QRC1676,1.0,2.0,29820.5,0.0,0.0,0.0,0.0,
Quinn-Randall,1.0,2.0,34246.0,0.0,0.0,0.0,0.0,
JGB487,-0.0114942528736,86.0,30418.4418605,0.0,88.0,28520.4090909,0.0,
NNB1355,1.0,1.0,39353.0,0.0,0.0,0.0,0.0,
RRS0056,1.0,1.0,30460.0,0.0,0.0,0.0,0.0,
RAB0251,-0.2,2.0,25141.0,0.0,3.0,27298.6666667,0.0,
AHH0085,0.333333333333,2.0,33209.0,0.0,1.0,29714.0,0.0,
WAF1652,1.0,1.0,39515.0,0.0,0.0,0.0,0.0,
RAH0052,1.0,2.0,34520.5,0.0,0.0,0.0,0.0,
BAR1640,1.0,2.0,21205.0,0.0,0.0,0.0,0.0,
CEG1442,1.0,1.0,19734.0,0.0,0.0,0.0,0.0,
MCH0620,1.0,1.0,39655.0,0.0,0.0,0.0,0.0,
BTN0147,1.0,1.0,36072.0,0.0,0.0,0.0,0.0,
YJB0829,1.0,1.0,27054.0,0.0,0.0,0.0,0.0,
AAG1136,1.0,5.0,25289.2,0.0,0.0,0.0,0.0,
DDR88,0.333333333333,2.0,26343.0,0.0,1.0,17626.0,0.0,
AOP1202,1.0,1.0,36379.0,0.0,0.0,0.0,0.0,
JJA1164,1.0,2.0,22556.0,0.0,0.0,0.0,0.0,
IMR0323,1.0,1.0,20415.0,0.0,0.0,0.0,0.0,
Madeline_M_Hunter,1.0,2.0,23426.0,0.0,0.0,0.0,0.0,
JEC23,1.0,1.0,28435.0,0.0,0.0,0.0,0.0,
Ava.Nicholson,1.0,1.0,39233.0,0.0,0.0,0.0,0.0,
LJL1891,1.0,1.0,42880.0,0.0,0.0,0.0,0.0,
AKS415,1.0,1.0,38069.0,0.0,0.0,0.0,0.0,
Leandra_Moran,-0.0731707317073,38.0,30669.2894737,0.0,44.0,356043.954545,0.5,
CBK0185,1.0,1.0,43558.0,0.0,0.0,0.0,0.0,
RBN1906,1.0,1.0,35001.0,0.0,0.0,0.0,0.0,
KKL1481,1.0,2.0,26420.5,0.0,0.0,0.0,0.0,
KJG1121,1.0,2.0,26051.0,0.0,0.0,0.0,0.0,
GDD1687,1.0,1.0,16635.0,0.0,0.0,0.0,0.0,
DKG0637,1.0,1.0,34493.0,0.0,0.0,0.0,0.0,
PIR1632,1.0,1.0,28654.0,0.0,0.0,0.0,0.0,
AML0268,1.0,1.0,36509.0,0.0,0.0,0.0,0.0,
KMG0062,0.333333333333,2.0,46581.0,0.0,1.0,2227982.0,4.0,
KCR1118,0.0,1.0,43022.0,0.0,1.0,3691572.0,2.0,
OFM0341,0.0,1.0,27549.0,0.0,1.0,30172.0,0.0,
SFG1360,1.0,1.0,25838.0,0.0,0.0,0.0,0.0,
JHP9447,1.0,1.0,51058.0,0.0,0.0,0.0,0.0,
CPD313,1.0,2.0,37306.0,0.0,0.0,0.0,0.0,
JTK0784,1.0,1.0,59549.0,0.0,0.0,0.0,0.0,
CSV1242,1.0,1.0,21576.0,0.0,0.0,0.0,0.0,
DHR1157,1.0,1.0,37336.0,0.0,0.0,0.0,0.0,
AOB0391,1.0,1.0,36803.0,0.0,0.0,0.0,0.0,
JLC1301,1.0,1.0,19281.0,0.0,0.0,0.0,0.0,
GAF0250,1.0,1.0,23829.0,0.0,0.0,0.0,0.0,
KIS1205,1.0,2.0,22294.0,0.0,0.0,0.0,0.0,
Cathleen_Lester,1.0,3.0,38127.3333333,0.0,0.0,0.0,0.0,
Noble_Horton,-0.0503597122302,66.0,33746.8181818,0.0,73.0,292639.013699,0.342465753425,
Chen-Kamal,0.936842105263,184.0,30804.951087,0.0,6.0,1273479.0,1.16666666667,
Morgan_Evans,1.0,1.0,32557.0,0.0,0.0,0.0,0.0,
Emerson-Benedict,1.0,1.0,21124.0,0.0,0.0,0.0,0.0,
Ferrell-Jonathan,1.0,1.0,20914.0,0.0,0.0,0.0,0.0,
NCB0657,1.0,2.0,25691.0,0.0,0.0,0.0,0.0,
DDR1649,1.0,1.0,20011.0,0.0,0.0,0.0,0.0,
MON0700,1.0,2.0,34116.0,0.0,0.0,0.0,0.0,
ARV1884,1.0,1.0,32809.0,0.0,0.0,0.0,0.0,
Moody-Carlos,-0.0693069306931,47.0,34865.1702128,0.0,54.0,547782.666667,0.611111111111,
Aladdin-Huffman,1.0,1.0,18189.0,0.0,0.0,0.0,0.0,
CHP9,1.0,1.0,18189.0,0.0,0.0,0.0,0.0,
DTC0840,1.0,1.0,25652.0,0.0,0.0,0.0,0.0,
Lee_Harper,1.0,2.0,44072.0,0.0,0.0,0.0,0.0,
DTB0722,1.0,2.0,24715.5,0.0,0.0,0.0,0.0,
Uta_I_Savage,1.0,1.0,25405.0,0.0,0.0,0.0,0.0,
Flynn-Hyatt,1.0,1.0,19894.0,0.0,0.0,0.0,0.0,
Yoshi.M.Fuentes,1.0,1.0,22874.0,0.0,0.0,0.0,0.0,
MGC0646,1.0,1.0,35646.0,0.0,0.0,0.0,0.0,
MAW1974,1.0,3.0,34657.6666667,0.0,0.0,0.0,0.0,
MRH0407,0.0,1.0,30579.0,0.0,1.0,1418485.0,2.0,
JOR1495,1.0,1.0,40668.0,0.0,0.0,0.0,0.0,
XDM0723,1.0,1.0,49026.0,0.0,0.0,0.0,0.0,
CHN0282,1.0,1.0,30843.0,0.0,0.0,0.0,0.0,
BUH1249,1.0,1.0,29589.0,0.0,0.0,0.0,0.0,
KJH0804,1.0,1.0,29563.0,0.0,0.0,0.0,0.0,
AVG1169,1.0,1.0,47666.0,0.0,0.0,0.0,0.0,
GPH0932,1.0,1.0,38508.0,0.0,0.0,0.0,0.0,
CCC0569,1.0,1.0,16549.0,0.0,0.0,0.0,0.0,
Erica_Tran,1.0,2.0,34308.0,0.0,0.0,0.0,0.0,
BBC1191,1.0,1.0,22173.0,0.0,0.0,0.0,0.0,
LMM0167,0.0,1.0,24112.0,0.0,1.0,36892.0,0.0,
WWW0701,1.0,2.0,40554.0,0.0,0.0,0.0,0.0,
Whitney_M_Santos,1.0,1.0,26297.0,0.0,0.0,0.0,0.0,
Sacha.K.Navarro,1.0,1.0,28150.0,0.0,0.0,0.0,0.0,
Grace.B.Valenzuela,1.0,1.0,26431.0,0.0,0.0,0.0,0.0,
NRR1835,1.0,1.0,33096.0,0.0,0.0,0.0,0.0,
YIN0342,1.0,2.0,30765.0,0.0,0.0,0.0,0.0,
SLL0193,1.0,1.0,22928.0,0.0,0.0,0.0,0.0,
LLB0437,1.0,2.0,38599.0,0.0,0.0,0.0,0.0,
CBC1607,0.0,1.0,38599.0,0.0,1.0,31342.0,0.0,
ERR0525,0.0,1.0,19810.0,0.0,1.0,5868456.0,4.0,
HRR0079,1.0,1.0,26220.0,0.0,0.0,0.0,0.0,
SNK1280,1.0,2.0,17729.0,0.0,0.0,0.0,0.0,
Vera_Holland,1.0,1.0,24560.0,0.0,0.0,0.0,0.0,
BDP0096,1.0,1.0,27310.0,0.0,0.0,0.0,0.0,
XKB1829,1.0,1.0,37488.0,0.0,0.0,0.0,0.0,
NBP0252,1.0,1.0,34717.0,0.0,0.0,0.0,0.0,
Brynn_Guerra,1.0,1.0,92887.0,0.0,0.0,0.0,0.0,
CHP1711,0.333333333333,2.0,20542.5,0.0,1.0,60266.0,0.0,
DQM0809,0.5,3.0,21596.6666667,0.0,1.0,30220.0,0.0,
BAR1328,1.0,1.0,29867.0,0.0,0.0,0.0,0.0,
Bryar_House,1.0,1.0,35105.0,0.0,0.0,0.0,0.0,
DDK0995,0.0,1.0,28788.0,0.0,1.0,27925.0,0.0,
EKR0073,-0.333333333333,1.0,19786.0,0.0,2.0,25430.0,0.0,
Daniel.K.Lloyd,1.0,1.0,32895.0,0.0,0.0,0.0,0.0,
EMR0269,0.6,4.0,25732.25,0.0,1.0,33428.0,0.0,
UIS1637,1.0,1.0,38472.0,0.0,0.0,0.0,0.0,
RFS0513,1.0,1.0,24433.0,0.0,0.0,0.0,0.0,
FRS0694,1.0,1.0,20142.0,0.0,0.0,0.0,0.0,
MSN1911,1.0,1.0,31693.0,0.0,0.0,0.0,0.0,
ALM1768,0.333333333333,2.0,31696.0,0.0,1.0,28691.0,0.0,
HBF0022,0.333333333333,2.0,41785.0,0.0,1.0,37139.0,0.0,
CRR1966,1.0,1.0,46768.0,0.0,0.0,0.0,0.0,
LMM73,1.0,1.0,40250.0,0.0,0.0,0.0,0.0,
NFH0677,1.0,2.0,24056.0,0.0,0.0,0.0,0.0,
CCR4818,1.0,1.0,30311.0,0.0,0.0,0.0,0.0,
OAB0181,1.0,3.0,22908.6666667,0.0,0.0,0.0,0.0,
CTB0744,1.0,1.0,18685.0,0.0,0.0,0.0,0.0,
DPK0954,1.0,1.0,20688.0,0.0,0.0,0.0,0.0,
AFP1341,1.0,2.0,43448.0,0.0,0.0,0.0,0.0,
CBD1128,1.0,1.0,29553.0,0.0,0.0,0.0,0.0,
PJC0370,1.0,1.0,27049.0,0.0,0.0,0.0,0.0,
WZB0733,1.0,1.0,32046.0,0.0,0.0,0.0,0.0,
LPL0420,1.0,4.0,27592.25,0.0,0.0,0.0,0.0,
AQC0371,1.0,1.0,20926.0,0.0,0.0,0.0,0.0,
Imelda_C_Shannon,1.0,2.0,28551.0,0.0,0.0,0.0,0.0,
Hendricks-William,1.0,1.0,50353.0,0.0,0.0,0.0,0.0,
JFC0075,0.0,1.0,24547.0,0.0,1.0,1203533.0,1.0,
Hudson-Kenyon,1.0,2.0,31538.0,0.0,0.0,0.0,0.0,
SAW1961,1.0,1.0,30509.0,0.0,0.0,0.0,0.0,
FGW3234,1.0,1.0,23254.0,0.0,0.0,0.0,0.0,
Halla.D.Weaver,1.0,1.0,42276.0,0.0,0.0,0.0,0.0,
CKC0487,1.0,1.0,20525.0,0.0,0.0,0.0,0.0,
AJT0419,1.0,2.0,28310.0,0.0,0.0,0.0,0.0,
EJG1445,1.0,1.0,40921.0,0.0,0.0,0.0,0.0,
HBH0111,1.0,1.0,34391.0,0.0,0.0,0.0,0.0,
PMM1117,1.0,3.0,27112.6666667,0.0,0.0,0.0,0.0,
BYO1846,1.0,2.0,28080.0,0.0,0.0,0.0,0.0,
FKS1696,1.0,2.0,24984.0,0.0,0.0,0.0,0.0,
Kylan.Sherman,1.0,2.0,51445.0,0.0,0.0,0.0,0.0,
ACB0220,1.0,1.0,45406.0,0.0,0.0,0.0,0.0,
DMN1365,1.0,1.0,19161.0,0.0,0.0,0.0,0.0,
Jeanette_Mckee,1.0,1.0,23217.0,0.0,0.0,0.0,0.0,
Cora_T_Kelly,1.0,1.0,32071.0,0.0,0.0,0.0,0.0,
Pandora-Head,1.0,1.0,28477.0,0.0,0.0,0.0,0.0,
September_Mcdaniel,1.0,1.0,20886.0,0.0,0.0,0.0,0.0,
LSO55,1.0,1.0,30760.0,0.0,0.0,0.0,0.0,
ZJN1492,0.0,2.0,45879.0,0.0,2.0,21291.5,0.0,
Hayes-Hendricks,1.0,1.0,35638.0,0.0,0.0,0.0,0.0,
KVV0871,1.0,2.0,23812.0,0.0,0.0,0.0,0.0,
ANH1583,1.0,2.0,24255.0,0.0,0.0,0.0,0.0,
Elaine_Guerra,1.0,1.0,25559.0,0.0,0.0,0.0,0.0,
KLM1508,1.0,2.0,24239.0,0.0,0.0,0.0,0.0,
MSS0799,0.6,4.0,20915.75,0.0,1.0,1390099.0,1.0,
ZCB0983,1.0,3.0,31653.6666667,0.0,0.0,0.0,0.0,
MCP0611,1.0,1.0,34258.0,0.0,0.0,0.0,0.0,
ZDH1266,1.0,3.0,22104.0,0.0,0.0,0.0,0.0,
AYG1697,1.0,1.0,27920.0,0.0,0.0,0.0,0.0,
MML0631,1.0,3.0,38770.6666667,0.0,0.0,0.0,0.0,
ARL6,-0.333333333333,1.0,40898.0,0.0,2.0,22330.5,0.0,
MGG1342,0.333333333333,2.0,25764.0,0.0,1.0,34946.0,0.0,
WAH0793,1.0,3.0,19187.3333333,0.0,0.0,0.0,0.0,
ELM1123,1.0,2.0,30603.0,0.0,0.0,0.0,0.0,
EJB0241,0.5,3.0,24197.6666667,0.0,1.0,24368.0,0.0,
NNO0832,1.0,2.0,61152.0,0.0,0.0,0.0,0.0,
FIM0605,1.0,1.0,61152.0,0.0,0.0,0.0,0.0,
SVF1858,1.0,2.0,35623.5,0.0,0.0,0.0,0.0,
HRG0957,1.0,4.0,22978.75,0.0,0.0,0.0,0.0,
ACH1831,1.0,2.0,26323.0,0.0,0.0,0.0,0.0,
Ora.H.Austin,1.0,1.0,24614.0,0.0,0.0,0.0,0.0,
IKS0136,0.333333333333,2.0,36750.0,0.0,1.0,20881.0,0.0,
MIC0916,1.0,1.0,36750.0,0.0,0.0,0.0,0.0,
YBD1929,0.0,1.0,17225.0,0.0,1.0,30194.0,0.0,
QNB1329,1.0,1.0,22999.0,0.0,0.0,0.0,0.0,
BSS0847,1.0,1.0,32840.0,0.0,0.0,0.0,0.0,
TFS1081,0.333333333333,2.0,27792.5,0.0,1.0,38838.0,0.0,
HRR1154,1.0,2.0,32095.0,0.0,0.0,0.0,0.0,
RVJ0046,1.0,1.0,32095.0,0.0,0.0,0.0,0.0,
GEM0462,1.0,1.0,19513.0,0.0,0.0,0.0,0.0,
AEC1085,0.0,1.0,31468.0,0.0,1.0,2251946.0,4.0,
JBR1651,1.0,1.0,34984.0,0.0,0.0,0.0,0.0,
YNC1336,0.5,3.0,27447.0,0.0,1.0,34282.0,0.0,
JAW1429,1.0,2.0,25643.0,0.0,0.0,0.0,0.0,
MHK0565,0.5,3.0,39909.6666667,0.0,1.0,1807322.0,1.0,
GPS0970,1.0,3.0,31665.6666667,0.0,0.0,0.0,0.0,
JMS0859,1.0,5.0,22042.0,0.0,0.0,0.0,0.0,
CZY0110,1.0,2.0,53008.0,0.0,0.0,0.0,0.0,
SRC1468,0.333333333333,2.0,41948.0,0.0,1.0,38496.0,0.0,
CCM3459,1.0,2.0,25931.0,0.0,0.0,0.0,0.0,
CIW1591,1.0,1.0,10552.0,0.0,0.0,0.0,0.0,
ODA0931,1.0,1.0,38258.0,0.0,0.0,0.0,0.0,
Whoopi_Short,1.0,1.0,28699.0,0.0,0.0,0.0,0.0,
CEG1535,1.0,3.0,32428.6666667,0.0,0.0,0.0,0.0,
HMD1505,0.0,1.0,23241.0,0.0,1.0,9024061.0,9.0,
JUL0610,1.0,3.0,36713.6666667,0.0,0.0,0.0,0.0,
WPC1984,1.0,2.0,35101.0,0.0,0.0,0.0,0.0,
BMR0865,1.0,1.0,26455.0,0.0,0.0,0.0,0.0,
SKH1910,1.0,1.0,17555.0,0.0,0.0,0.0,0.0,
JQC8826,1.0,2.0,39978.0,0.0,0.0,0.0,0.0,
Barker-Tiger,1.0,1.0,25949.0,0.0,0.0,0.0,0.0,
MAF1623,0.6,4.0,29660.0,0.0,1.0,38259.0,0.0,
AHN0681,1.0,2.0,29212.0,0.0,0.0,0.0,0.0,
ZAD1035,1.0,1.0,25123.0,0.0,0.0,0.0,0.0,
NMP1003,1.0,1.0,32838.0,0.0,0.0,0.0,0.0,
GCB0118,1.0,2.0,44455.0,0.0,0.0,0.0,0.0,
QSS1380,1.0,1.0,24716.0,0.0,0.0,0.0,0.0,
LAH0463,1.0,1.0,56048.0,0.0,0.0,0.0,0.0,
SZN1421,1.0,1.0,37404.0,0.0,0.0,0.0,0.0,
CPL0439,1.0,1.0,28574.0,0.0,0.0,0.0,0.0,
BYW1523,1.0,4.0,24775.5,0.0,0.0,0.0,0.0,
PTV0067,1.0,1.0,33442.0,0.0,0.0,0.0,0.0,
SWM1101,1.0,1.0,33996.0,0.0,0.0,0.0,0.0,
BHG1947,0.333333333333,2.0,24955.0,0.0,1.0,1419297.0,2.0,
DAC1548,1.0,1.0,25197.0,0.0,0.0,0.0,0.0,
GPO1020,1.0,1.0,17329.0,0.0,0.0,0.0,0.0,
GTC0614,1.0,1.0,34665.0,0.0,0.0,0.0,0.0,
Fox.Paki,1.0,1.0,33245.0,0.0,0.0,0.0,0.0,
Quinn_Flores,1.0,1.0,24102.0,0.0,0.0,0.0,0.0,
CMV0524,1.0,1.0,31272.0,0.0,0.0,0.0,0.0,
PTH1889,1.0,3.0,25476.0,0.0,0.0,0.0,0.0,
Kelsie_C_Gross,1.0,2.0,37178.0,0.0,0.0,0.0,0.0,
Cannon-Edward,1.0,2.0,40450.0,0.0,0.0,0.0,0.0,
Puckett-Regan,1.0,2.0,38555.5,0.0,0.0,0.0,0.0,
DQR33,1.0,1.0,21068.0,0.0,0.0,0.0,0.0,
Jacobson-Yvonne,1.0,2.0,40802.0,0.0,0.0,0.0,0.0,
ODB0034,1.0,2.0,22098.0,0.0,0.0,0.0,0.0,
WOS1834,0.0,1.0,31872.0,0.0,1.0,14609.0,0.0,
YDM1822,1.0,1.0,24849.0,0.0,0.0,0.0,0.0,
RSS1825,0.0,1.0,36920.0,0.0,1.0,1424817.0,2.0,
HHM1746,1.0,2.0,35442.0,0.0,0.0,0.0,0.0,
AQL1757,1.0,2.0,38418.0,0.0,0.0,0.0,0.0,
ACH1011,0.0,1.0,38418.0,0.0,1.0,16513.0,0.0,
GAT1343,1.0,3.0,26811.6666667,0.0,0.0,0.0,0.0,
CEG1467,1.0,2.0,23678.0,0.0,0.0,0.0,0.0,
Iliana_Kelly,1.0,3.0,20161.3333333,0.0,0.0,0.0,0.0,
DEM25,0.0,1.0,26251.0,0.0,1.0,753143.0,1.0,
Bernard-Marshall,1.0,2.0,18780.0,0.0,0.0,0.0,0.0,
WCN0261,1.0,1.0,36609.0,0.0,0.0,0.0,0.0,
KDG1330,1.0,1.0,13580.0,0.0,0.0,0.0,0.0,
MMK1532,1.0,1.0,30950.0,0.0,0.0,0.0,0.0,
ALB1144,1.0,2.0,40759.0,0.0,0.0,0.0,0.0,
Harvey-Quinlan,1.0,2.0,28975.0,0.0,0.0,0.0,0.0,
TMT1509,1.0,1.0,56879.0,0.0,0.0,0.0,0.0,
HOS1349,1.0,1.0,23522.0,0.0,0.0,0.0,0.0,
AWB1661,1.0,1.0,33523.0,0.0,0.0,0.0,0.0,
SNC0218,1.0,3.0,34476.6666667,0.0,0.0,0.0,0.0,
AKS0586,1.0,1.0,17250.0,0.0,0.0,0.0,0.0,
Delacruz-Harding,1.0,2.0,42587.0,0.0,0.0,0.0,0.0,
DBK0284,1.0,2.0,29768.0,0.0,0.0,0.0,0.0,
BWM0175,1.0,1.0,38690.0,0.0,0.0,0.0,0.0,
BDB1111,1.0,1.0,24691.0,0.0,0.0,0.0,0.0,
KRS0172,1.0,1.0,30798.0,0.0,0.0,0.0,0.0,
VMD0850,1.0,3.0,21845.0,0.0,0.0,0.0,0.0,
ILF0913,1.0,1.0,56985.0,0.0,0.0,0.0,0.0,
ZKP0542,1.0,1.0,40089.0,0.0,0.0,0.0,0.0,
EYM2474,1.0,2.0,25321.0,0.0,0.0,0.0,0.0,
UKM0845,1.0,1.0,32132.0,0.0,0.0,0.0,0.0,
Berg_Tyrone,1.0,2.0,54021.0,0.0,0.0,0.0,0.0,
TAW0689,0.333333333333,2.0,23245.0,0.0,1.0,1828459.0,2.0,
KRC91,1.0,1.0,20454.0,0.0,0.0,0.0,0.0,
Vega-Gray,1.0,2.0,33655.0,0.0,0.0,0.0,0.0,
TLS0643,1.0,2.0,28338.0,0.0,0.0,0.0,0.0,
BNN0975,1.0,3.0,33622.6666667,0.0,0.0,0.0,0.0,
KCW1215,1.0,2.0,25304.0,0.0,0.0,0.0,0.0,
SLC1865,1.0,2.0,48677.0,0.0,0.0,0.0,0.0,
XKR0168,1.0,1.0,14034.0,0.0,0.0,0.0,0.0,
QWP1513,1.0,1.0,28319.0,0.0,0.0,0.0,0.0,
NKT1510,1.0,2.0,18002.0,0.0,0.0,0.0,0.0,
RDW9,1.0,1.0,53935.0,0.0,0.0,0.0,0.0,
PLL5441,1.0,1.0,30987.0,0.0,0.0,0.0,0.0,
CRM0880,1.0,2.0,20294.0,0.0,0.0,0.0,0.0,
ADC1014,1.0,1.0,20294.0,0.0,0.0,0.0,0.0,
ZOC866,1.0,1.0,34099.0,0.0,0.0,0.0,0.0,
ISK3,1.0,1.0,22234.0,0.0,0.0,0.0,0.0,
HGG0166,0.0,1.0,21224.0,0.0,1.0,26126.0,0.0,
YBH1926,1.0,1.0,22713.0,0.0,0.0,0.0,0.0,
AKM0214,1.0,1.0,32393.0,0.0,0.0,0.0,0.0,
HGG0535,1.0,1.0,26775.0,0.0,0.0,0.0,0.0,
SBP1176,1.0,1.0,18456.0,0.0,0.0,0.0,0.0,
JSB1915,1.0,1.0,25925.0,0.0,0.0,0.0,0.0,
Richard-Steven,1.0,1.0,23913.0,0.0,0.0,0.0,0.0,
Odom_Brendan,1.0,1.0,28925.0,0.0,0.0,0.0,0.0,
JBR1940,1.0,1.0,45800.0,0.0,0.0,0.0,0.0,
EJW1544,1.0,3.0,29378.3333333,0.0,0.0,0.0,0.0,
LSM1228,0.0,1.0,14170.0,0.0,1.0,25648.0,0.0,
ANC0027,1.0,2.0,28293.0,0.0,0.0,0.0,0.0,
Leilani.Richard,1.0,2.0,25711.0,0.0,0.0,0.0,0.0,
SSS1129,0.0,1.0,35216.0,0.0,1.0,3222635.0,2.0,
Denise_Fitzpatrick,1.0,1.0,27973.0,0.0,0.0,0.0,0.0,
KJS1956,1.0,1.0,17972.0,0.0,0.0,0.0,0.0,
EAG0633,1.0,1.0,31507.0,0.0,0.0,0.0,0.0,
AAC1489,1.0,2.0,29359.0,0.0,0.0,0.0,0.0,
DSB24,1.0,1.0,25952.0,0.0,0.0,0.0,0.0,
RMP0754,1.0,1.0,24145.0,0.0,0.0,0.0,0.0,
BTN1466,1.0,1.0,19400.0,0.0,0.0,0.0,0.0,
BCA1517,1.0,1.0,34145.0,0.0,0.0,0.0,0.0,
Moran_Leandra,1.0,191.0,30475.3298429,0.0,0.0,0.0,0.0,
DJJ1480,1.0,1.0,22893.0,0.0,0.0,0.0,0.0,
HAE0105,1.0,1.0,42636.0,0.0,0.0,0.0,0.0,
KCC1988,1.0,1.0,45123.0,0.0,0.0,0.0,0.0,
BPK1731,1.0,1.0,25355.0,0.0,0.0,0.0,0.0,
GCH0470,1.0,1.0,24953.0,0.0,0.0,0.0,0.0,
Velez-Edward,1.0,1.0,43162.0,0.0,0.0,0.0,0.0,
VRP0267,1.0,1.0,18935.0,0.0,0.0,0.0,0.0,
NAB1673,1.0,4.0,31348.5,0.0,0.0,0.0,0.0,
WRB1978,1.0,1.0,25898.0,0.0,0.0,0.0,0.0,
JCV0994,0.5,3.0,32192.6666667,0.0,1.0,28067.0,0.0,
QJH1605,0.5,3.0,29962.3333333,0.0,1.0,31350.0,0.0,
ESM1828,1.0,1.0,31349.0,0.0,0.0,0.0,0.0,
FCW1100,1.0,4.0,39375.75,0.0,0.0,0.0,0.0,
CDD1124,1.0,2.0,16809.0,0.0,0.0,0.0,0.0,
SCF0430,0.333333333333,2.0,32244.5,0.0,1.0,1067206.0,1.0,
PRF0257,1.0,1.0,28876.0,0.0,0.0,0.0,0.0,
MUW0570,1.0,2.0,31582.0,0.0,0.0,0.0,0.0,
AMC0265,1.0,1.0,29233.0,0.0,0.0,0.0,0.0,
LSN1462,1.0,2.0,37259.0,0.0,0.0,0.0,0.0,
CCP0774,1.0,2.0,21474.0,0.0,0.0,0.0,0.0,
SNC1721,1.0,1.0,46537.0,0.0,0.0,0.0,0.0,
GCD0863,1.0,1.0,26382.0,0.0,0.0,0.0,0.0,
BCG78,0.333333333333,2.0,25897.0,0.0,1.0,25078.0,0.0,
KOL1923,1.0,1.0,49200.0,0.0,0.0,0.0,0.0,
DZM1550,1.0,2.0,20373.0,0.0,0.0,0.0,0.0,
GTP1369,1.0,2.0,27968.0,0.0,0.0,0.0,0.0,
ZAR0235,0.0,1.0,25401.0,0.0,1.0,25418.0,0.0,
KLM66,1.0,2.0,34925.0,0.0,0.0,0.0,0.0,
TDH1351,1.0,2.0,42277.0,0.0,0.0,0.0,0.0,
DEB1767,1.0,2.0,29390.0,0.0,0.0,0.0,0.0,
HAB1787,1.0,1.0,26742.0,0.0,0.0,0.0,0.0,
JNB0673,1.0,2.0,25412.0,0.0,0.0,0.0,0.0,
ANT0148,1.0,1.0,30655.0,0.0,0.0,0.0,0.0,
BSJ265,1.0,1.0,35452.0,0.0,0.0,0.0,0.0,
Lee-Macon,1.0,1.0,34704.0,0.0,0.0,0.0,0.0,
HMH3,1.0,1.0,40330.0,0.0,0.0,0.0,0.0,
Ortiz-Roth,1.0,2.0,40476.0,0.0,0.0,0.0,0.0,
Wesley-Fletcher,1.0,1.0,22371.0,0.0,0.0,0.0,0.0,
PXS1,1.0,1.0,42030.0,0.0,0.0,0.0,0.0,
Peterson-Palmer,1.0,1.0,28661.0,0.0,0.0,0.0,0.0,
WPL0086,1.0,2.0,37161.0,0.0,0.0,0.0,0.0,
HXP0976,1.0,2.0,27242.0,0.0,0.0,0.0,0.0,
MQS0196,1.0,2.0,31622.0,0.0,0.0,0.0,0.0,
TFS2,0.0,1.0,31208.0,0.0,1.0,17997.0,0.0,
Sierra_H_Bolton,1.0,1.0,13704.0,0.0,0.0,0.0,0.0,
Griffith-Ursa,1.0,3.0,40403.6666667,0.0,0.0,0.0,0.0,
Lucy.Lyons,1.0,2.0,25912.0,0.0,0.0,0.0,0.0,
Ulla_Taylor,-0.333333333333,1.0,34222.0,0.0,2.0,1660111.5,2.0,
AAB1302,1.0,2.0,37919.0,0.0,0.0,0.0,0.0,
JSA0468,1.0,1.0,37948.0,0.0,0.0,0.0,0.0,
TJB9,1.0,1.0,22338.0,0.0,0.0,0.0,0.0,
DPR1589,1.0,2.0,27529.0,0.0,0.0,0.0,0.0,
OAJ3926,1.0,1.0,29303.0,0.0,0.0,0.0,0.0,
Chang-Vaughan,1.0,1.0,36674.0,0.0,0.0,0.0,0.0,
MAE0515,1.0,1.0,31109.0,0.0,0.0,0.0,0.0,
RSM1133,1.0,1.0,14469.0,0.0,0.0,0.0,0.0,
CVS0720,1.0,1.0,30266.0,0.0,0.0,0.0,0.0,
LHD1233,1.0,2.0,23012.0,0.0,0.0,0.0,0.0,
MKR1094,1.0,2.0,41232.0,0.0,0.0,0.0,0.0,
GUT1619,1.0,1.0,38773.0,0.0,0.0,0.0,0.0,
HGS0888,1.0,1.0,42384.0,0.0,0.0,0.0,0.0,
CAB0290,1.0,2.0,28182.5,0.0,0.0,0.0,0.0,
INK1859,1.0,1.0,18000.0,0.0,0.0,0.0,0.0,
SRP1576,1.0,2.0,16165.0,0.0,0.0,0.0,0.0,
TLW1050,1.0,2.0,34220.0,0.0,0.0,0.0,0.0,
RAS1982,1.0,1.0,20157.0,0.0,0.0,0.0,0.0,
WTC0699,1.0,3.0,28394.6666667,0.0,0.0,0.0,0.0,
TNB1616,1.0,1.0,27461.0,0.0,0.0,0.0,0.0,
CCP977,0.0,1.0,25484.0,0.0,1.0,2411065.0,2.0,
MOS0359,1.0,1.0,18889.0,0.0,0.0,0.0,0.0,
TBM1904,1.0,2.0,30199.5,0.0,0.0,0.0,0.0,
Emerson-Dieter,1.0,1.0,27616.0,0.0,0.0,0.0,0.0,
CCR0338,1.0,1.0,22980.0,0.0,0.0,0.0,0.0,
RIP1368,1.0,2.0,21407.0,0.0,0.0,0.0,0.0,
MEM0221,0.0,1.0,21407.0,0.0,1.0,18123.0,0.0,
TJB1012,1.0,3.0,28196.3333333,0.0,0.0,0.0,0.0,
Lila-Mann,1.0,3.0,30131.3333333,0.0,0.0,0.0,0.0,
Donaldson-Amos,1.0,1.0,23986.0,0.0,0.0,0.0,0.0,
RDB0546,0.333333333333,2.0,31258.0,0.0,1.0,716019.0,2.0,
VPA0974,1.0,1.0,35900.0,0.0,0.0,0.0,0.0,
Dara_C_Booker,1.0,1.0,22849.0,0.0,0.0,0.0,0.0,
BWC0509,1.0,1.0,27089.0,0.0,0.0,0.0,0.0,
CDG88,1.0,1.0,21920.0,0.0,0.0,0.0,0.0,
KST1643,1.0,1.0,17007.0,0.0,0.0,0.0,0.0,
MZV1557,1.0,3.0,37873.6666667,0.0,0.0,0.0,0.0,
JEH0587,1.0,1.0,47954.0,0.0,0.0,0.0,0.0,
BEO6557,1.0,2.0,15147.0,0.0,0.0,0.0,0.0,
CKB0245,0.0,1.0,49597.0,0.0,1.0,1748438.0,2.0,
DCB1000,1.0,1.0,22833.0,0.0,0.0,0.0,0.0,
KDB1206,1.0,1.0,56433.0,0.0,0.0,0.0,0.0,
RCD0299,1.0,2.0,28908.0,0.0,0.0,0.0,0.0,
NUW1599,0.0,1.0,35760.0,0.0,1.0,24944.0,0.0,
BDH0981,1.0,1.0,35760.0,0.0,0.0,0.0,0.0,
HDM1040,1.0,1.0,17829.0,0.0,0.0,0.0,0.0,
Jane-Buchanan,1.0,2.0,29955.0,0.0,0.0,0.0,0.0,
Amaya-Glass,1.0,1.0,20348.0,0.0,0.0,0.0,0.0,
JMA0540,1.0,1.0,38499.0,0.0,0.0,0.0,0.0,
Rogan_Talley,1.0,2.0,31973.0,0.0,0.0,0.0,0.0,
Keely_Stewart,1.0,1.0,31922.0,0.0,0.0,0.0,0.0,
ISK0116,0.333333333333,2.0,28175.0,0.0,1.0,101844.0,1.0,
ILH2000,0.0,1.0,43363.0,0.0,1.0,31289.0,0.0,
IKW0678,1.0,1.0,22521.0,0.0,0.0,0.0,0.0,
CAV0656,1.0,1.0,32188.0,0.0,0.0,0.0,0.0,
AFL2478,1.0,1.0,16465.0,0.0,0.0,0.0,0.0,
EPJ0445,0.0,1.0,41709.0,0.0,1.0,30236.0,0.0,
AIE0773,1.0,1.0,35428.0,0.0,0.0,0.0,0.0,
Hyacinth_M_Saunders,1.0,1.0,25629.0,0.0,0.0,0.0,0.0,
SFJ0856,1.0,1.0,41790.0,0.0,0.0,0.0,0.0,
PMC0815,1.0,1.0,20110.0,0.0,0.0,0.0,0.0,
Ivana_V_Shepherd,1.0,108.0,31345.9722222,0.0,0.0,0.0,0.0,
NOB1015,-0.333333333333,1.0,28919.0,0.0,2.0,791683.5,1.0,
Angela_N_Abbott,1.0,1.0,42418.0,0.0,0.0,0.0,0.0,
WBK1077,1.0,1.0,30015.0,0.0,0.0,0.0,0.0,
LCR1344,1.0,3.0,22765.3333333,0.0,0.0,0.0,0.0,
WCR66,1.0,1.0,29768.0,0.0,0.0,0.0,0.0,
QEL1515,0.0,1.0,9967.0,0.0,1.0,22746.0,0.0,
LYL1334,1.0,1.0,14117.0,0.0,0.0,0.0,0.0,
Robinson-Quamar,1.0,1.0,32749.0,0.0,0.0,0.0,0.0,
YDH0577,1.0,2.0,21466.0,0.0,0.0,0.0,0.0,
Hope_Bonner,0.0,1.0,23714.0,0.0,1.0,29236.0,0.0,
KFG5741,1.0,2.0,24431.0,0.0,0.0,0.0,0.0,
Michelle.Y.Booker,1.0,1.0,24431.0,0.0,0.0,0.0,0.0,
Colton-Rush,1.0,1.0,18690.0,0.0,0.0,0.0,0.0,
Kinney-Moses,1.0,2.0,43138.0,0.0,0.0,0.0,0.0,
DZO0285,0.0,1.0,29945.0,0.0,1.0,24884.0,0.0,
Rachel_Glass,1.0,1.0,20610.0,0.0,0.0,0.0,0.0,
LJM4122,1.0,2.0,36566.0,0.0,0.0,0.0,0.0,
CWR2,1.0,2.0,20154.0,0.0,0.0,0.0,0.0,
Hayes.Salvador,1.0,1.0,32149.0,0.0,0.0,0.0,0.0,
DJC0337,1.0,1.0,14811.0,0.0,0.0,0.0,0.0,
JLC0558,1.0,1.0,17913.0,0.0,0.0,0.0,0.0,
Laurel_Navarro,1.0,2.0,21948.0,0.0,0.0,0.0,0.0,
GRB56,1.0,2.0,33425.0,0.0,0.0,0.0,0.0,
Jordan.L.Davidson,1.0,1.0,33425.0,0.0,0.0,0.0,0.0,
SKB1962,1.0,1.0,23627.0,0.0,0.0,0.0,0.0,
CWR0696,0.0,1.0,54580.0,0.0,1.0,26490.0,0.0,
ISW0738,0.0,1.0,21865.0,0.0,1.0,38105.0,0.0,
WDS1286,0.0,2.0,19822.0,0.0,2.0,85636.0,0.5,
IGN0206,1.0,1.0,25724.0,0.0,0.0,0.0,0.0,
KAH1977,1.0,2.0,27373.0,0.0,0.0,0.0,0.0,
Greer_Mary,1.0,2.0,28885.0,0.0,0.0,0.0,0.0,
JRB0759,1.0,2.0,46555.0,0.0,0.0,0.0,0.0,
RTB0140,0.0,1.0,31471.0,0.0,1.0,18166.0,0.0,
KEO0202,1.0,1.0,39982.0,0.0,0.0,0.0,0.0,
LKB0734,0.0,1.0,17591.0,0.0,1.0,44076.0,0.0,
XAB0622,1.0,1.0,20105.0,0.0,0.0,0.0,0.0,
UMB0322,1.0,1.0,26649.0,0.0,0.0,0.0,0.0,
AJD1612,1.0,1.0,31922.0,0.0,0.0,0.0,0.0,
TCF0559,1.0,1.0,26668.0,0.0,0.0,0.0,0.0,
ARD0790,0.333333333333,2.0,29467.5,0.0,1.0,38268.0,0.0,
KHW0289,1.0,1.0,28561.0,0.0,0.0,0.0,0.0,
TLW1555,1.0,2.0,32874.5,0.0,0.0,0.0,0.0,
KBG1201,0.333333333333,2.0,23258.0,0.0,1.0,33367.0,0.0,
IEL0302,1.0,1.0,35501.0,0.0,0.0,0.0,0.0,
SPH1244,1.0,2.0,23969.5,0.0,0.0,0.0,0.0,
CWW1120,1.0,2.0,29595.0,0.0,0.0,0.0,0.0,
ROB0477,1.0,1.0,29595.0,0.0,0.0,0.0,0.0,
Adam.C.Haney,1.0,1.0,23847.0,0.0,0.0,0.0,0.0,
CFJ0335,1.0,2.0,26530.0,0.0,0.0,0.0,0.0,
EIW0714,1.0,2.0,42160.0,0.0,0.0,0.0,0.0,
SKV0041,1.0,2.0,17187.0,0.0,0.0,0.0,0.0,
GCS4385,1.0,3.0,35371.3333333,0.0,0.0,0.0,0.0,
ECV1289,0.0,1.0,32034.0,0.0,1.0,32738.0,0.0,
LAD0226,1.0,1.0,25307.0,0.0,0.0,0.0,0.0,
KGL0178,1.0,3.0,19961.0,0.0,0.0,0.0,0.0,
EPB0893,1.0,2.0,25878.0,0.0,0.0,0.0,0.0,
JPB0450,1.0,1.0,29677.0,0.0,0.0,0.0,0.0,
Wilder-Kasimir,1.0,2.0,27158.0,0.0,0.0,0.0,0.0,
KCK1494,0.0,1.0,18748.0,0.0,1.0,11078.0,0.0,
IAH1755,1.0,1.0,33520.0,0.0,0.0,0.0,0.0,
CKP456,1.0,1.0,35054.0,0.0,0.0,0.0,0.0,
Amber_X_Soto,1.0,1.0,25418.0,0.0,0.0,0.0,0.0,
HRB1725,0.333333333333,2.0,48917.5,0.0,1.0,2726268.0,3.0,
SDW1781,1.0,1.0,24098.0,0.0,0.0,0.0,0.0,
KCM0402,1.0,1.0,23473.0,0.0,0.0,0.0,0.0,
COG0940,1.0,2.0,26598.0,0.0,0.0,0.0,0.0,
NHD0247,0.0,1.0,20510.0,0.0,1.0,24284.0,0.0,
MKC0869,1.0,1.0,45043.0,0.0,0.0,0.0,0.0,
TAL1665,1.0,2.0,23661.0,0.0,0.0,0.0,0.0,
ACW0078,1.0,2.0,27695.0,0.0,0.0,0.0,0.0,
CPC0190,1.0,1.0,27695.0,0.0,0.0,0.0,0.0,
AIH0814,1.0,2.0,25913.0,0.0,0.0,0.0,0.0,
QJS1362,1.0,1.0,29608.0,0.0,0.0,0.0,0.0,
HTM1498,0.0,1.0,34197.0,0.0,1.0,404471.0,1.0,
TPO1049,1.0,1.0,26278.0,0.0,0.0,0.0,0.0,
SKE1251,1.0,2.0,27327.0,0.0,0.0,0.0,0.0,
Karleigh_Fowler,0.0,1.0,30238.0,0.0,1.0,24599.0,0.0,
JCC0016,0.0,1.0,24814.0,0.0,1.0,23487.0,0.0,
ILH1650,1.0,1.0,25133.0,0.0,0.0,0.0,0.0,
AXS0729,1.0,1.0,25499.0,0.0,0.0,0.0,0.0,
BHP1872,1.0,1.0,22579.0,0.0,0.0,0.0,0.0,
RMV674,1.0,1.0,53466.0,0.0,0.0,0.0,0.0,
QZH0367,-0.333333333333,1.0,20232.0,0.0,2.0,903163.5,1.0,
DES0591,0.0,2.0,15269.0,0.0,2.0,19304.5,0.0,
HTS0762,-0.333333333333,1.0,15269.0,0.0,2.0,22186.0,0.0,
ANG0427,1.0,1.0,48276.0,0.0,0.0,0.0,0.0,
BGR0917,0.333333333333,2.0,40240.0,0.0,1.0,21122.0,0.0,
ANR0502,1.0,1.0,22938.0,0.0,0.0,0.0,0.0,
GTF1464,1.0,1.0,46283.0,0.0,0.0,0.0,0.0,
CCC1900,1.0,1.0,39049.0,0.0,0.0,0.0,0.0,
Williams-Keane,1.0,2.0,24947.0,0.0,0.0,0.0,0.0,
Camilla_Brewer,1.0,2.0,29831.0,0.0,0.0,0.0,0.0,
Quincy_S_Munoz,1.0,1.0,37935.0,0.0,0.0,0.0,0.0,
Atkins_Venus,1.0,1.0,21331.0,0.0,0.0,0.0,0.0,
Chavez-Sylvester,1.0,2.0,40662.0,0.0,0.0,0.0,0.0,
MGB1235,1.0,2.0,22475.0,0.0,0.0,0.0,0.0,
MDR1497,0.0,1.0,27889.0,0.0,1.0,20313.0,0.0,
MVN1518,1.0,1.0,35639.0,0.0,0.0,0.0,0.0,
BDM0274,-0.333333333333,1.0,31122.0,0.0,2.0,379100.0,0.5,
JMK12,1.0,1.0,30454.0,0.0,0.0,0.0,0.0,
HDL0789,1.0,1.0,18025.0,0.0,0.0,0.0,0.0,
BAS1097,1.0,1.0,24221.0,0.0,0.0,0.0,0.0,
Desirae_D_Mcdonald,1.0,2.0,21251.0,0.0,0.0,0.0,0.0,
Lavinia_I_Ballard,1.0,2.0,16062.0,0.0,0.0,0.0,0.0,
Inez-Callahan,1.0,1.0,16062.0,0.0,0.0,0.0,0.0,
Cantrell_Josiah,1.0,1.0,19283.0,0.0,0.0,0.0,0.0,
SLF1195,1.0,1.0,19792.0,0.0,0.0,0.0,0.0,
OKC0155,1.0,2.0,34020.0,0.0,0.0,0.0,0.0,
DEC1939,0.333333333333,2.0,46882.0,0.0,1.0,3686888.0,3.0,
PMC1560,1.0,1.0,41916.0,0.0,0.0,0.0,0.0,
GEK1638,1.0,2.0,30966.0,0.0,0.0,0.0,0.0,
Robles_Marcia,0.0,2.0,17174.0,0.0,2.0,1789072.5,2.0,
NTB0710,1.0,2.0,26219.5,0.0,0.0,0.0,0.0,
RCL1864,1.0,1.0,29564.0,0.0,0.0,0.0,0.0,
LSO1783,1.0,1.0,34055.0,0.0,0.0,0.0,0.0,
CLJ1447,1.0,1.0,25461.0,0.0,0.0,0.0,0.0,
XRS0498,1.0,1.0,37186.0,0.0,0.0,0.0,0.0,
NHH1099,1.0,1.0,32805.0,0.0,0.0,0.0,0.0,
MAB1340,1.0,1.0,19117.0,0.0,0.0,0.0,0.0,
HCE1200,1.0,1.0,28171.0,0.0,0.0,0.0,0.0,
SKW0066,1.0,1.0,28381.0,0.0,0.0,0.0,0.0,
CLZ1937,1.0,2.0,65106.0,0.0,0.0,0.0,0.0,
ZOC0154,1.0,1.0,65106.0,0.0,0.0,0.0,0.0,
Brenna-Navarro,1.0,1.0,34835.0,0.0,0.0,0.0,0.0,
HJS0909,0.0,1.0,18744.0,0.0,1.0,35502.0,0.0,
BNV1461,1.0,1.0,28986.0,0.0,0.0,0.0,0.0,
IDC1744,1.0,1.0,33723.0,0.0,0.0,0.0,0.0,
DDW0757,1.0,2.0,40011.0,0.0,0.0,0.0,0.0,
DLM2,0.0,1.0,33537.0,0.0,1.0,50815.0,0.0,
PTH0005,1.0,2.0,27945.0,0.0,0.0,0.0,0.0,
TRB1702,1.0,1.0,30467.0,0.0,0.0,0.0,0.0,
ADH1016,1.0,3.0,28045.6666667,0.0,0.0,0.0,0.0,
HIK0425,1.0,2.0,22955.0,0.0,0.0,0.0,0.0,
HMW12,1.0,1.0,27044.0,0.0,0.0,0.0,0.0,
Miles_Odysseus,1.0,2.0,22973.0,0.0,0.0,0.0,0.0,
Quincy.J.Franklin,1.0,2.0,27411.0,0.0,0.0,0.0,0.0,
TCL0855,0.0,1.0,21979.0,0.0,1.0,22411.0,0.0,
TMR0186,1.0,3.0,19051.6666667,0.0,0.0,0.0,0.0,
MMD1477,1.0,1.0,22090.0,0.0,0.0,0.0,0.0,
BYV1695,1.0,1.0,30424.0,0.0,0.0,0.0,0.0,
HRE1950,1.0,2.0,32424.0,0.0,0.0,0.0,0.0,
CSB0327,1.0,1.0,27175.0,0.0,0.0,0.0,0.0,
GRB1842,1.0,1.0,27175.0,0.0,0.0,0.0,0.0,
ZPG1909,1.0,1.0,58470.0,0.0,0.0,0.0,0.0,
ALB0668,1.0,1.0,18302.0,0.0,0.0,0.0,0.0,
ILJ0929,1.0,2.0,30358.0,0.0,0.0,0.0,0.0,
Frost_Taylor,1.0,1.0,21657.0,0.0,0.0,0.0,0.0,
Pennington-Sandra,1.0,1.0,23139.0,0.0,0.0,0.0,0.0,
HIS443,1.0,71.0,28247.1690141,0.0,0.0,0.0,0.0,
NJS1194,1.0,1.0,21236.0,0.0,0.0,0.0,0.0,
TJG0170,1.0,2.0,25917.5,0.0,0.0,0.0,0.0,
CAP0471,0.0,1.0,49597.0,0.0,1.0,34841.0,0.0,
Dawn_Gregory,1.0,1.0,22794.0,0.0,0.0,0.0,0.0,
LJM0215,1.0,1.0,19969.0,0.0,0.0,0.0,0.0,
WLP0123,1.0,1.0,29627.0,0.0,0.0,0.0,0.0,
KKS0087,1.0,1.0,32344.0,0.0,0.0,0.0,0.0,
XAO1684,1.0,1.0,22341.0,0.0,0.0,0.0,0.0,
ADH0153,1.0,1.0,35759.0,0.0,0.0,0.0,0.0,
Blair_Elvis,1.0,2.0,32997.0,0.0,0.0,0.0,0.0,
ECT1326,1.0,1.0,33420.0,0.0,0.0,0.0,0.0,
RMT0496,1.0,1.0,23722.0,0.0,0.0,0.0,0.0,
NRH0510,1.0,2.0,31333.0,0.0,0.0,0.0,0.0,
DVV1986,1.0,1.0,18095.0,0.0,0.0,0.0,0.0,
HHD1606,1.0,1.0,48392.0,0.0,0.0,0.0,0.0,
PHP0436,0.0,1.0,25443.0,0.0,1.0,64811.0,0.0,
HLL1488,1.0,1.0,27957.0,0.0,0.0,0.0,0.0,
SCW1456,1.0,1.0,26505.0,0.0,0.0,0.0,0.0,
Robin.R.Preston,1.0,2.0,27902.0,0.0,0.0,0.0,0.0,
JFC958,1.0,2.0,21230.0,0.0,0.0,0.0,0.0,
CAD187,1.0,1.0,20371.0,0.0,0.0,0.0,0.0,
Russell-Nigel,1.0,1.0,29819.0,0.0,0.0,0.0,0.0,
Sydney_G_Nichols,1.0,1.0,21974.0,0.0,0.0,0.0,0.0,
Elizabeth-Mathis,1.0,1.0,23692.0,0.0,0.0,0.0,0.0,
MRW4828,1.0,1.0,14523.0,0.0,0.0,0.0,0.0,
HLH0682,1.0,1.0,17212.0,0.0,0.0,0.0,0.0,
NFJ446,1.0,1.0,30573.0,0.0,0.0,0.0,0.0,
ZBG0938,1.0,2.0,35133.0,0.0,0.0,0.0,0.0,
BDM0442,1.0,2.0,27686.0,0.0,0.0,0.0,0.0,
DBS0048,1.0,1.0,49204.0,0.0,0.0,0.0,0.0,
GYP1321,1.0,1.0,36169.0,0.0,0.0,0.0,0.0,
JVH1575,1.0,2.0,23921.0,0.0,0.0,0.0,0.0,
JCB0544,1.0,2.0,36798.0,0.0,0.0,0.0,0.0,
PKS0278,1.0,1.0,38600.0,0.0,0.0,0.0,0.0,
HST0084,1.0,1.0,61664.0,0.0,0.0,0.0,0.0,
JJS3662,1.0,1.0,26767.0,0.0,0.0,0.0,0.0,
AAC0904,0.0,1.0,29359.0,0.0,1.0,32935.0,0.0,
LSH0464,1.0,1.0,32038.0,0.0,0.0,0.0,0.0,
ASM0398,1.0,2.0,53428.0,0.0,0.0,0.0,0.0,
MCW0505,1.0,1.0,53428.0,0.0,0.0,0.0,0.0,
KDL1901,1.0,1.0,33771.0,0.0,0.0,0.0,0.0,
LKM0230,1.0,1.0,49214.0,0.0,0.0,0.0,0.0,
BEM1501,1.0,1.0,38034.0,0.0,0.0,0.0,0.0,
Gonzales-Breanna,1.0,2.0,33431.0,0.0,0.0,0.0,0.0,
Jeanette_Battle,1.0,1.0,21397.0,0.0,0.0,0.0,0.0,
NSS0926,1.0,2.0,15605.0,0.0,0.0,0.0,0.0,
BJG0492,1.0,1.0,15605.0,0.0,0.0,0.0,0.0,
ATB0490,1.0,2.0,39490.0,0.0,0.0,0.0,0.0,
HDW1779,1.0,1.0,19134.0,0.0,0.0,0.0,0.0,
NCM1243,1.0,1.0,26702.0,0.0,0.0,0.0,0.0,
CKR1700,0.0,1.0,31621.0,0.0,1.0,43593.0,0.0,
JDS0177,0.333333333333,2.0,25006.0,0.0,1.0,13565.0,0.0,
JUP1472,1.0,5.0,29489.8,0.0,0.0,0.0,0.0,
SAA0374,1.0,1.0,35405.0,0.0,0.0,0.0,0.0,
MOW1888,1.0,1.0,26432.0,0.0,0.0,0.0,0.0,
Veda_Austin,1.0,2.0,28695.0,0.0,0.0,0.0,0.0,
QCR0394,1.0,1.0,29269.0,0.0,0.0,0.0,0.0,
KPM0579,1.0,2.0,17869.0,0.0,0.0,0.0,0.0,
Brennan.Vance,1.0,1.0,38519.0,0.0,0.0,0.0,0.0,
JAR0794,1.0,1.0,31795.0,0.0,0.0,0.0,0.0,
AKP0503,1.0,1.0,45058.0,0.0,0.0,0.0,0.0,
TRS0224,1.0,1.0,27793.0,0.0,0.0,0.0,0.0,
TBE1972,1.0,1.0,33358.0,0.0,0.0,0.0,0.0,
GXM1952,0.0,1.0,33404.0,0.0,1.0,19771.0,0.0,
DJH0812,1.0,1.0,32433.0,0.0,0.0,0.0,0.0,
LSJ0979,1.0,1.0,22631.0,0.0,0.0,0.0,0.0,
ADR1156,0.0,1.0,29619.0,0.0,1.0,1940236.0,3.0,
DJC0137,1.0,1.0,20845.0,0.0,0.0,0.0,0.0,
TBP0548,1.0,1.0,26996.0,0.0,0.0,0.0,0.0,
FKS0069,1.0,1.0,42877.0,0.0,0.0,0.0,0.0,
CCP1491,1.0,1.0,26893.0,0.0,0.0,0.0,0.0,
CYG0522,0.0,1.0,33184.0,0.0,1.0,15255.0,0.0,
KES1207,1.0,2.0,20346.0,0.0,0.0,0.0,0.0,
Linda-Sykes,1.0,1.0,20346.0,0.0,0.0,0.0,0.0,
JYC0959,1.0,1.0,25615.0,0.0,0.0,0.0,0.0,
CHW0919,1.0,1.0,25615.0,0.0,0.0,0.0,0.0,
Amber_Greer,1.0,1.0,30468.0,0.0,0.0,0.0,0.0,
Akeem_Burke,1.0,1.0,32403.0,0.0,0.0,0.0,0.0,
AUH0138,1.0,1.0,15434.0,0.0,0.0,0.0,0.0,
IMC0133,1.0,1.0,18774.0,0.0,0.0,0.0,0.0,
BGH1443,1.0,1.0,30166.0,0.0,0.0,0.0,0.0,
KAW0431,0.0,1.0,39721.0,0.0,1.0,38272.0,0.0,
KBB1803,1.0,1.0,30356.0,0.0,0.0,0.0,0.0,
HDW0743,1.0,1.0,38509.0,0.0,0.0,0.0,0.0,
BCL0231,1.0,2.0,39653.0,0.0,0.0,0.0,0.0,
GMB0400,1.0,1.0,19586.0,0.0,0.0,0.0,0.0,
SPB1853,1.0,1.0,17711.0,0.0,0.0,0.0,0.0,
TLM0421,0.0,1.0,38758.0,0.0,1.0,20215.0,0.0,
Teagan.T.Moore,1.0,1.0,20732.0,0.0,0.0,0.0,0.0,
NHR0768,1.0,1.0,30143.0,0.0,0.0,0.0,0.0,
JTF0313,0.0,1.0,21264.0,0.0,1.0,658092.0,1.0,
LRF1009,1.0,3.0,33321.3333333,0.0,0.0,0.0,0.0,
JIP1220,1.0,1.0,26885.0,0.0,0.0,0.0,0.0,
RDM0489,1.0,2.0,30089.5,0.0,0.0,0.0,0.0,
BHB0717,1.0,1.0,18908.0,0.0,0.0,0.0,0.0,
Justine_U_Love,1.0,2.0,52329.0,0.0,0.0,0.0,0.0,
TCH0264,0.333333333333,2.0,22174.0,0.0,1.0,37314.0,0.0,
NIM1282,0.0,1.0,21304.0,0.0,1.0,34006.0,0.0,
LLL1469,1.0,2.0,13978.0,0.0,0.0,0.0,0.0,
Zoe_Franks,1.0,1.0,26912.0,0.0,0.0,0.0,0.0,
TKP1186,1.0,1.0,44735.0,0.0,0.0,0.0,0.0,
GHW0372,0.0,1.0,18071.0,0.0,1.0,36654.0,0.0,
Robinson-Hu,1.0,2.0,31448.0,0.0,0.0,0.0,0.0,
RSH0836,1.0,2.0,22052.0,0.0,0.0,0.0,0.0,
RKM0478,1.0,1.0,44023.0,0.0,0.0,0.0,0.0,
RYP0839,1.0,2.0,34488.0,0.0,0.0,0.0,0.0,
Amaya.Q.Clemons,1.0,1.0,65371.0,0.0,0.0,0.0,0.0,
WCW1013,1.0,2.0,14446.0,0.0,0.0,0.0,0.0,
Isabella_E_Houston,1.0,1.0,30325.0,0.0,0.0,0.0,0.0,
FMH54,1.0,2.0,32375.0,0.0,0.0,0.0,0.0,
Hedda_Kline,1.0,1.0,32375.0,0.0,0.0,0.0,0.0,
Lydia_R_Vega,1.0,1.0,57905.0,0.0,0.0,0.0,0.0,
MUP1819,1.0,2.0,24799.0,0.0,0.0,0.0,0.0,
ATC1916,1.0,3.0,36385.6666667,0.0,0.0,0.0,0.0,
SRR0324,1.0,1.0,39111.0,0.0,0.0,0.0,0.0,
OFA1415,1.0,2.0,29558.0,0.0,0.0,0.0,0.0,
HRC0977,0.333333333333,2.0,66336.0,0.0,1.0,29707.0,0.0,
LVC0408,1.0,1.0,51137.0,0.0,0.0,0.0,0.0,
DLH0679,1.0,1.0,15295.0,0.0,0.0,0.0,0.0,
MMR1502,1.0,2.0,15988.0,0.0,0.0,0.0,0.0,
SFS1109,1.0,1.0,24425.0,0.0,0.0,0.0,0.0,
HMW0602,1.0,1.0,27080.0,0.0,0.0,0.0,0.0,
VAC0731,1.0,1.0,53802.0,0.0,0.0,0.0,0.0,
GCE1147,1.0,2.0,20807.0,0.0,0.0,0.0,0.0,
ZOF1559,1.0,1.0,20807.0,0.0,0.0,0.0,0.0,
CRC0217,1.0,1.0,35579.0,0.0,0.0,0.0,0.0,
AJS1482,1.0,1.0,34258.0,0.0,0.0,0.0,0.0,
URB1668,1.0,1.0,35655.0,0.0,0.0,0.0,0.0,
KJW1664,0.0,1.0,26667.0,0.0,1.0,23654.0,0.0,
RJD1533,1.0,1.0,30432.0,0.0,0.0,0.0,0.0,
Kay_Wells,1.0,1.0,33854.0,0.0,0.0,0.0,0.0,
ECW0160,1.0,2.0,29134.0,0.0,0.0,0.0,0.0,
Blevins-Christian,1.0,2.0,19307.0,0.0,0.0,0.0,0.0,
GTC4,1.0,2.0,24298.0,0.0,0.0,0.0,0.0,
Lara_C_Rich,1.0,1.0,24298.0,0.0,0.0,0.0,0.0,
BIM0885,1.0,1.0,21048.0,0.0,0.0,0.0,0.0,
Hope.Delacruz,1.0,1.0,31727.0,0.0,0.0,0.0,0.0,
ENB1617,1.0,1.0,24741.0,0.0,0.0,0.0,0.0,
GGD1545,1.0,2.0,44673.0,0.0,0.0,0.0,0.0,
WCB0806,1.0,1.0,31214.0,0.0,0.0,0.0,0.0,
Sloane.M.Barnes,1.0,1.0,20990.0,0.0,0.0,0.0,0.0,
SGH0834,1.0,2.0,38909.0,0.0,0.0,0.0,0.0,
JDM0396,1.0,1.0,38909.0,0.0,0.0,0.0,0.0,
AEH0001,1.0,1.0,41006.0,0.0,0.0,0.0,0.0,
Hayden-Nash,1.0,1.0,29885.0,0.0,0.0,0.0,0.0,
MLL0162,1.0,1.0,16430.0,0.0,0.0,0.0,0.0,
SME1271,0.0,1.0,23726.0,0.0,1.0,47145.0,0.0,
Deleon.Holmes,0.333333333333,2.0,33996.0,0.0,1.0,34931.0,0.0,
JBL1657,1.0,1.0,19407.0,0.0,0.0,0.0,0.0,
ZHR0596,1.0,1.0,31478.0,0.0,0.0,0.0,0.0,
DAH1996,1.0,1.0,34745.0,0.0,0.0,0.0,0.0,
ISS0508,1.0,1.0,33620.0,0.0,0.0,0.0,0.0,
WAS1823,1.0,1.0,35502.0,0.0,0.0,0.0,0.0,
Imani_Church,1.0,1.0,44557.0,0.0,0.0,0.0,0.0,
MYB1332,1.0,2.0,30389.0,0.0,0.0,0.0,0.0,
LDM0399,1.0,1.0,25288.0,0.0,0.0,0.0,0.0,
Paul-Arthur,1.0,1.0,33542.0,0.0,0.0,0.0,0.0,
Kelley-Eric,1.0,1.0,18661.0,0.0,0.0,0.0,0.0,
JAR1708,1.0,1.0,32531.0,0.0,0.0,0.0,0.0,
ASH0458,0.0,1.0,31462.0,0.0,1.0,41515.0,0.0,
JSH1678,1.0,2.0,22713.0,0.0,0.0,0.0,0.0,
Whitfield-Jin,1.0,2.0,35059.0,0.0,0.0,0.0,0.0,
GTC0081,0.0,1.0,16987.0,0.0,1.0,27244.0,0.0,
RJS1979,1.0,1.0,27007.0,0.0,0.0,0.0,0.0,
Moreno-Ann,1.0,1.0,34324.0,0.0,0.0,0.0,0.0,
Gonzales-Steel,0.0,1.0,27866.0,0.0,1.0,1866740.0,2.0,
AGB1507,1.0,1.0,25634.0,0.0,0.0,0.0,0.0,
PSC0426,0.0,1.0,36953.0,0.0,1.0,37568.0,0.0,
Harvey-Abdul,1.0,1.0,22458.0,0.0,0.0,0.0,0.0,
PRL0585,-0.333333333333,1.0,34673.0,0.0,2.0,239323.5,0.5,
Jolie_Stafford,0.0,1.0,24153.0,0.0,1.0,20895.0,0.0,
Haney-Aaron,0.0,1.0,26051.0,0.0,1.0,35890.0,0.0,
CRM0963,0.333333333333,2.0,33809.5,0.0,1.0,4338684.0,4.0,
RLF0472,1.0,1.0,42306.0,0.0,0.0,0.0,0.0,
TCA1183,1.0,1.0,42306.0,0.0,0.0,0.0,0.0,
Baxter_Klein,1.0,1.0,29625.0,0.0,0.0,0.0,0.0,
SDF0318,1.0,1.0,32628.0,0.0,0.0,0.0,0.0,
SVB0209,1.0,2.0,30617.0,0.0,0.0,0.0,0.0,
WYG0599,1.0,1.0,13281.0,0.0,0.0,0.0,0.0,
JMK1531,1.0,2.0,22313.0,0.0,0.0,0.0,0.0,
Tiger.A.Gates,1.0,1.0,53848.0,0.0,0.0,0.0,0.0,
WIW1212,1.0,2.0,24950.0,0.0,0.0,0.0,0.0,
Deborah.J.Mccoy,1.0,1.0,39733.0,0.0,0.0,0.0,0.0,
CML1114,1.0,2.0,35693.0,0.0,0.0,0.0,0.0,
NJP0665,1.0,1.0,35693.0,0.0,0.0,0.0,0.0,
DXB1791,1.0,1.0,41029.0,0.0,0.0,0.0,0.0,
Dean_Cyrus,1.0,1.0,33038.0,0.0,0.0,0.0,0.0,
Ayala-Lawrence,1.0,1.0,31049.0,0.0,0.0,0.0,0.0,
CZK1473,1.0,2.0,27864.0,0.0,0.0,0.0,0.0,
MJW1758,1.0,1.0,39235.0,0.0,0.0,0.0,0.0,
ELC1173,1.0,1.0,21351.0,0.0,0.0,0.0,0.0,
JPW745,1.0,1.0,19105.0,0.0,0.0,0.0,0.0,
LHA0303,1.0,1.0,24989.0,0.0,0.0,0.0,0.0,
BTG1551,1.0,1.0,29972.0,0.0,0.0,0.0,0.0,
BOC1318,1.0,1.0,39496.0,0.0,0.0,0.0,0.0,
Sage.E.Ortega,1.0,1.0,25080.0,0.0,0.0,0.0,0.0,
MNM86,-0.333333333333,1.0,18249.0,0.0,2.0,25806.0,0.0,
Yardley-Haley,1.0,1.0,36620.0,0.0,0.0,0.0,0.0,
Rebekah.Levy,1.0,2.0,33587.0,0.0,0.0,0.0,0.0,
DQS3,1.0,1.0,51645.0,0.0,0.0,0.0,0.0,
Sparks-Herrod,1.0,1.0,18493.0,0.0,0.0,0.0,0.0,
Ella-Nunez,1.0,1.0,24388.0,0.0,0.0,0.0,0.0,
KGD0416,1.0,2.0,33894.0,0.0,0.0,0.0,0.0,
Cash-Christopher,1.0,2.0,20374.0,0.0,0.0,0.0,0.0,
ATD0517,-1.0,0.0,0.0,0.0,1.0,40736.0,0.0,
NCU1166,-1.0,0.0,0.0,0.0,3.0,18148.3333333,0.0,
OFB2812,-1.0,0.0,0.0,0.0,1.0,22390.0,0.0,
FRM1,-1.0,0.0,0.0,0.0,1.0,22528.0,0.0,
Britanni_R_Martin,-1.0,0.0,0.0,0.0,1.0,41697.0,0.0,
Myra_Humphrey,-1.0,0.0,0.0,0.0,1.0,62831.0,0.0,
Scarlett_J_Callahan,-1.0,0.0,0.0,0.0,2.0,31245.5,0.0,
DOS0777,-1.0,0.0,0.0,0.0,1.0,26185.0,0.0,
RVJ5779,-1.0,0.0,0.0,0.0,1.0,31829.0,0.0,
Butler-Asher,-1.0,0.0,0.0,0.0,1.0,1234462.0,2.0,
Emma_J_Barnes,-1.0,0.0,0.0,0.0,1.0,14674.0,0.0,
CEH1567,-1.0,0.0,0.0,0.0,1.0,1093992.0,1.0,
LVF1626,-1.0,0.0,0.0,0.0,2.0,28448.5,0.0,
UNN0707,-1.0,0.0,0.0,0.0,1.0,20408.0,0.0,
WMS1274,-1.0,0.0,0.0,0.0,2.0,32596.0,0.0,
Nichole_Mccarty,-1.0,0.0,0.0,0.0,1.0,31346.0,0.0,
ABM0890,-1.0,0.0,0.0,0.0,1.0,31575.0,0.0,
NEG0281,-1.0,0.0,0.0,0.0,1.0,33196.0,0.0,
STH0353,-1.0,0.0,0.0,0.0,1.0,14275.0,0.0,
Evelyn_M_Mosley,-1.0,0.0,0.0,0.0,1.0,18865.0,0.0,
BUE1561,-1.0,0.0,0.0,0.0,1.0,34473.0,0.0,
LMG0065,-1.0,0.0,0.0,0.0,1.0,35028.0,0.0,
MAF4,-1.0,0.0,0.0,0.0,1.0,33089.0,0.0,
AKR0756,-1.0,0.0,0.0,0.0,1.0,931025.0,1.0,
CRG0063,-1.0,0.0,0.0,0.0,1.0,263292.0,1.0,
Dominique_Charles,-1.0,0.0,0.0,0.0,1.0,21859.0,0.0,
MHS1277,-1.0,0.0,0.0,0.0,1.0,21907.0,0.0,
BLW0552,-1.0,0.0,0.0,0.0,1.0,801562.0,1.0,
WRH0526,-1.0,0.0,0.0,0.0,1.0,23335.0,0.0,
DCV1185,-1.0,0.0,0.0,0.0,1.0,36410.0,0.0,
BAS1078,-1.0,0.0,0.0,0.0,1.0,34439.0,0.0,
KBB1294,-1.0,0.0,0.0,0.0,1.0,28844.0,0.0,
Good-Boris,-1.0,0.0,0.0,0.0,1.0,52679.0,0.0,
JIG1593,-1.0,0.0,0.0,0.0,1.0,17587.0,0.0,
MIB0203,-1.0,0.0,0.0,0.0,1.0,33040.0,0.0,
RAS0197,-1.0,0.0,0.0,0.0,1.0,32316.0,0.0,
MZO16,-1.0,0.0,0.0,0.0,1.0,24488.0,0.0,
CKR1446,-1.0,0.0,0.0,0.0,1.0,27757.0,0.0,
GVM9137,-1.0,0.0,0.0,0.0,1.0,32309.0,0.0,
AMM1285,-1.0,0.0,0.0,0.0,2.0,21815.5,0.0,
GKG1693,-1.0,0.0,0.0,0.0,1.0,33131.0,0.0,
MZO1066,-1.0,0.0,0.0,0.0,1.0,50298.0,0.0,
Griffin-Noah,-1.0,0.0,0.0,0.0,2.0,1640170.5,1.0,
TCC0771,-1.0,0.0,0.0,0.0,1.0,49110.0,0.0,
Morales-Benjamin,-1.0,0.0,0.0,0.0,1.0,21873.0,0.0,
OTE0760,-1.0,0.0,0.0,0.0,1.0,25677.0,0.0,
VCH0461,-1.0,0.0,0.0,0.0,1.0,32643.0,0.0,
IDW1713,-1.0,0.0,0.0,0.0,1.0,41398.0,0.0,
Sarah_Reyes,-1.0,0.0,0.0,0.0,1.0,20019.0,0.0,
BTD0296,-1.0,0.0,0.0,0.0,2.0,298486.5,0.5,
BCB1715,-1.0,0.0,0.0,0.0,1.0,20878.0,0.0,
RJW0348,-1.0,0.0,0.0,0.0,1.0,17828.0,0.0,
Nerea_K_Talley,-1.0,0.0,0.0,0.0,1.0,26365.0,0.0,
GBM0346,-1.0,0.0,0.0,0.0,1.0,27929.0,0.0,
EMB0902,-1.0,0.0,0.0,0.0,1.0,31009.0,0.0,
CWC0006,-1.0,0.0,0.0,0.0,1.0,1604722.0,1.0,
JTK7,-1.0,0.0,0.0,0.0,1.0,215930.0,1.0,
AMC1883,-1.0,0.0,0.0,0.0,1.0,13294.0,0.0,
SIV1287,-1.0,0.0,0.0,0.0,1.0,18851.0,0.0,
Nichole_H_Dyer,-1.0,0.0,0.0,0.0,1.0,34996.0,0.0,
Robin_Bright,-1.0,0.0,0.0,0.0,1.0,25027.0,0.0,
KLG0576,-1.0,0.0,0.0,0.0,1.0,35832.0,0.0,
Bryar-Stanton,-1.0,0.0,0.0,0.0,1.0,23929.0,0.0,
Genevieve_Thornton,-1.0,0.0,0.0,0.0,1.0,1507148.0,1.0,
PTD0273,-1.0,0.0,0.0,0.0,1.0,23573.0,0.0,
OWC0518,-1.0,0.0,0.0,0.0,1.0,1417433.0,1.0,
AWW0676,-1.0,0.0,0.0,0.0,1.0,15924.0,0.0,
TSH1734,-1.0,0.0,0.0,0.0,2.0,29546.0,0.0,
DZO7,-1.0,0.0,0.0,0.0,1.0,29321.0,0.0,
RJM0634,-1.0,0.0,0.0,0.0,2.0,637582.0,1.0,
EZB0925,-1.0,0.0,0.0,0.0,1.0,41864.0,0.0,
KEM1211,-1.0,0.0,0.0,0.0,3.0,143558.333333,0.333333333333,
DSH1074,-1.0,0.0,0.0,0.0,1.0,17226.0,0.0,
CSW1165,-1.0,0.0,0.0,0.0,1.0,27378.0,0.0,
EZG0968,-1.0,0.0,0.0,0.0,1.0,2151087.0,1.0,
DLW1705,-1.0,0.0,0.0,0.0,1.0,36368.0,0.0,
OWC7622,-1.0,0.0,0.0,0.0,1.0,1752987.0,2.0,
MJR0711,-1.0,0.0,0.0,0.0,1.0,33680.0,0.0,
IDC1775,-1.0,0.0,0.0,0.0,1.0,479128.0,1.0,
Geoffrey.E.Michael,-1.0,0.0,0.0,0.0,1.0,39174.0,0.0,
AMG1628,-1.0,0.0,0.0,0.0,1.0,21008.0,0.0,
SNO0033,-1.0,0.0,0.0,0.0,1.0,31815.0,0.0,
Jemima_Campos,-1.0,0.0,0.0,0.0,1.0,548559.0,1.0,
LDF0644,-1.0,0.0,0.0,0.0,2.0,30754.5,0.0,
TAH0300,-1.0,0.0,0.0,0.0,3.0,31840.0,0.0,
CCK1540,-1.0,0.0,0.0,0.0,1.0,57821.0,0.0,
AJM0049,-1.0,0.0,0.0,0.0,2.0,40326.0,0.0,
MEH0029,-1.0,0.0,0.0,0.0,1.0,38943.0,0.0,
YKW1943,-1.0,0.0,0.0,0.0,1.0,42672.0,0.0,
Maia_Stevens,-1.0,0.0,0.0,0.0,1.0,1291512.0,2.0,
HBW0057,-1.0,0.0,0.0,0.0,1.0,34692.0,0.0,
XFK0050,-1.0,0.0,0.0,0.0,1.0,23757.0,0.0,
JAC0721,-1.0,0.0,0.0,0.0,1.0,32904.0,0.0,
Lillian.S.Dudley,-1.0,0.0,0.0,0.0,1.0,1037820.0,1.0,
RAT0514,-1.0,0.0,0.0,0.0,1.0,2168090.0,2.0,
Zelenia.A.Reeves,-1.0,0.0,0.0,0.0,1.0,795858.0,2.0,
JJM0234,-1.0,0.0,0.0,0.0,3.0,31631.0,0.0,
Burns-Uriel,-1.0,0.0,0.0,0.0,1.0,37318.0,0.0,
Breanna.K.Arnold,-1.0,0.0,0.0,0.0,1.0,28412.0,0.0,
RAA0263,-1.0,0.0,0.0,0.0,1.0,6080753.0,5.0,
SCB0187,-1.0,0.0,0.0,0.0,1.0,26299.0,0.0,
TDR1930,-1.0,0.0,0.0,0.0,1.0,44007.0,0.0,
JAC1275,-1.0,0.0,0.0,0.0,2.0,1732066.0,2.0,
CCW0097,-1.0,0.0,0.0,0.0,1.0,30546.0,0.0,
BRM0126,-1.0,0.0,0.0,0.0,2.0,22518.5,0.0,
RGA1622,-1.0,0.0,0.0,0.0,1.0,25424.0,0.0,
GNV1082,-1.0,0.0,0.0,0.0,3.0,427147.0,0.333333333333,
KFG1727,-1.0,0.0,0.0,0.0,3.0,545131.0,0.666666666667,
WCR1998,-1.0,0.0,0.0,0.0,1.0,48305.0,0.0,
CHL0953,-1.0,0.0,0.0,0.0,1.0,21065.0,0.0,
Harvey.Hop,-1.0,0.0,0.0,0.0,1.0,44046.0,0.0,
Hannah_A_Ellison,-1.0,0.0,0.0,0.0,1.0,27186.0,0.0,
JPM0035,-1.0,0.0,0.0,0.0,1.0,26795.0,0.0,
KNM0100,-1.0,0.0,0.0,0.0,1.0,1399563.0,2.0,
JBL2,-1.0,0.0,0.0,0.0,1.0,894745.0,1.0,
Eve_Powell,-1.0,0.0,0.0,0.0,1.0,23729.0,0.0,
Sage_Irwin,-1.0,0.0,0.0,0.0,1.0,1220699.0,1.0,
Kylee.J.Mcintosh,-1.0,0.0,0.0,0.0,1.0,107051.0,1.0,
HJM0688,-1.0,0.0,0.0,0.0,1.0,36926.0,0.0,
Kylan_Conner,-1.0,0.0,0.0,0.0,1.0,15659.0,0.0,
JQS1350,-1.0,0.0,0.0,0.0,2.0,44308.0,0.0,
JRC0238,-1.0,0.0,0.0,0.0,2.0,30775.5,0.0,
NBL1490,-1.0,0.0,0.0,0.0,2.0,37986.0,0.0,
CTK0037,-1.0,0.0,0.0,0.0,1.0,40476.0,0.0,
OJF1882,-1.0,0.0,0.0,0.0,1.0,38729.0,0.0,
ERB0104,-1.0,0.0,0.0,0.0,1.0,22752.0,0.0,
GWH32,-1.0,0.0,0.0,0.0,1.0,868301.0,2.0,
HTB0444,-1.0,0.0,0.0,0.0,1.0,33970.0,0.0,
ABL58,-1.0,0.0,0.0,0.0,1.0,48754.0,0.0,
CLG0516,-1.0,0.0,0.0,0.0,1.0,32264.0,0.0,
Lamb-Walker,-1.0,0.0,0.0,0.0,1.0,33710.0,0.0,
AOH0883,-1.0,0.0,0.0,0.0,1.0,31931.0,0.0,
JMP0275,-1.0,0.0,0.0,0.0,2.0,33909.5,0.0,
CAF0109,-1.0,0.0,0.0,0.0,1.0,642282.0,1.0,
RDW1710,-1.0,0.0,0.0,0.0,1.0,22247.0,0.0,
Conrad-Gannon,-1.0,0.0,0.0,0.0,1.0,48350.0,0.0,
BOS1170,-1.0,0.0,0.0,0.0,1.0,28127.0,0.0,
IQT2,-1.0,0.0,0.0,0.0,1.0,22242.0,0.0,
MLW1038,-1.0,0.0,0.0,0.0,1.0,26223.0,0.0,
Micah-King,-1.0,0.0,0.0,0.0,1.0,36439.0,1.0,
Sullivan-Jackson,-1.0,0.0,0.0,0.0,1.0,29897.0,0.0,
BHM79,-1.0,0.0,0.0,0.0,1.0,19477.0,0.0,
JLM0422,-1.0,0.0,0.0,0.0,1.0,34502.0,0.0,
Howard-Alan,-1.0,0.0,0.0,0.0,1.0,22432.0,0.0,
Colton.R.Bean,-1.0,0.0,0.0,0.0,2.0,31087.5,0.0,
NFJ1694,-1.0,0.0,0.0,0.0,1.0,28461.0,0.0,
NIV1608,-1.0,0.0,0.0,0.0,1.0,40145.0,0.0,
HBP598,-1.0,0.0,0.0,0.0,1.0,24173.0,0.0,
GFS0555,-1.0,0.0,0.0,0.0,1.0,55106.0,0.0,
QJF0725,-1.0,0.0,0.0,0.0,2.0,886541.5,0.5,
CIS1542,-1.0,0.0,0.0,0.0,1.0,21255.0,0.0,
EAC0769,-1.0,0.0,0.0,0.0,1.0,23473.0,0.0,
BRM1454,-1.0,0.0,0.0,0.0,1.0,30614.0,0.0,
CAM415,-1.0,0.0,0.0,0.0,1.0,17884.0,0.0,
GSV0295,-1.0,0.0,0.0,0.0,1.0,42992.0,0.0,
ATD1067,-1.0,0.0,0.0,0.0,1.0,23152.0,0.0,
DLB0955,-1.0,0.0,0.0,0.0,1.0,44170.0,0.0,
MOB1071,-1.0,0.0,0.0,0.0,2.0,26604.0,0.0,
KBL1728,-1.0,0.0,0.0,0.0,2.0,29018.0,0.0,
BMC0650,-1.0,0.0,0.0,0.0,1.0,695898.0,1.0,
ESH1028,-1.0,0.0,0.0,0.0,1.0,21797.0,0.0,
BKF0632,-1.0,0.0,0.0,0.0,2.0,21861.5,0.0,
LJP1584,-1.0,0.0,0.0,0.0,1.0,23059.0,0.0,
LAF1938,-1.0,0.0,0.0,0.0,1.0,22105.0,0.0,
TCH679,-1.0,0.0,0.0,0.0,1.0,48034.0,0.0,
Xerxes-Rowland,-1.0,0.0,0.0,0.0,2.0,19632.0,0.0,
King-William,-1.0,0.0,0.0,0.0,1.0,34018.0,0.0,
Ignatius.Y.Henry,-1.0,0.0,0.0,0.0,1.0,700594.0,1.0,
LJV1620,-1.0,0.0,0.0,0.0,1.0,110016.0,1.0,
Marks-Quinlan,-1.0,0.0,0.0,0.0,1.0,1714011.0,2.0,
TBF1107,-1.0,0.0,0.0,0.0,1.0,29817.0,0.0,
BMG1070,-1.0,0.0,0.0,0.0,1.0,37227.0,0.0,
Dale-Damon,-1.0,0.0,0.0,0.0,1.0,33730.0,0.0,
Jeanette_Mcleod,-1.0,0.0,0.0,0.0,1.0,13625.0,0.0,
MLC0141,-1.0,0.0,0.0,0.0,1.0,21627.0,0.0,
AGB0901,-1.0,0.0,0.0,0.0,1.0,36488.0,0.0,
HKW1995,-1.0,0.0,0.0,0.0,1.0,2827945.0,2.0,
HBW0683,-1.0,0.0,0.0,0.0,1.0,24324.0,0.0,
HAL1933,-1.0,0.0,0.0,0.0,1.0,38870.0,0.0,
Holden-Orli,-1.0,0.0,0.0,0.0,1.0,24181.0,0.0,
Jacobson-Herman,-1.0,0.0,0.0,0.0,1.0,27109.0,0.0,
NBL1477,-1.0,0.0,0.0,0.0,1.0,28666.0,0.0,
Stone-Brent,-1.0,0.0,0.0,0.0,2.0,763747.0,1.0,
NEG395,-1.0,0.0,0.0,0.0,1.0,12200.0,0.0,
MLH0942,-1.0,0.0,0.0,0.0,2.0,618886.0,1.0,
Eden.T.Woodward,-1.0,0.0,0.0,0.0,1.0,1430344.0,1.0,
Abra_M_Campos,-1.0,0.0,0.0,0.0,1.0,25102.0,0.0,
GPH35,-1.0,0.0,0.0,0.0,1.0,46069.0,0.0,
KQM1769,-1.0,0.0,0.0,0.0,1.0,36334.0,0.0,
OAP0978,-1.0,0.0,0.0,0.0,3.0,24424.0,0.0,
MDC0520,-1.0,0.0,0.0,0.0,1.0,19335.0,0.0,
Harding-Yardley,-1.0,0.0,0.0,0.0,1.0,43840.0,0.0,
Mcclain-Malcolm,-1.0,0.0,0.0,0.0,1.0,26556.0,0.0,
Bert.G.Mann,-1.0,0.0,0.0,0.0,1.0,27188.0,0.0,
TES1536,-1.0,0.0,0.0,0.0,1.0,23854.0,0.0,
Pace-Damon,-1.0,0.0,0.0,0.0,1.0,19585.0,0.0,
SSA0188,-1.0,0.0,0.0,0.0,2.0,936718.5,1.0,
HSN0675,-1.0,0.0,0.0,0.0,1.0,21423.0,0.0,
Foley_Amery,-1.0,0.0,0.0,0.0,1.0,17404.0,0.0,
JIP1503,-1.0,0.0,0.0,0.0,1.0,26059.0,0.0,
Kirsten_Farley,-1.0,0.0,0.0,0.0,2.0,29747.0,0.0,
ACS0589,-1.0,0.0,0.0,0.0,1.0,24254.0,0.0,
ILM1595,-1.0,0.0,0.0,0.0,1.0,31899.0,0.0,
AWW1749,-1.0,0.0,0.0,0.0,1.0,65854.0,0.0,
GJC99,-1.0,0.0,0.0,0.0,1.0,21714.0,0.0,
KRC0441,-1.0,0.0,0.0,0.0,1.0,17419.0,0.0,
CCT0142,-1.0,0.0,0.0,0.0,1.0,38970.0,0.0,
STW0237,-1.0,0.0,0.0,0.0,1.0,34422.0,0.0,
LTB0308,-1.0,0.0,0.0,0.0,2.0,237433.0,1.5,
UAR0024,-1.0,0.0,0.0,0.0,2.0,23459.5,0.0,
ALN0182,-1.0,0.0,0.0,0.0,1.0,30758.0,0.0,
REL1335,-1.0,0.0,0.0,0.0,1.0,37512.0,0.0,
MLM1614,-1.0,0.0,0.0,0.0,1.0,20223.0,0.0,
James_Brown,-1.0,0.0,0.0,0.0,1.0,2876887.0,2.0,
CTP0071,-1.0,0.0,0.0,0.0,1.0,32870.0,0.0,
TMM57,-1.0,0.0,0.0,0.0,1.0,32279.0,0.0,
MKH0260,-1.0,0.0,0.0,0.0,1.0,28417.0,0.0,
ZJT1601,-1.0,0.0,0.0,0.0,1.0,22526.0,0.0,
MIC54,-1.0,0.0,0.0,0.0,1.0,35540.0,0.0,
DCD0715,-1.0,0.0,0.0,0.0,1.0,899571.0,1.0,
Manning-Gretchen,-1.0,0.0,0.0,0.0,1.0,31865.0,0.0,
TIR0025,-1.0,0.0,0.0,0.0,1.0,29061.0,0.0,
RAV0088,-1.0,0.0,0.0,0.0,1.0,30976.0,0.0,
AVP1137,-1.0,0.0,0.0,0.0,1.0,2233760.0,1.0,
BGC0649,-1.0,0.0,0.0,0.0,1.0,1010885.0,1.0,
CRM0907,-1.0,0.0,0.0,0.0,1.0,42998.0,0.0,
KJN0240,-1.0,0.0,0.0,0.0,1.0,17885.0,0.0,
GCW0456,-1.0,0.0,0.0,0.0,1.0,29415.0,0.0,
AKD0332,-1.0,0.0,0.0,0.0,1.0,1094093.0,1.0,
BDM1204,-1.0,0.0,0.0,0.0,3.0,26039.0,0.0,
TLB0894,-1.0,0.0,0.0,0.0,2.0,922036.5,0.5,
CHM1312,-1.0,0.0,0.0,0.0,1.0,1092363.0,1.0,
Camacho-Aidan,-1.0,0.0,0.0,0.0,1.0,29489.0,0.0,
Gilliam-Cameron,-1.0,0.0,0.0,0.0,1.0,44002.0,0.0,
KIF0951,-1.0,0.0,0.0,0.0,1.0,25403.0,0.0,
ASC1297,-1.0,0.0,0.0,0.0,1.0,30308.0,0.0,
HRE0297,-1.0,0.0,0.0,0.0,1.0,563884.0,1.0,
VLV0933,-1.0,0.0,0.0,0.0,1.0,45036.0,0.0,
AEC624,-1.0,0.0,0.0,0.0,2.0,1959739.5,2.0,
TRW0667,-1.0,0.0,0.0,0.0,1.0,36790.0,0.0,
TAK0501,-1.0,0.0,0.0,0.0,1.0,40753.0,0.0,
ONB1833,-1.0,0.0,0.0,0.0,1.0,32866.0,0.0,
Kai_A_Gibson,-1.0,0.0,0.0,0.0,1.0,43839.0,0.0,
CAB1160,-1.0,0.0,0.0,0.0,1.0,26675.0,0.0,
Judith_Booker,-1.0,0.0,0.0,0.0,1.0,1458499.0,1.0,
GFV1837,-1.0,0.0,0.0,0.0,1.0,56667.0,0.0,
KMM0014,-1.0,0.0,0.0,0.0,1.0,34558.0,0.0,
Jeanette_Bush,-1.0,0.0,0.0,0.0,1.0,19177.0,0.0,
Cleo_Nash,-1.0,0.0,0.0,0.0,1.0,1580190.0,1.0,
CAB5,-1.0,0.0,0.0,0.0,1.0,34369.0,0.0,
HOD1010,-1.0,0.0,0.0,0.0,1.0,40684.0,0.0,
HBP0009,-1.0,0.0,0.0,0.0,2.0,33083.5,0.0,
DKC0053,-1.0,0.0,0.0,0.0,1.0,21715.0,0.0,
KVP1424,-1.0,0.0,0.0,0.0,1.0,22551.0,0.0,
RFC1991,-1.0,0.0,0.0,0.0,1.0,25209.0,0.0,
MBK1726,-1.0,0.0,0.0,0.0,1.0,18997.0,0.0,
Haynes-Taylor,-1.0,0.0,0.0,0.0,1.0,32906.0,0.0,
GLC1878,-1.0,0.0,0.0,0.0,1.0,14935.0,0.0,
RJC0381,-1.0,0.0,0.0,0.0,1.0,23704.0,0.0,
JBP1832,-1.0,0.0,0.0,0.0,1.0,22714.0,0.0,
BWJ1539,-1.0,0.0,0.0,0.0,1.0,36221.0,0.0,
LCS1760,-1.0,0.0,0.0,0.0,1.0,27470.0,0.0,
DJW0418,-1.0,0.0,0.0,0.0,1.0,33766.0,0.0,
AWB82,-1.0,0.0,0.0,0.0,1.0,31166.0,0.0,
OTB0008,-1.0,0.0,0.0,0.0,1.0,45086.0,0.0,
RHM0775,-1.0,0.0,0.0,0.0,1.0,36149.0,0.0,
JYC45,-1.0,0.0,0.0,0.0,1.0,14638.0,0.0,
LBL0578,-1.0,0.0,0.0,0.0,1.0,28595.0,0.0,
IPF0550,-1.0,0.0,0.0,0.0,1.0,906169.0,1.0,
Goodman-Alan,-1.0,0.0,0.0,0.0,1.0,623263.0,1.0,
Hughes_Dorian,-1.0,0.0,0.0,0.0,1.0,2991975.0,2.0,
LKP1714,-1.0,0.0,0.0,0.0,1.0,38268.0,0.0,
BKB0669,-1.0,0.0,0.0,0.0,1.0,21670.0,0.0,
Callahan-Ronan,-1.0,0.0,0.0,0.0,1.0,27563.0,0.0,
JWS65,-1.0,0.0,0.0,0.0,1.0,24824.0,0.0,
ATO0307,-1.0,0.0,0.0,0.0,1.0,60449.0,0.0,
MAB0500,-1.0,0.0,0.0,0.0,1.0,36789.0,0.0,
Jade-Holden,-1.0,0.0,0.0,0.0,1.0,38913.0,0.0,
TDC0800,-1.0,0.0,0.0,0.0,1.0,27696.0,0.0,
SSH1780,-1.0,0.0,0.0,0.0,1.0,1218373.0,3.0,
LJF1138,-1.0,0.0,0.0,0.0,1.0,35770.0,0.0,
EMM0641,-1.0,0.0,0.0,0.0,1.0,46102.0,0.0,
Ruth.A.Skinner,-1.0,0.0,0.0,0.0,1.0,16762.0,0.0,
KBR0575,-1.0,0.0,0.0,0.0,1.0,557624.0,1.0,
Jemima-Pratt,-1.0,0.0,0.0,0.0,1.0,28937.0,0.0,
HYA0368,-1.0,0.0,0.0,0.0,1.0,25335.0,0.0,
CBG0183,-1.0,0.0,0.0,0.0,1.0,27881.0,0.0,
CBN45,-1.0,0.0,0.0,0.0,1.0,21587.0,0.0,
CHW1210,-1.0,0.0,0.0,0.0,1.0,30855.0,0.0,
Ocean_D_Avery,-1.0,0.0,0.0,0.0,1.0,16715.0,0.0,
Quemby_E_Lindsay,-1.0,0.0,0.0,0.0,1.0,33659.0,0.0,
SEC0985,-1.0,0.0,0.0,0.0,1.0,1342180.0,2.0,
KPM97,-1.0,0.0,0.0,0.0,1.0,29473.0,0.0,
JIT968,-1.0,0.0,0.0,0.0,1.0,36976.0,0.0,
IJM1276,-1.0,0.0,0.0,0.0,1.0,37850.0,0.0,
TDC1086,-1.0,0.0,0.0,0.0,1.0,841677.0,1.0,
MSK0117,-1.0,0.0,0.0,0.0,1.0,36297.0,0.0,
LHP0320,-1.0,0.0,0.0,0.0,1.0,33123.0,0.0,
GTN452,-1.0,0.0,0.0,0.0,1.0,20356.0,0.0,
Margaret.D.Lawrence,-1.0,0.0,0.0,0.0,1.0,30893.0,0.0,
BDR0223,-1.0,0.0,0.0,0.0,1.0,35450.0,0.0,
MJK0527,-1.0,0.0,0.0,0.0,1.0,17824.0,0.0,
Cole.H.Whitaker,-1.0,0.0,0.0,0.0,1.0,26508.0,0.0,
TMT0851,-1.0,0.0,0.0,0.0,1.0,922392.0,1.0,
Long_Kane,-1.0,0.0,0.0,0.0,1.0,15722.0,0.0,
Inga.Y.Ferrell,-1.0,0.0,0.0,0.0,1.0,27503.0,0.0,
Frederick-Brock,-1.0,0.0,0.0,0.0,1.0,1633493.0,2.0,
UCD0608,-1.0,0.0,0.0,0.0,1.0,32156.0,0.0,
Donna_Mendez,-1.0,0.0,0.0,0.0,1.0,1730791.0,1.0,
Clark-Silas,-1.0,0.0,0.0,0.0,1.0,20632.0,0.0,
SSH819,-1.0,0.0,0.0,0.0,1.0,25262.0,0.0,
HSK0479,-1.0,0.0,0.0,0.0,1.0,34719.0,0.0,
MBM0145,-1.0,0.0,0.0,0.0,1.0,35536.0,0.0,
MDR0572,-1.0,0.0,0.0,0.0,1.0,46263.0,0.0,
IYH1611,-1.0,0.0,0.0,0.0,1.0,27325.0,0.0,
DCS0636,-1.0,0.0,0.0,0.0,1.0,697032.0,1.0,
DSC1741,-1.0,0.0,0.0,0.0,1.0,854955.0,1.0,
Guerra-Oliver,-1.0,0.0,0.0,0.0,1.0,32429.0,0.0,
Jada-Vazquez,-1.0,0.0,0.0,0.0,1.0,40849.0,0.0,
Chastity_E_Sweet,-1.0,0.0,0.0,0.0,1.0,2199599.0,1.0,
SBN1279,-1.0,0.0,0.0,0.0,1.0,28332.0,0.0,
Illiana_Q_Beasley,-1.0,0.0,0.0,0.0,1.0,40932.0,0.0,
EMM0393,-1.0,0.0,0.0,0.0,1.0,25255.0,0.0,
VBK0007,-1.0,0.0,0.0,0.0,1.0,43819.0,0.0,
Heather_Roman,-1.0,0.0,0.0,0.0,1.0,25127.0,0.0,
JMV1450,-1.0,0.0,0.0,0.0,1.0,20367.0,0.0,
Naomi.C.Coleman,-1.0,0.0,0.0,0.0,1.0,40658.0,0.0,
Cook-Dennis,-1.0,0.0,0.0,0.0,1.0,15664.0,0.0,
Hiroko.J.Olsen,-1.0,0.0,0.0,0.0,1.0,28284.0,0.0,
SLZ0276,-1.0,0.0,0.0,0.0,1.0,24812.0,0.0,
IDC0249,-1.0,0.0,0.0,0.0,1.0,5289501.0,4.0,
DPN1990,-1.0,0.0,0.0,0.0,1.0,32119.0,0.0,
Nicole_Hubbard,-1.0,0.0,0.0,0.0,1.0,18916.0,0.0,
TOL1914,-1.0,0.0,0.0,0.0,1.0,24964.0,0.0,
DNW0899,-1.0,0.0,0.0,0.0,1.0,27148.0,0.0,
Herrod_Benton,-1.0,0.0,0.0,0.0,1.0,31255.0,0.0,
JPK0945,-1.0,0.0,0.0,0.0,1.0,20436.0,0.0,
Yolanda_Hurley,-1.0,0.0,0.0,0.0,1.0,30879.0,0.0,
DRJ0070,-1.0,0.0,0.0,0.0,1.0,29683.0,0.0,
VBK4,-1.0,0.0,0.0,0.0,2.0,26050.5,0.0,
ACC0950,-1.0,0.0,0.0,0.0,1.0,38798.0,0.0,
IEP0746,-1.0,0.0,0.0,0.0,1.0,45144.0,0.0,
PHY0730,-1.0,0.0,0.0,0.0,1.0,26067.0,0.0,
RBA1723,-1.0,0.0,0.0,0.0,1.0,37099.0,0.0,
CPW1,-1.0,0.0,0.0,0.0,1.0,19722.0,0.0,
Freya_Gould,-1.0,0.0,0.0,0.0,1.0,31276.0,0.0,
JRB3761,-1.0,0.0,0.0,0.0,1.0,28377.0,0.0,
KDC1887,-1.0,0.0,0.0,0.0,1.0,29206.0,0.0,
DTB0964,-1.0,0.0,0.0,0.0,1.0,51405.0,0.0,
FDD1520,-1.0,0.0,0.0,0.0,1.0,24238.0,0.0,
VCC0258,-1.0,0.0,0.0,0.0,1.0,19108.0,0.0,
PLM1716,-1.0,0.0,0.0,0.0,1.0,33192.0,0.0,
Baldwin-Gemma,-1.0,0.0,0.0,0.0,1.0,533352.0,1.0,
DIB1946,-1.0,0.0,0.0,0.0,1.0,35973.0,0.0,
AMC1724,-1.0,0.0,0.0,0.0,1.0,23236.0,0.0,
PPB1181,-1.0,0.0,0.0,0.0,1.0,35311.0,0.0,
DAR23,-1.0,0.0,0.0,0.0,1.0,31794.0,0.0,
IBR0131,-1.0,0.0,0.0,0.0,1.0,39137.0,0.0,
TAB3,-1.0,0.0,0.0,0.0,1.0,23080.0,0.0,
OJP1860,-1.0,0.0,0.0,0.0,1.0,32777.0,0.0,
KCK6134,-1.0,0.0,0.0,0.0,1.0,29653.0,0.0,
BBH1945,-1.0,0.0,0.0,0.0,1.0,22068.0,0.0,
MBH1177,-1.0,0.0,0.0,0.0,1.0,2414787.0,2.0,
FMG1549,-1.0,0.0,0.0,0.0,1.0,1733336.0,3.0,
Darrel_Walton,-1.0,0.0,0.0,0.0,1.0,25275.0,0.0,
EKS1182,-1.0,0.0,0.0,0.0,1.0,27330.0,0.0,
GPS29,-1.0,0.0,0.0,0.0,1.0,28459.0,0.0,
AJH0191,-1.0,0.0,0.0,0.0,1.0,26105.0,0.0,
KWF0849,-1.0,0.0,0.0,0.0,1.0,29260.0,0.0,
TRP0892,-1.0,0.0,0.0,0.0,1.0,22413.0,0.0,
Christopher.K.Rose,-1.0,0.0,0.0,0.0,1.0,30456.0,0.0,
BBR379,-1.0,0.0,0.0,0.0,1.0,187803.0,1.0,
Dixon-Alexa,-1.0,0.0,0.0,0.0,1.0,881544.0,2.0,
AWC1213,-1.0,0.0,0.0,0.0,1.0,2681102.0,3.0,
OHA1516,-1.0,0.0,0.0,0.0,1.0,1096033.0,1.0,
ABB0019,-1.0,0.0,0.0,0.0,1.0,29339.0,0.0,
DJP73,-1.0,0.0,0.0,0.0,1.0,16532.0,0.0,
MMR0390,-1.0,0.0,0.0,0.0,1.0,24268.0,0.0,
HRC0776,-1.0,0.0,0.0,0.0,1.0,45535.0,1.0,
ICP1063,-1.0,0.0,0.0,0.0,1.0,44967.0,0.0,
Demetrius.A.Harper,-1.0,0.0,0.0,0.0,1.0,706555.0,1.0,
Brenda_P_Allison,-1.0,0.0,0.0,0.0,1.0,11285.0,0.0,
Quyn_Freeman,-1.0,0.0,0.0,0.0,1.0,16300.0,0.0,
Mills-Guy,-1.0,0.0,0.0,0.0,1.0,22133.0,0.0,
MJK78,-1.0,0.0,0.0,0.0,1.0,39226.0,0.0,
DAL0795,-1.0,0.0,0.0,0.0,1.0,24744.0,0.0,
DAD0331,-1.0,0.0,0.0,0.0,1.0,20178.0,0.0,
CGS0647,-1.0,0.0,0.0,0.0,1.0,48611.0,0.0,
PAH0819,-1.0,0.0,0.0,0.0,1.0,1469009.0,1.0,
Dotson_Leo,-1.0,0.0,0.0,0.0,1.0,27716.0,0.0,
Kinney-Nathaniel,-1.0,0.0,0.0,0.0,1.0,37610.0,0.0,
Maia.A.Becker,-1.0,0.0,0.0,0.0,1.0,40793.0,0.0,
BGF1845,-1.0,0.0,0.0,0.0,1.0,23373.0,0.0,
HJW0947,-1.0,0.0,0.0,0.0,1.0,48058.0,0.0,
CBN1983,-1.0,0.0,0.0,0.0,1.0,19693.0,0.0,
KIB0089,-1.0,0.0,0.0,0.0,1.0,28035.0,0.0,
