AML0268,0.0444444444444,47.0,1067374.08511,0.978723404255,43.0,248041.627907,0.279069767442,
RSM1426,1.0,1.0,41029.0,0.0,0.0,0.0,0.0,
HLH0682,-0.0612244897959,46.0,874026.086957,0.826086956522,52.0,187250.096154,0.173076923077,
WFV0687,0.5,42.0,933159.071429,0.761904761905,14.0,677250.928571,0.785714285714,
MPF0690,0.393939393939,23.0,564842.478261,0.652173913043,10.0,28053.9,0.0,
CRD0272,0.333333333333,34.0,365193.029412,0.529411764706,17.0,498998.882353,0.352941176471,
EMR0269,-0.390625,39.0,716695.871795,0.974358974359,89.0,124374.685393,0.112359550562,
PMC0815,1.0,1.0,18065.0,0.0,0.0,0.0,0.0,
ZEH0685,-0.217391304348,36.0,408509.25,0.472222222222,56.0,29489.6964286,0.0,
VRP0267,-0.0909090909091,30.0,546507.5,0.566666666667,36.0,425479.166667,0.333333333333,
PCK0271,0.0434782608696,36.0,585018.666667,0.555555555556,33.0,350455.393939,0.333333333333,
TAW0689,0.255813953488,54.0,559263.296296,0.611111111111,32.0,458077.96875,0.53125,
MYB0686,0.23595505618,55.0,514976.363636,0.6,34.0,614313.470588,0.823529411765,
PNA1776,1.0,1.0,1988303.0,1.0,0.0,0.0,0.0,
MBH1177,1.0,1.0,16033.0,0.0,0.0,0.0,0.0,
Alfreda_Lee,1.0,30.0,666065.066667,0.6,0.0,0.0,0.0,
BDM0274,-0.125,42.0,310385.809524,0.404761904762,54.0,292381.0,0.37037037037,
Cassady.R.Daniels,0.348837209302,29.0,910511.241379,1.03448275862,14.0,245124.0,0.214285714286,
JUW1135,1.0,1.0,263057.0,1.0,0.0,0.0,0.0,
KSW0708,1.0,1.0,27251.0,0.0,0.0,0.0,0.0,
JJC0259,0.527272727273,42.0,842582.690476,0.857142857143,13.0,80448.5384615,0.0769230769231,
Cleo_Ortiz,0.741935483871,27.0,649605.37037,0.666666666667,4.0,542576.0,0.25,
Leonard_Angela,-0.322033898305,20.0,495216.25,0.55,39.0,403929.410256,0.384615384615,
QAP45,0.913043478261,22.0,992125.5,1.04545454545,1.0,26894.0,0.0,
Lysandra_Richards,1.0,11.0,408620.0,0.545454545455,0.0,0.0,0.0,
HBW0683,0.0882352941176,37.0,500248.702703,0.594594594595,31.0,315738.774194,0.354838709677,
AHN0681,-0.0777202072539,89.0,607371.382022,0.606741573034,104.0,684941.788462,0.740384615385,
AAC1033,1.0,1.0,889377.0,1.0,0.0,0.0,0.0,
Hedwig-Montoya,-0.153846153846,22.0,973768.818182,1.18181818182,30.0,486409.8,0.6,
Lysandra_A_Richards,1.0,15.0,560936.733333,0.533333333333,0.0,0.0,0.0,
NRS0270,-0.147826086957,49.0,867738.142857,0.836734693878,66.0,31572.3484848,0.0,
QAP0266,0.4,14.0,1247877.28571,1.28571428571,6.0,30231.1666667,0.0,
UCC0395,1.0,1.0,22285.0,0.0,0.0,0.0,0.0,
HTH1001,1.0,2.0,37433.5,0.0,0.0,0.0,0.0,
RAH0052,1.0,1.0,26283.0,0.0,0.0,0.0,0.0,
Cheryl_G_Delaney,1.0,14.0,610484.285714,0.714285714286,0.0,0.0,0.0,
CWW1120,1.0,1.0,1347161.0,1.0,0.0,0.0,0.0,
Cheryl_Delaney,1.0,16.0,390402.625,0.375,0.0,0.0,0.0,
MSM1800,1.0,2.0,36056.5,0.0,0.0,0.0,0.0,
Nichole.Mercer,1.0,1.0,4459600.0,6.0,0.0,0.0,0.0,
Shaffer-Nathan,-0.260273972603,27.0,556237.518519,0.666666666667,46.0,27986.8043478,0.0,
JJC48,-0.0285714285714,17.0,427518.764706,0.294117647059,18.0,266761.777778,0.277777777778,
Zoe_Henry,-0.192307692308,21.0,670261.666667,0.571428571429,31.0,32599.6451613,0.0,
Rebecca_Salazar,1.0,1.0,1710463.0,1.0,0.0,0.0,0.0,
BDM178,0.179487179487,23.0,712805.478261,0.826086956522,16.0,557162.25,0.4375,
Preston-Valentine,0.166666666667,42.0,687156.142857,0.690476190476,30.0,558687.266667,0.466666666667,
Roth-Molly,1.0,9.0,385816.333333,0.444444444444,0.0,0.0,0.0,
Eden.M.Rocha,-0.025641025641,19.0,644469.157895,0.578947368421,20.0,382390.1,0.35,
Bridges_Martina,0.5625,25.0,764141.4,0.88,7.0,1084339.14286,1.14285714286,
HJM0688,-0.0212765957447,46.0,514513.130435,0.565217391304,48.0,502577.645833,0.5625,
PTD0273,0.246753246753,48.0,643074.666667,0.645833333333,29.0,98316.7586207,0.0689655172414,
RSM1133,1.0,1.0,26852.0,0.0,0.0,0.0,0.0,
Tasha_A_Witt,0.111111111111,20.0,1102453.3,1.05,16.0,287543.5625,0.4375,
CDO0684,-0.272727272727,8.0,1177481.75,1.0,14.0,292318.714286,0.285714285714,
MSK0117,1.0,1.0,26776.0,0.0,0.0,0.0,0.0,
HLH9961,-0.0588235294118,24.0,449023.416667,0.416666666667,27.0,469788.888889,0.333333333333,
CLZ1937,1.0,1.0,33095.0,0.0,0.0,0.0,0.0,
Hayden-Nash,1.0,1.0,105421.0,1.0,0.0,0.0,0.0,
PTD234,-0.016393442623,30.0,509378.666667,0.5,31.0,552496.096774,0.483870967742,
WFV289,0.333333333333,18.0,691086.111111,0.666666666667,9.0,184085.222222,0.111111111111,
BNV1461,1.0,1.0,26980.0,0.0,0.0,0.0,0.0,
PTV0067,1.0,1.0,36151.0,0.0,0.0,0.0,0.0,
Tatum_M_Hull,1.0,1.0,1301168.0,2.0,0.0,0.0,0.0,
KMC1934,1.0,1.0,24216.0,0.0,0.0,0.0,0.0,
Mara_Farrell,0.818181818182,60.0,833066.2,0.883333333333,6.0,26494.8333333,0.0,
Halee_Walters,-0.0731707317073,19.0,417401.736842,0.473684210526,22.0,507775.863636,0.590909090909,
MDC0520,1.0,1.0,26650.0,0.0,0.0,0.0,0.0,
JAR1708,1.0,1.0,525272.0,1.0,0.0,0.0,0.0,
Davis-Kibo,1.0,1.0,47119.0,0.0,0.0,0.0,0.0,
Jensen-Cole,1.0,1.0,17810.0,0.0,0.0,0.0,0.0,
Jonathan.B.Lamb,1.0,1.0,34922.0,0.0,0.0,0.0,0.0,
Key-Prescott,0.2,30.0,505121.0,0.566666666667,20.0,325455.35,0.25,
Roth_Molly,1.0,10.0,341593.7,0.2,0.0,0.0,0.0,
RNB36,1.0,1.0,13362.0,0.0,0.0,0.0,0.0,
GRK0623,1.0,1.0,27946.0,0.0,0.0,0.0,0.0,
HPC1941,1.0,1.0,2288224.0,1.0,0.0,0.0,0.0,
ORR0813,1.0,1.0,737916.0,1.0,0.0,0.0,0.0,
CAB1189,1.0,1.0,3501662.0,3.0,0.0,0.0,0.0,
Cantrell_Josiah,1.0,1.0,766530.0,1.0,0.0,0.0,0.0,
Jemima_Campos,1.0,1.0,1112659.0,1.0,0.0,0.0,0.0,
NJB0011,1.0,1.0,12712.0,0.0,0.0,0.0,0.0,
Ortiz_Cleo,1.0,20.0,233482.65,0.2,0.0,0.0,0.0,
Ashely_H_Nguyen,-0.340909090909,29.0,537884.724138,0.586206896552,59.0,582350.898305,0.661016949153,
LCR0521,1.0,1.0,1340276.0,1.0,0.0,0.0,0.0,
ILH2000,1.0,1.0,881210.0,1.0,0.0,0.0,0.0,
ILJ0929,1.0,1.0,28222.0,0.0,0.0,0.0,0.0,
TDC0800,1.0,1.0,266163.0,1.0,0.0,0.0,0.0,
HDW0743,1.0,1.0,21773.0,0.0,0.0,0.0,0.0,
NFJ1694,1.0,1.0,1887328.0,1.0,0.0,0.0,0.0,
TTG0460,1.0,1.0,40465.0,0.0,0.0,0.0,0.0,
BRL1701,1.0,1.0,154019.0,2.0,0.0,0.0,0.0,
ARM0805,1.0,2.0,28878.0,0.0,0.0,0.0,0.0,
Melanie.S.Kane,1.0,1.0,29740.0,0.0,0.0,0.0,0.0,
Brandon.N.Ellison,1.0,1.0,17815.0,0.0,0.0,0.0,0.0,
Maia_Stevens,1.0,1.0,17118.0,0.0,0.0,0.0,0.0,
Mollie.M.Blankenship,1.0,1.0,26596.0,0.0,0.0,0.0,0.0,
FYH665,1.0,1.0,29185.0,0.0,0.0,0.0,0.0,
QWP1513,1.0,3.0,185697.0,0.333333333333,0.0,0.0,0.0,
Mollie_Powers,1.0,1.0,15929.0,0.0,0.0,0.0,0.0,
MEM0221,1.0,1.0,22534.0,0.0,0.0,0.0,0.0,
BAR1640,1.0,1.0,664675.0,1.0,0.0,0.0,0.0,
HJB1444,1.0,1.0,650338.0,1.0,0.0,0.0,0.0,
IYH1611,1.0,1.0,33207.0,0.0,0.0,0.0,0.0,
QAP7,1.0,29.0,240081.793103,0.275862068966,0.0,0.0,0.0,
CAD187,1.0,1.0,34817.0,0.0,0.0,0.0,0.0,
Pearl_B_Cortez,1.0,1.0,24775.0,0.0,0.0,0.0,0.0,
BBH1945,1.0,1.0,27619.0,0.0,0.0,0.0,0.0,
Fitzpatrick-Giacomo,1.0,1.0,50228.0,0.0,0.0,0.0,0.0,
BKF0632,1.0,1.0,52223.0,0.0,0.0,0.0,0.0,
WSK1857,1.0,1.0,278884.0,1.0,0.0,0.0,0.0,
Hedy_Estrada,1.0,1.0,25654.0,0.0,0.0,0.0,0.0,
QKB0562,1.0,1.0,21021.0,0.0,0.0,0.0,0.0,
JLF1315,1.0,1.0,907102.0,1.0,0.0,0.0,0.0,
RRG1253,1.0,1.0,32314.0,0.0,0.0,0.0,0.0,
MOD1927,1.0,1.0,31058.0,0.0,0.0,0.0,0.0,
AJB1763,1.0,1.0,1782977.0,1.0,0.0,0.0,0.0,
ISK0116,1.0,1.0,25906.0,0.0,0.0,0.0,0.0,
CCT0142,1.0,1.0,23096.0,0.0,0.0,0.0,0.0,
JRH0993,1.0,1.0,26761.0,0.0,0.0,0.0,0.0,
JKB1843,1.0,1.0,30300.0,0.0,0.0,0.0,0.0,
Elizabeth_A_Hardin,1.0,1.0,474267.0,1.0,0.0,0.0,0.0,
GCW0456,1.0,1.0,42303.0,0.0,0.0,0.0,0.0,
Bruce.G.Kelley,1.0,2.0,23589.5,0.0,0.0,0.0,0.0,
JJL1722,0.0,1.0,752838.0,1.0,1.0,25109.0,0.0,
SJA57,1.0,1.0,864789.0,1.0,0.0,0.0,0.0,
DZH1867,1.0,1.0,1053199.0,2.0,0.0,0.0,0.0,
Salinas-Garrett,1.0,1.0,18971.0,0.0,0.0,0.0,0.0,
RBD1304,1.0,1.0,41561.0,0.0,0.0,0.0,0.0,
SNO0033,1.0,1.0,39990.0,0.0,0.0,0.0,0.0,
RFC1991,1.0,1.0,3501360.0,3.0,0.0,0.0,0.0,
YMJ0243,1.0,1.0,40111.0,0.0,0.0,0.0,0.0,
KCW1215,1.0,2.0,265908.0,0.5,0.0,0.0,0.0,
MTS49,1.0,1.0,28595.0,0.0,0.0,0.0,0.0,
Anika-Ochoa,1.0,1.0,554552.0,1.0,0.0,0.0,0.0,
Clementine_Duke,1.0,1.0,25058.0,0.0,0.0,0.0,0.0,
VVG0624,1.0,1.0,29096.0,0.0,0.0,0.0,0.0,
RBN1906,1.0,1.0,2622277.0,3.0,0.0,0.0,0.0,
RMT0496,1.0,1.0,182806.0,1.0,0.0,0.0,0.0,
DBJ1992,1.0,1.0,352687.0,1.0,0.0,0.0,0.0,
WLH1827,1.0,1.0,30402.0,0.0,0.0,0.0,0.0,
AHJ1993,1.0,1.0,31224.0,0.0,0.0,0.0,0.0,
Cassady_R_Daniels,1.0,17.0,730564.117647,0.764705882353,0.0,0.0,0.0,
Carson-Duncan,1.0,1.0,471408.0,1.0,0.0,0.0,0.0,
BAG0315,1.0,1.0,33640.0,0.0,0.0,0.0,0.0,
Jefferson-Thaddeus,1.0,1.0,1810171.0,2.0,0.0,0.0,0.0,
Zane.P.Gordon,1.0,1.0,24513.0,0.0,0.0,0.0,0.0,
MJW1758,0.538461538462,30.0,796046.466667,0.733333333333,9.0,735355.888889,0.666666666667,
NKH0704,0.459459459459,27.0,301517.333333,0.333333333333,10.0,766099.5,0.9,
CPL0439,-0.0606060606061,31.0,561822.225806,0.548387096774,35.0,268939.342857,0.228571428571,
HXP0976,-0.315789473684,13.0,384340.692308,0.538461538462,25.0,33658.8,0.0,
EUN1870,0.508771929825,43.0,710154.790698,0.744186046512,14.0,113603.357143,0.0714285714286,
TBF1107,0.288888888889,29.0,452226.413793,0.51724137931,16.0,142709.5,0.125,
Nicole_Hubbard,0.368421052632,26.0,447506.0,0.615384615385,12.0,630170.5,0.5,
Everett-Curran,-0.161290322581,13.0,871542.615385,0.923076923077,18.0,883560.833333,0.611111111111,
LNS61,0.333333333333,22.0,314513.363636,0.363636363636,11.0,979160.818182,0.818181818182,
LNS0317,-0.134615384615,45.0,676277.133333,0.733333333333,59.0,515191.0,0.508474576271,
CJE1192,-0.0714285714286,26.0,813304.192308,1.11538461538,30.0,274951.233333,0.233333333333,
CLG0516,0.0526315789474,30.0,588932.7,0.566666666667,27.0,421750.37037,0.444444444444,
Horne_Kamal,1.0,1.0,38124.0,0.0,0.0,0.0,0.0,
GRB0748,0.192307692308,31.0,472644.483871,0.483870967742,21.0,31133.9047619,0.0,
Fowler-Theodore,0.294117647059,11.0,171363.909091,0.181818181818,6.0,234736.166667,0.5,
GRB56,0.0285714285714,18.0,437616.833333,0.388888888889,17.0,33873.5294118,0.0,
Peterson-Hilel,0.0555555555556,19.0,902248.631579,0.842105263158,17.0,27899.5882353,0.0,
Cathleen_Gates,0.0769230769231,14.0,504134.642857,0.785714285714,12.0,266979.75,0.333333333333,
Diaz-Chancellor,1.0,1.0,952418.0,1.0,0.0,0.0,0.0,
CPL881,-0.285714285714,15.0,938038.466667,0.866666666667,27.0,201864.925926,0.222222222222,
Melinda_J_Wiley,0.428571428571,15.0,588162.533333,0.733333333333,6.0,32722.6666667,0.0,
Schwartz-Gavin,1.0,1.0,2214999.0,2.0,0.0,0.0,0.0,
AMB0403,1.0,1.0,23043.0,0.0,0.0,0.0,0.0,
MAM0557,1.0,1.0,16930.0,0.0,0.0,0.0,0.0,
JWS0047,-0.210526315789,30.0,739514.733333,0.566666666667,46.0,324917.021739,0.326086956522,
EPB0893,1.0,1.0,46429.0,0.0,0.0,0.0,0.0,
BCS1310,1.0,1.0,375975.0,1.0,0.0,0.0,0.0,
Clark-Silas,1.0,1.0,21662.0,0.0,0.0,0.0,0.0,
Eugenia.U.Nixon,0.481481481481,20.0,737445.8,0.7,7.0,207803.857143,0.285714285714,
CCR1396,1.0,1.0,28594.0,0.0,0.0,0.0,0.0,
JMW83,1.0,1.0,1858733.0,3.0,0.0,0.0,0.0,
JWS65,-0.2,14.0,796958.142857,1.0,21.0,409665.238095,0.380952380952,
CAD0866,1.0,1.0,33988.0,0.0,0.0,0.0,0.0,
SYH1902,1.0,1.0,932091.0,1.0,0.0,0.0,0.0,
HWS0101,1.0,1.0,2273071.0,1.0,0.0,0.0,0.0,
RCW1932,1.0,1.0,39186.0,0.0,0.0,0.0,0.0,
AWW0676,1.0,1.0,45171.0,0.0,0.0,0.0,0.0,
HMW0602,1.0,1.0,36750.0,0.0,0.0,0.0,0.0,
DDR1649,1.0,1.0,20846.0,0.0,0.0,0.0,0.0,
Craft-Brenden,1.0,1.0,19013.0,0.0,0.0,0.0,0.0,
Wilder-Kasimir,1.0,1.0,1081961.0,2.0,0.0,0.0,0.0,
DAR0139,1.0,1.0,3050821.0,2.0,0.0,0.0,0.0,
KKS0087,1.0,1.0,24768.0,0.0,0.0,0.0,0.0,
HCE1200,1.0,1.0,27644.0,0.0,0.0,0.0,0.0,
JBR149,1.0,1.0,37217.0,0.0,0.0,0.0,0.0,
AMC1883,1.0,2.0,25919.0,0.0,0.0,0.0,0.0,
GTF1464,1.0,1.0,30939.0,0.0,0.0,0.0,0.0,
BTG1551,1.0,1.0,36325.0,0.0,0.0,0.0,0.0,
DKG0161,1.0,1.0,30358.0,0.0,0.0,0.0,0.0,
SMB0473,1.0,1.0,19671.0,0.0,0.0,0.0,0.0,
SQC1072,1.0,1.0,57298.0,0.0,0.0,0.0,0.0,
MHK0565,1.0,1.0,18924.0,0.0,0.0,0.0,0.0,
EJM1742,1.0,1.0,3115392.0,2.0,0.0,0.0,0.0,
LSO55,1.0,1.0,21367.0,0.0,0.0,0.0,0.0,
Jeanette_A_Rosales,0.0,1.0,27175.0,0.0,1.0,688509.0,1.0,
WFV5,1.0,17.0,866861.294118,1.0,0.0,0.0,0.0,
JMK1531,1.0,1.0,1055690.0,1.0,0.0,0.0,0.0,
JYC0959,1.0,1.0,553920.0,1.0,0.0,0.0,0.0,
April_Snyder,1.0,1.0,69206.0,0.0,0.0,0.0,0.0,
SRR0324,1.0,1.0,16371.0,0.0,0.0,0.0,0.0,
Sarah_A_Arnold,1.0,1.0,23922.0,0.0,0.0,0.0,0.0,
KGL0178,1.0,1.0,58050.0,0.0,0.0,0.0,0.0,
AXS0729,1.0,1.0,2788645.0,2.0,0.0,0.0,0.0,
VPA0974,1.0,1.0,93127.0,1.0,0.0,0.0,0.0,
DTB0964,1.0,2.0,591545.5,0.5,0.0,0.0,0.0,
RVJ0046,1.0,1.0,27937.0,0.0,0.0,0.0,0.0,
Wong-Flynn,1.0,1.0,4815909.0,5.0,0.0,0.0,0.0,
OKM1092,1.0,1.0,2301440.0,3.0,0.0,0.0,0.0,
WGF1260,1.0,1.0,39151.0,0.0,0.0,0.0,0.0,
KMR0377,1.0,1.0,37062.0,0.0,0.0,0.0,0.0,
Judith_C_Keller,1.0,1.0,32162.0,0.0,0.0,0.0,0.0,
Weaver-Amir,1.0,1.0,28816.0,0.0,0.0,0.0,0.0,
MGB9246,1.0,1.0,608693.0,1.0,0.0,0.0,0.0,
Mccall-Uriah,1.0,1.0,34137.0,0.0,0.0,0.0,0.0,
ARV1884,1.0,1.0,31103.0,0.0,0.0,0.0,0.0,
YJB0171,1.0,1.0,35594.0,0.0,0.0,0.0,0.0,
MMD1477,1.0,1.0,52584.0,0.0,0.0,0.0,0.0,
KJH0872,1.0,1.0,28647.0,0.0,0.0,0.0,0.0,
KJW1664,1.0,1.0,28628.0,0.0,0.0,0.0,0.0,
SSM1663,1.0,1.0,14809.0,0.0,0.0,0.0,0.0,
Amaya.Q.Clemons,1.0,1.0,31134.0,0.0,0.0,0.0,0.0,
Acton-Martinez,1.0,1.0,412388.0,1.0,0.0,0.0,0.0,
Rosalyn_Witt,1.0,1.0,25801.0,1.0,0.0,0.0,0.0,
Cadman_Mann,1.0,1.0,31910.0,0.0,0.0,0.0,0.0,
QSM1042,1.0,1.0,22579.0,0.0,0.0,0.0,0.0,
Iliana.P.Francis,1.0,1.0,1540475.0,1.0,0.0,0.0,0.0,
HJR0841,1.0,1.0,4670849.0,6.0,0.0,0.0,0.0,
QCM0672,1.0,1.0,1816496.0,2.0,0.0,0.0,0.0,
KIF0951,1.0,1.0,1270172.0,1.0,0.0,0.0,0.0,
Bryant-Sebastian,1.0,1.0,36069.0,0.0,0.0,0.0,0.0,
HSV0878,1.0,1.0,1208537.0,1.0,0.0,0.0,0.0,
IFD1761,1.0,1.0,46628.0,0.0,0.0,0.0,0.0,
ASB0658,1.0,1.0,1359284.0,1.0,0.0,0.0,0.0,
WRB1978,1.0,1.0,517821.0,1.0,0.0,0.0,0.0,
Theodore-Wolf,1.0,1.0,785034.0,1.0,0.0,0.0,0.0,
HRC0776,1.0,1.0,1412870.0,1.0,0.0,0.0,0.0,
SSS1057,1.0,1.0,1326400.0,1.0,0.0,0.0,0.0,
KRC9,1.0,1.0,28071.0,0.0,0.0,0.0,0.0,
Valencia-Vincent,1.0,1.0,672922.0,2.0,0.0,0.0,0.0,
Frederick-Brock,1.0,1.0,21430.0,0.0,0.0,0.0,0.0,
NTM0305,1.0,1.0,14959.0,0.0,0.0,0.0,0.0,
DAE1219,0.0,1.0,31415.0,0.0,1.0,30834.0,0.0,
Blevins-Christian,1.0,1.0,1894068.0,1.0,0.0,0.0,0.0,
Quinn_D_Bradshaw,1.0,1.0,35843.0,0.0,0.0,0.0,0.0,
CPD313,1.0,1.0,834641.0,1.0,0.0,0.0,0.0,
DOR2244,1.0,1.0,23061.0,0.0,0.0,0.0,0.0,
ACM1770,1.0,1.0,35209.0,0.0,0.0,0.0,0.0,
UEH0944,1.0,1.0,2633376.0,2.0,0.0,0.0,0.0,
PSV1737,1.0,1.0,21577.0,0.0,0.0,0.0,0.0,
DJC782,1.0,1.0,20605.0,0.0,0.0,0.0,0.0,
GBM0346,1.0,1.0,51496.0,0.0,0.0,0.0,0.0,
SKV0041,1.0,1.0,925911.0,1.0,0.0,0.0,0.0,
FDD1520,1.0,1.0,2862749.0,2.0,0.0,0.0,0.0,
Roth.Z.Torres,1.0,1.0,1675001.0,1.0,0.0,0.0,0.0,
VSH1899,1.0,1.0,24578.0,0.0,0.0,0.0,0.0,
NZH1839,0.0,1.0,1216062.0,1.0,1.0,16341.0,0.0,
TDF0785,1.0,1.0,1037061.0,1.0,0.0,0.0,0.0,
FAD1863,1.0,1.0,29775.0,0.0,0.0,0.0,0.0,
Ruth_Mercer,1.0,1.0,45241.0,0.0,0.0,0.0,0.0,
HJL1631,1.0,1.0,39953.0,0.0,0.0,0.0,0.0,
CBC4486,1.0,1.0,27699.0,0.0,0.0,0.0,0.0,
Britt.John,1.0,1.0,1289214.0,1.0,0.0,0.0,0.0,
Kitra.A.Mack,1.0,1.0,427592.0,1.0,0.0,0.0,0.0,
DNT189,1.0,1.0,807246.0,1.0,0.0,0.0,0.0,
Donaldson-Amos,1.0,1.0,1101185.0,1.0,0.0,0.0,0.0,
Priscilla.Cooper,1.0,1.0,21769.0,0.0,0.0,0.0,0.0,
Hilda_Moran,1.0,1.0,27144.0,0.0,0.0,0.0,0.0,
Iris_Castillo,1.0,1.0,30494.0,0.0,0.0,0.0,0.0,
JDL117,1.0,1.0,22389.0,0.0,0.0,0.0,0.0,
LJF1138,1.0,1.0,3738013.0,4.0,0.0,0.0,0.0,
NRH1383,1.0,1.0,44055.0,0.0,0.0,0.0,0.0,
ESW0928,0.0,1.0,31949.0,0.0,1.0,19157.0,1.0,
PRG0336,1.0,1.0,36850.0,0.0,0.0,0.0,0.0,
Weaver-Samuel,1.0,1.0,1405231.0,1.0,0.0,0.0,0.0,
AGC0592,1.0,1.0,28624.0,0.0,0.0,0.0,0.0,
DJW0357,1.0,1.0,39505.0,0.0,0.0,0.0,0.0,
JCB0544,1.0,1.0,1684258.0,1.0,0.0,0.0,0.0,
WDS1286,0.0,1.0,22024.0,0.0,1.0,1933769.0,1.0,
PGY1112,1.0,1.0,24451.0,0.0,0.0,0.0,0.0,
EKR0073,0.0,1.0,486761.0,1.0,1.0,26968.0,0.0,
TCW1808,1.0,1.0,23736.0,0.0,0.0,0.0,0.0,
TOL1914,1.0,1.0,595255.0,1.0,0.0,0.0,0.0,
Lars_Patterson,1.0,1.0,69163.0,1.0,0.0,0.0,0.0,
CRM0907,1.0,1.0,503874.0,1.0,0.0,0.0,0.0,
JBR1940,1.0,1.0,48003.0,0.0,0.0,0.0,0.0,
DCB1000,1.0,1.0,307567.0,1.0,0.0,0.0,0.0,
EAP21,1.0,1.0,21744.0,0.0,0.0,0.0,0.0,
Zoe_E_Henry,1.0,5.0,148791.6,0.2,0.0,0.0,0.0,
TUJ6754,1.0,1.0,39437.0,0.0,0.0,0.0,0.0,
ICW0083,1.0,1.0,31572.0,0.0,0.0,0.0,0.0,
HOD1010,1.0,1.0,248706.0,1.0,0.0,0.0,0.0,
HKR1,1.0,1.0,1376155.0,1.0,0.0,0.0,0.0,
KRC0098,1.0,1.0,20088.0,0.0,0.0,0.0,0.0,
Garrett_Renee,1.0,1.0,21551.0,0.0,0.0,0.0,0.0,
Cathleen_Lester,1.0,1.0,37632.0,0.0,0.0,0.0,0.0,
AWB1309,1.0,1.0,2979686.0,2.0,0.0,0.0,0.0,
JDC0326,1.0,1.0,26993.0,0.0,0.0,0.0,0.0,
LAF1938,1.0,1.0,35451.0,0.0,0.0,0.0,0.0,
YYH0949,1.0,1.0,32050.0,0.0,0.0,0.0,0.0,
CJL0143,-1.0,0.0,0.0,0.0,1.0,34749.0,0.0,
NJD1644,-1.0,0.0,0.0,0.0,1.0,14572.0,0.0,
QNB1329,-1.0,0.0,0.0,0.0,1.0,33993.0,0.0,
EZG0968,-1.0,0.0,0.0,0.0,1.0,18863.0,0.0,
CBC1607,-1.0,0.0,0.0,0.0,1.0,29014.0,0.0,
Maxine_Hooper,-1.0,0.0,0.0,0.0,1.0,29830.0,0.0,
MHS4974,-1.0,0.0,0.0,0.0,1.0,38034.0,0.0,
NTG1667,-1.0,0.0,0.0,0.0,1.0,32427.0,0.0,
RJW1406,-1.0,0.0,0.0,0.0,1.0,30113.0,0.0,
Quinn_Hudson,-1.0,0.0,0.0,0.0,1.0,1487287.0,3.0,
ZBG0938,-1.0,0.0,0.0,0.0,1.0,20520.0,0.0,
Wiley-Keefe,-1.0,0.0,0.0,0.0,1.0,19117.0,0.0,
Macaulay.R.Huffman,-1.0,0.0,0.0,0.0,1.0,35376.0,0.0,
OTE239,-1.0,0.0,0.0,0.0,1.0,1507196.0,2.0,
BNN0975,-1.0,0.0,0.0,0.0,1.0,569571.0,1.0,
ROA0482,-1.0,0.0,0.0,0.0,1.0,19347.0,0.0,
MOW28,-1.0,0.0,0.0,0.0,1.0,45210.0,0.0,
JAC1275,-1.0,0.0,0.0,0.0,1.0,18663.0,0.0,
KOG1386,-1.0,0.0,0.0,0.0,1.0,25285.0,0.0,
NIM1282,-1.0,0.0,0.0,0.0,2.0,20843.0,0.0,
GKW6,-1.0,0.0,0.0,0.0,1.0,6731777.0,9.0,
CAS1068,-1.0,0.0,0.0,0.0,1.0,26105.0,0.0,
NHR0768,-1.0,0.0,0.0,0.0,1.0,2552802.0,3.0,
GEM0462,-1.0,0.0,0.0,0.0,1.0,3020141.0,3.0,
KCF0767,-1.0,0.0,0.0,0.0,1.0,16079.0,0.0,
EMM0393,-1.0,0.0,0.0,0.0,2.0,27815.5,0.0,
Clarke_Aimee,-1.0,0.0,0.0,0.0,1.0,23625.0,0.0,
ECV1289,-1.0,0.0,0.0,0.0,1.0,19116.0,0.0,
IRM0766,-1.0,0.0,0.0,0.0,1.0,39514.0,0.0,
Alexis_Hopper,-1.0,0.0,0.0,0.0,1.0,26874.0,0.0,
KQM1769,-1.0,0.0,0.0,0.0,1.0,34236.0,0.0,
GSV0295,-1.0,0.0,0.0,0.0,1.0,26196.0,0.0,
Kai_E_Morris,-1.0,0.0,0.0,0.0,1.0,22065.0,0.0,
BTD0296,-1.0,0.0,0.0,0.0,1.0,21891.0,0.0,
ACC7,-1.0,0.0,0.0,0.0,1.0,933937.0,1.0,
CDL0189,-1.0,0.0,0.0,0.0,1.0,434335.0,1.0,
JDR0927,-1.0,0.0,0.0,0.0,1.0,26135.0,0.0,
HDH1384,-1.0,0.0,0.0,0.0,2.0,21344.5,0.0,
NIV1608,-1.0,0.0,0.0,0.0,1.0,36468.0,0.0,
UMH1547,-1.0,0.0,0.0,0.0,2.0,21366.0,0.0,
Heather_Roman,-1.0,0.0,0.0,0.0,1.0,18759.0,0.0,
Heidi_B_Hartman,-1.0,0.0,0.0,0.0,1.0,16222.0,0.0,
ZAH0598,-1.0,0.0,0.0,0.0,1.0,33275.0,0.0,
CCM1401,-1.0,0.0,0.0,0.0,1.0,29345.0,0.0,
RBA1723,-1.0,0.0,0.0,0.0,1.0,17179.0,0.0,
IHC0561,-1.0,0.0,0.0,0.0,1.0,34151.0,0.0,
Audrey.R.Dennis,-1.0,0.0,0.0,0.0,1.0,23022.0,0.0,
Adele_Conner,-1.0,0.0,0.0,0.0,1.0,40172.0,0.0,
JEH0587,-1.0,0.0,0.0,0.0,1.0,32219.0,0.0,
DKC0053,-1.0,0.0,0.0,0.0,1.0,1125712.0,1.0,
MGH0593,-1.0,0.0,0.0,0.0,1.0,21486.0,0.0,
RBH0661,-1.0,0.0,0.0,0.0,1.0,20922.0,0.0,
DZA0195,-1.0,0.0,0.0,0.0,1.0,1255144.0,1.0,
AWC1213,-1.0,0.0,0.0,0.0,1.0,203362.0,1.0,
KAC1209,-1.0,0.0,0.0,0.0,1.0,18089.0,0.0,
GPS29,-1.0,0.0,0.0,0.0,1.0,22466.0,0.0,
ESP1198,-1.0,0.0,0.0,0.0,1.0,21809.0,0.0,
GPH0932,-1.0,0.0,0.0,0.0,1.0,58337.0,0.0,
Michelle.A.Page,-1.0,0.0,0.0,0.0,1.0,25128.0,0.0,
MPK1844,-1.0,0.0,0.0,0.0,1.0,1285685.0,1.0,
Byrd-Jermaine,-1.0,0.0,0.0,0.0,1.0,42080.0,0.0,
JBC1885,-1.0,0.0,0.0,0.0,1.0,25124.0,0.0,
Naomi-Vincent,-1.0,0.0,0.0,0.0,1.0,27776.0,0.0,
Mcdonald_MacKensie,-1.0,0.0,0.0,0.0,1.0,30894.0,0.0,
OAJ3926,-1.0,0.0,0.0,0.0,1.0,28492.0,0.0,
YHO0982,-1.0,0.0,0.0,0.0,1.0,15017.0,0.0,
Aline_Burgess,-1.0,0.0,0.0,0.0,1.0,20392.0,0.0,
ICW6286,-1.0,0.0,0.0,0.0,1.0,30599.0,0.0,
RMV674,-1.0,0.0,0.0,0.0,1.0,22473.0,0.0,
ILH1650,-1.0,0.0,0.0,0.0,1.0,17508.0,0.0,
Audra_H_Joyner,-1.0,0.0,0.0,0.0,2.0,550371.5,0.5,
BGF1845,-1.0,0.0,0.0,0.0,1.0,29193.0,0.0,
CWC0006,-1.0,0.0,0.0,0.0,1.0,327918.0,1.0,
TLB0894,-1.0,0.0,0.0,0.0,1.0,55340.0,0.0,
ZPG1909,-1.0,0.0,0.0,0.0,1.0,2337492.0,1.0,
AOH86,-1.0,0.0,0.0,0.0,1.0,17312.0,0.0,
GJB0363,-1.0,0.0,0.0,0.0,1.0,26695.0,0.0,
TCC0311,-1.0,0.0,0.0,0.0,1.0,28882.0,0.0,
SCO5731,-1.0,0.0,0.0,0.0,1.0,20497.0,0.0,
Frank-Brennan,-1.0,0.0,0.0,0.0,1.0,29151.0,0.0,
AZW1420,-1.0,0.0,0.0,0.0,1.0,33295.0,0.0,
CHS1238,-1.0,0.0,0.0,0.0,1.0,19717.0,0.0,
REL0910,-1.0,0.0,0.0,0.0,1.0,26169.0,0.0,
ATS1073,-1.0,0.0,0.0,0.0,1.0,35715.0,0.0,
Venus_Massey,-1.0,0.0,0.0,0.0,1.0,28033.0,0.0,
NBL1490,-1.0,0.0,0.0,0.0,2.0,31613.0,0.0,
ACC1855,-1.0,0.0,0.0,0.0,1.0,18112.0,0.0,
HTR0239,-1.0,0.0,0.0,0.0,1.0,57547.0,0.0,
Mccray.Alfonso,-1.0,0.0,0.0,0.0,1.0,28898.0,0.0,
TRC1838,-1.0,0.0,0.0,0.0,1.0,29858.0,0.0,
SJC0232,-1.0,0.0,0.0,0.0,1.0,26594.0,0.0,
Kermit.L.Mckay,-1.0,0.0,0.0,0.0,1.0,22895.0,0.0,
RAS0197,-1.0,0.0,0.0,0.0,1.0,17524.0,0.0,
JRC0238,-1.0,0.0,0.0,0.0,1.0,4020088.0,5.0,
CHL0953,-1.0,0.0,0.0,0.0,1.0,34703.0,0.0,
AAM0972,-1.0,0.0,0.0,0.0,1.0,26697.0,0.0,
Jordan.D.Rowland,-1.0,0.0,0.0,0.0,1.0,16637.0,0.0,
JDW1019,-1.0,0.0,0.0,0.0,1.0,29107.0,0.0,
MKH0260,-1.0,0.0,0.0,0.0,1.0,24379.0,0.0,
ANS62,-1.0,0.0,0.0,0.0,1.0,134381.0,1.0,
NFH0677,-1.0,0.0,0.0,0.0,1.0,12129.0,0.0,
CAH341,-1.0,0.0,0.0,0.0,1.0,31661.0,0.0,
GFS0750,-1.0,0.0,0.0,0.0,1.0,39320.0,0.0,
GJM1409,-1.0,0.0,0.0,0.0,1.0,34667.0,0.0,
TDR1930,-1.0,0.0,0.0,0.0,1.0,17151.0,0.0,
Lael.S.Conner,-1.0,0.0,0.0,0.0,1.0,18988.0,0.0,
BCB1715,-1.0,0.0,0.0,0.0,1.0,881230.0,1.0,
Michelle.Y.Booker,-1.0,0.0,0.0,0.0,1.0,21212.0,0.0,
OWS84,-1.0,0.0,0.0,0.0,1.0,21993.0,0.0,
DPC1618,-1.0,0.0,0.0,0.0,1.0,24117.0,0.0,
VBK0007,-1.0,0.0,0.0,0.0,1.0,13453.0,0.0,
Ruiz.Charles,-1.0,0.0,0.0,0.0,1.0,32164.0,0.0,
MNM1948,-1.0,0.0,0.0,0.0,1.0,27290.0,0.0,
ZHP0989,-1.0,0.0,0.0,0.0,1.0,506784.0,1.0,
Young-Burton,-1.0,0.0,0.0,0.0,1.0,27180.0,0.0,
Cervantes-Sylvester,-1.0,0.0,0.0,0.0,1.0,1726879.0,1.0,
GIA1171,-1.0,0.0,0.0,0.0,1.0,3728962.0,3.0,
Jael_C_Bennett,-1.0,0.0,0.0,0.0,1.0,1404295.0,2.0,
Morrison-Joelle,-1.0,0.0,0.0,0.0,1.0,627253.0,1.0,
HDM12,-1.0,0.0,0.0,0.0,1.0,36463.0,0.0,
ZAR0235,-1.0,0.0,0.0,0.0,1.0,39762.0,0.0,
LJV1620,-1.0,0.0,0.0,0.0,1.0,47874.0,0.0,
IDC0249,-1.0,0.0,0.0,0.0,1.0,29192.0,0.0,
Thomas_Zeus,-1.0,0.0,0.0,0.0,1.0,53656.0,0.0,
Deleon.Holmes,-1.0,0.0,0.0,0.0,1.0,15752.0,0.0,
Quemby_E_Lindsay,-1.0,0.0,0.0,0.0,1.0,19659.0,0.0,
RPM0125,-1.0,0.0,0.0,0.0,1.0,21182.0,0.0,
NMP1003,-1.0,0.0,0.0,0.0,1.0,32444.0,0.0,
King-William,-1.0,0.0,0.0,0.0,1.0,18494.0,0.0,
AJR1103,-1.0,0.0,0.0,0.0,1.0,1922168.0,2.0,
Frances_Hopkins,-1.0,0.0,0.0,0.0,1.0,47952.0,0.0,
Victoria_Hebert,-1.0,0.0,0.0,0.0,1.0,17786.0,0.0,
ABL58,-1.0,0.0,0.0,0.0,1.0,28204.0,0.0,
BAH1537,-1.0,0.0,0.0,0.0,1.0,32436.0,0.0,
NKT1510,-1.0,0.0,0.0,0.0,1.0,23982.0,0.0,
ERV1880,-1.0,0.0,0.0,0.0,1.0,31457.0,0.0,
LIG7287,-1.0,0.0,0.0,0.0,1.0,20399.0,0.0,
Chastity_E_Sweet,-1.0,0.0,0.0,0.0,1.0,24692.0,0.0,
JFC958,-1.0,0.0,0.0,0.0,1.0,51630.0,0.0,
EJC1225,-1.0,0.0,0.0,0.0,1.0,28491.0,0.0,
Alisa_Morton,-1.0,0.0,0.0,0.0,1.0,19933.0,0.0,
MAB0500,-1.0,0.0,0.0,0.0,1.0,31918.0,0.0,
SFJ3,-1.0,0.0,0.0,0.0,1.0,29404.0,0.0,
DJA0192,-1.0,0.0,0.0,0.0,1.0,19491.0,0.0,
CPS1512,-1.0,0.0,0.0,0.0,1.0,18412.0,0.0,
CEG1442,-1.0,0.0,0.0,0.0,1.0,32624.0,0.0,
ACS0589,-1.0,0.0,0.0,0.0,1.0,49294.0,0.0,
Flynn-Lucius,-1.0,0.0,0.0,0.0,1.0,47484.0,0.0,
William_Bryant,-1.0,0.0,0.0,0.0,1.0,22631.0,0.0,
ASH0298,-1.0,0.0,0.0,0.0,1.0,17063.0,0.0,
Jaime_Lynch,-1.0,0.0,0.0,0.0,1.0,31918.0,0.0,
Quemby_Roy,-1.0,0.0,0.0,0.0,1.0,39836.0,0.0,
AXP1568,-1.0,0.0,0.0,0.0,1.0,28374.0,0.0,
KDC0996,-1.0,0.0,0.0,0.0,1.0,40189.0,0.0,
ALB1144,-1.0,0.0,0.0,0.0,1.0,22658.0,0.0,
KIC0438,-1.0,0.0,0.0,0.0,1.0,33639.0,0.0,
DZO0285,-1.0,0.0,0.0,0.0,1.0,2159305.0,1.0,
AFP1341,-1.0,0.0,0.0,0.0,1.0,30829.0,0.0,
SKF72,-1.0,0.0,0.0,0.0,1.0,26701.0,0.0,
BMG1070,-1.0,0.0,0.0,0.0,1.0,35233.0,0.0,
RGA1622,-1.0,0.0,0.0,0.0,1.0,25586.0,0.0,
KAG0547,-1.0,0.0,0.0,0.0,1.0,31365.0,0.0,
Harding.A.Lester,-1.0,0.0,0.0,0.0,1.0,24327.0,0.0,
UMB0310,-1.0,0.0,0.0,0.0,1.0,1012597.0,1.0,
Carol_Burns,-1.0,0.0,0.0,0.0,2.0,45678.0,0.0,
JJM0234,-1.0,0.0,0.0,0.0,1.0,34636.0,0.0,
IKW0174,-1.0,0.0,0.0,0.0,1.0,20376.0,0.0,
YWF1562,-1.0,0.0,0.0,0.0,1.0,22359.0,0.0,
Vivian_Douglas,-1.0,0.0,0.0,0.0,1.0,27274.0,0.0,
CTK0406,-1.0,0.0,0.0,0.0,1.0,13709.0,0.0,
XBK11,-1.0,0.0,0.0,0.0,1.0,26340.0,0.0,
JCC0016,-1.0,0.0,0.0,0.0,1.0,16724.0,0.0,
AJH0191,-1.0,0.0,0.0,0.0,1.0,12580.0,0.0,
LSC1951,-1.0,0.0,0.0,0.0,1.0,25596.0,0.0,
DKS0563,-1.0,0.0,0.0,0.0,1.0,4156499.0,3.0,
CDG0551,-1.0,0.0,0.0,0.0,1.0,30689.0,0.0,
CRD0404,-1.0,0.0,0.0,0.0,1.0,22333.0,0.0,
VBK4,-1.0,0.0,0.0,0.0,1.0,26763.0,0.0,
AVP1137,-1.0,0.0,0.0,0.0,1.0,18146.0,0.0,
Nichole_Conner,-1.0,0.0,0.0,0.0,1.0,15331.0,0.0,
KRC8,-1.0,0.0,0.0,0.0,1.0,29303.0,0.0,
LAF786,-1.0,0.0,0.0,0.0,1.0,22664.0,0.0,
Beach-Myra,-1.0,0.0,0.0,0.0,1.0,27965.0,0.0,
Haney-Aaron,-1.0,0.0,0.0,0.0,1.0,30147.0,0.0,
Juarez-Evan,-1.0,0.0,0.0,0.0,1.0,30694.0,0.0,
JOR1495,-1.0,0.0,0.0,0.0,1.0,31038.0,0.0,
Kylie.K.Pena,-1.0,0.0,0.0,0.0,1.0,376148.0,1.0,
Mia.O.Black,-1.0,0.0,0.0,0.0,1.0,33828.0,0.0,
IYF1060,-1.0,0.0,0.0,0.0,1.0,23901.0,0.0,
LCR8336,-1.0,0.0,0.0,0.0,1.0,33704.0,0.0,
