FMG1549,0.294117647059,44.0,452908.340909,0.5,24.0,658346.375,0.583333333333,
XAB588,1.0,1.0,4221879.0,6.0,0.0,0.0,0.0,
ENB4947,-0.0612244897959,46.0,589458.869565,0.695652173913,52.0,59939.4615385,0.0192307692308,
NIV1,-0.0212765957447,46.0,871292.608696,0.847826086957,48.0,583719.854167,0.583333333333,
AMG1628,-0.19587628866,39.0,518297.358974,0.564102564103,58.0,770554.637931,0.793103448276,
Vance-Linus,0.0947368421053,52.0,557443.576923,0.634615384615,43.0,314922.232558,0.395348837209,
SKW0066,1.0,1.0,259748.0,1.0,0.0,0.0,0.0,
Melyssa_A_Freeman,0.204301075269,56.0,870684.553571,0.803571428571,37.0,32208.1351351,0.0,
XJP1627,-0.010752688172,46.0,679729.0,0.804347826087,47.0,437614.148936,0.489361702128,
Thomas_Zeus,0.166666666667,56.0,549090.910714,0.625,40.0,413265.15,0.45,
Xena_Perez,-0.203389830508,47.0,662765.340426,0.63829787234,71.0,734813.211268,0.746478873239,
Freya_Gould,0.358490566038,36.0,513919.277778,0.583333333333,17.0,409256.882353,0.529411764706,
WCR66,1.0,1.0,26323.0,0.0,0.0,0.0,0.0,
Callahan-Ronan,0.204545454545,53.0,949729.924528,1.0,35.0,1015452.8,1.08571428571,
Libby_Farrell,0.0786516853933,48.0,271388.291667,0.3125,41.0,29949.8780488,0.0,
Kimberley.W.Garrison,1.0,75.0,724077.706667,0.84,0.0,0.0,0.0,
Mills-Guy,-0.28813559322,42.0,1119251.2619,1.35714285714,76.0,149906.868421,0.105263157895,
Glover-Porter,1.0,1.0,18344.0,0.0,0.0,0.0,0.0,
Zorita_A_Delaney,0.875,90.0,605958.355556,0.644444444444,6.0,47231.0,0.0,
HHD1606,0.00869565217391,58.0,637161.37931,0.706896551724,57.0,29382.4035088,0.0,
NWP1609,-0.555555555556,4.0,450201.75,0.5,14.0,503266.142857,0.571428571429,
Thomas_Bender,0.31914893617,62.0,685097.741935,0.693548387097,32.0,481766.5,0.46875,
MJF1600,-0.333333333333,31.0,260047.419355,0.322580645161,62.0,30452.4677419,0.0,
Naida_W_Perry,0.591836734694,39.0,703391.615385,0.615384615385,10.0,24416.4,0.0,
Tiger.A.Gates,0.65,66.0,546799.954545,0.560606060606,14.0,319703.214286,0.214285714286,
LCR8336,1.0,2.0,72172.0,0.0,0.0,0.0,0.0,
LJV1620,-0.384615384615,32.0,754793.65625,0.8125,72.0,553026.625,0.680555555556,
Igor_Rowland,0.222222222222,66.0,633499.19697,0.621212121212,42.0,213562.214286,0.214285714286,
QJH1605,-0.140186915888,46.0,645823.695652,0.673913043478,61.0,427297.983607,0.491803278689,
MLM1614,-0.261261261261,41.0,559336.170732,0.560975609756,70.0,262942.285714,0.257142857143,
DPC367,0.218390804598,53.0,517899.622642,0.584905660377,34.0,369122.882353,0.411764705882,
GGM1629,-0.15625,54.0,707677.5,0.814814814815,74.0,592441.648649,0.527027027027,
GGM1604,-0.417322834646,37.0,558800.405405,0.648648648649,90.0,125998.733333,0.122222222222,
TAG1610,0.0344827586207,15.0,549360.866667,0.466666666667,14.0,80893.4285714,0.142857142857,
EBB7772,1.0,1.0,1439677.0,2.0,0.0,0.0,0.0,
Colleen.Collier,-0.0338983050847,57.0,641209.263158,0.719298245614,61.0,409348.540984,0.459016393443,
Vanna-Fowler,0.315789473684,50.0,508574.3,0.54,26.0,454069.692308,0.461538461538,
Ria_Cline,1.0,2.0,3445985.0,5.5,0.0,0.0,0.0,
Pennington-Sandra,1.0,2.0,364169.0,0.5,0.0,0.0,0.0,
DCK394,1.0,1.0,21221.0,0.0,0.0,0.0,0.0,
GWH0961,1.0,1.0,1182600.0,3.0,0.0,0.0,0.0,
WDP1689,1.0,1.0,283960.0,1.0,0.0,0.0,0.0,
RBC1624,0.0793650793651,34.0,421127.852941,0.470588235294,29.0,773135.551724,0.896551724138,
Noble.G.Blake,-0.0275229357798,53.0,586074.792453,0.584905660377,56.0,279790.071429,0.25,
LMG0065,1.0,1.0,46001.0,0.0,0.0,0.0,0.0,
Ashton.J.Delgado,0.191919191919,59.0,633244.169492,0.64406779661,40.0,658460.025,0.875,
CBC1607,-0.236842105263,29.0,506080.862069,0.586206896552,47.0,212349.191489,0.297872340426,
IYH1611,-0.142857142857,51.0,653891.529412,0.78431372549,68.0,598164.264706,0.691176470588,
Jemima_Campos,1.0,1.0,21516.0,0.0,0.0,0.0,0.0,
James-Yen,1.0,1.0,32202.0,0.0,0.0,0.0,0.0,
VCF1602,-0.454545454545,15.0,506929.066667,0.6,40.0,402348.725,0.5,
RGA2,-0.150943396226,45.0,974506.888889,1.08888888889,61.0,168530.442623,0.147540983607,
CJL0143,1.0,1.0,2334471.0,2.0,0.0,0.0,0.0,
Wilkins_Barry,1.0,40.0,609570.275,0.5,0.0,0.0,0.0,
LVF1626,-0.075,37.0,785393.135135,0.72972972973,43.0,30937.8139535,0.0,
Garner-Aladdin,-0.130434782609,40.0,354263.3,0.375,52.0,561850.288462,0.615384615385,
Ross-Brock,1.0,1.0,24872.0,0.0,0.0,0.0,0.0,
MHS4974,1.0,1.0,42145.0,0.0,0.0,0.0,0.0,
AJH0191,1.0,1.0,47779.0,0.0,0.0,0.0,0.0,
Yoshi_Y_Hendrix,1.0,1.0,48681.0,0.0,0.0,0.0,0.0,
MGB9246,1.0,1.0,25725.0,0.0,0.0,0.0,0.0,
Grace_Townsend,0.0103092783505,49.0,526273.408163,0.612244897959,48.0,613969.3125,0.708333333333,
MAF1623,-0.116666666667,53.0,648144.415094,0.547169811321,67.0,28737.6865672,0.0,
Wilkins-Barry,1.0,34.0,567426.882353,0.617647058824,0.0,0.0,0.0,
NGB1625,0.153846153846,45.0,615559.866667,0.577777777778,33.0,531463.363636,0.575757575758,
DPC1618,-0.136842105263,41.0,769530.097561,0.975609756098,54.0,725504.148148,0.703703703704,
KCG1615,-0.30612244898,34.0,545944.058824,0.588235294118,64.0,817803.375,0.859375,
Foster-Mark,0.0126582278481,40.0,993529.975,1.025,39.0,28838.0,0.0,
Lael.S.Conner,1.0,1.0,29760.0,0.0,0.0,0.0,0.0,
NIV1608,-0.185185185185,33.0,528285.030303,0.666666666667,48.0,750061.5,0.854166666667,
ILR1613,-0.2,46.0,1023956.1087,0.978260869565,69.0,448915.15942,0.478260869565,
AJD1612,-0.151515151515,42.0,424463.666667,0.428571428571,57.0,373325.684211,0.456140350877,
YJB0829,1.0,1.0,32332.0,0.0,0.0,0.0,0.0,
CPL0439,1.0,1.0,22512.0,0.0,0.0,0.0,0.0,
ZAD1621,-0.238095238095,8.0,116955.375,0.125,13.0,54704.9230769,0.0769230769231,
Hadassah_Silva,1.0,1.0,66159.0,0.0,0.0,0.0,0.0,
Kaseem-Marks,1.0,1.0,37897.0,0.0,0.0,0.0,0.0,
TCC0771,1.0,1.0,18557.0,0.0,0.0,0.0,0.0,
Mcclain-Malcolm,-0.0384615384615,50.0,731616.28,0.8,54.0,296964.296296,0.296296296296,
Alfreda.N.Richmond,1.0,1.0,30187.0,0.0,0.0,0.0,0.0,
BWW0751,1.0,1.0,18943.0,0.0,0.0,0.0,0.0,
MJA1784,1.0,1.0,33601.0,0.0,0.0,0.0,0.0,
Kelsie_C_Gross,0.170731707317,48.0,696512.666667,0.729166666667,34.0,238680.205882,0.294117647059,
Madden-Giacomo,-0.0649350649351,36.0,229339.194444,0.305555555556,41.0,189932.146341,0.268292682927,
GUT1619,-0.182795698925,38.0,600350.710526,0.605263157895,55.0,908308.454545,0.945454545455,
ZJT1601,-0.152941176471,36.0,869855.277778,0.805555555556,49.0,359974.183673,0.489795918367,
NAH1366,1.0,1.0,20945.0,0.0,0.0,0.0,0.0,
CAV0656,1.0,1.0,24182.0,0.0,0.0,0.0,0.0,
Quinn_Hudson,-0.104761904762,47.0,742846.170213,0.893617021277,58.0,632788.534483,0.620689655172,
ENB1617,-0.0379746835443,38.0,579695.5,0.552631578947,41.0,182945.97561,0.219512195122,
Ignatius.Y.Henry,-0.0909090909091,40.0,387679.775,0.375,48.0,274667.625,0.229166666667,
AJS1482,1.0,1.0,450322.0,1.0,0.0,0.0,0.0,
MBK1726,1.0,1.0,27776.0,0.0,0.0,0.0,0.0,
Ocean.B.Nicholson,1.0,1.0,22172.0,0.0,0.0,0.0,0.0,
Maite.Kemp,1.0,1.0,25269.0,0.0,0.0,0.0,0.0,
RGA1622,0.037037037037,42.0,463002.595238,0.547619047619,39.0,337131.051282,0.358974358974,
IYF1060,0.0,1.0,29424.0,0.0,1.0,15921.0,0.0,
Nicole-Leon,1.0,1.0,432353.0,1.0,0.0,0.0,0.0,
XBK11,0.0,1.0,29105.0,0.0,1.0,619105.0,1.0,
Delacruz-Harding,-0.0843373493976,38.0,1189170.39474,1.02631578947,45.0,31744.8,0.0,
WDT14,1.0,1.0,1685207.0,2.0,0.0,0.0,0.0,
TNB1616,-0.157894736842,16.0,586844.625,0.5625,22.0,408575.5,0.590909090909,
LHP0320,0.0,1.0,37978.0,0.0,1.0,44222.0,0.0,
ERV51,1.0,1.0,36284.0,0.0,0.0,0.0,0.0,
MIC0916,1.0,1.0,1115271.0,1.0,0.0,0.0,0.0,
Sonya_Montgomery,1.0,1.0,203136.0,1.0,0.0,0.0,0.0,
LJH1027,1.0,1.0,3781143.0,4.0,0.0,0.0,0.0,
JDJ1949,1.0,1.0,44678.0,0.0,0.0,0.0,0.0,
Leonard_Angela,1.0,1.0,1470027.0,1.0,0.0,0.0,0.0,
GQG1484,1.0,1.0,1457143.0,1.0,0.0,0.0,0.0,
GBV0440,1.0,1.0,18717.0,0.0,0.0,0.0,0.0,
HBP1076,1.0,1.0,653099.0,1.0,0.0,0.0,0.0,
Autumn-Wells,1.0,1.0,31101.0,0.0,0.0,0.0,0.0,
CWW1120,1.0,1.0,850363.0,1.0,0.0,0.0,0.0,
Lara_C_Rich,1.0,1.0,28434.0,0.0,0.0,0.0,0.0,
MIB0203,1.0,1.0,1738668.0,3.0,0.0,0.0,0.0,
DOL0765,1.0,2.0,30720.5,0.0,0.0,0.0,0.0,
KKL1481,1.0,1.0,1528161.0,1.0,0.0,0.0,0.0,
BDM0442,1.0,1.0,167731.0,1.0,0.0,0.0,0.0,
KBR0575,1.0,1.0,26803.0,0.0,0.0,0.0,0.0,
WRH0526,1.0,1.0,1359164.0,1.0,0.0,0.0,0.0,
BTD1059,1.0,1.0,40322.0,0.0,0.0,0.0,0.0,
CKR1446,1.0,2.0,195094.5,0.5,0.0,0.0,0.0,
OSS1463,1.0,1.0,204166.0,1.0,0.0,0.0,0.0,
NCU1166,1.0,1.0,47732.0,0.0,0.0,0.0,0.0,
RMH0906,1.0,1.0,1169849.0,1.0,0.0,0.0,0.0,
MAW777,1.0,1.0,928311.0,1.0,0.0,0.0,0.0,
Naida_Perry,1.0,32.0,906879.78125,0.84375,0.0,0.0,0.0,
TCA1183,1.0,1.0,20872.0,0.0,0.0,0.0,0.0,
Kinney-Moses,0.0,1.0,1633765.0,2.0,1.0,62881.0,0.0,
SMK3631,1.0,2.0,28474.0,0.0,0.0,0.0,0.0,
KVV0871,1.0,1.0,47043.0,0.0,0.0,0.0,0.0,
BRP7,1.0,1.0,17583.0,0.0,0.0,0.0,0.0,
DXF721,1.0,1.0,17225.0,0.0,0.0,0.0,0.0,
Dale-Damon,1.0,1.0,2047611.0,3.0,0.0,0.0,0.0,
LJF1138,1.0,1.0,4397329.0,5.0,0.0,0.0,0.0,
Ocean_D_Avery,1.0,1.0,1604627.0,2.0,0.0,0.0,0.0,
GCW0456,1.0,1.0,43333.0,0.0,0.0,0.0,0.0,
ARL6,1.0,3.0,24132.3333333,0.0,0.0,0.0,0.0,
Moses-Xerxes,1.0,1.0,26988.0,0.0,0.0,0.0,0.0,
Bryar-Sampson,1.0,1.0,42234.0,0.0,0.0,0.0,0.0,
MNE1698,1.0,1.0,29991.0,0.0,0.0,0.0,0.0,
Demetrius.A.Harper,1.0,1.0,851861.0,1.0,0.0,0.0,0.0,
BAS1078,1.0,1.0,1531788.0,2.0,0.0,0.0,0.0,
JPK0945,0.0,1.0,27252.0,0.0,1.0,34698.0,0.0,
IIM0781,1.0,1.0,735462.0,1.0,0.0,0.0,0.0,
ELM1123,1.0,1.0,985442.0,1.0,0.0,0.0,0.0,
CCP0774,-0.333333333333,1.0,850917.0,1.0,2.0,27968.0,0.0,
AJH169,1.0,1.0,3573210.0,4.0,0.0,0.0,0.0,
ONB1833,1.0,1.0,28662.0,0.0,0.0,0.0,0.0,
Larissa_Lee,1.0,1.0,25182.0,0.0,0.0,0.0,0.0,
CLZ12,1.0,1.0,900653.0,1.0,0.0,0.0,0.0,
MZV1557,1.0,1.0,27504.0,0.0,0.0,0.0,0.0,
TAH0300,1.0,1.0,27219.0,0.0,0.0,0.0,0.0,
Nicolas.R.Gillespie,1.0,1.0,17539.0,0.0,0.0,0.0,0.0,
RBD5,1.0,1.0,19767.0,0.0,0.0,0.0,0.0,
Athena_Mccullough,1.0,1.0,41722.0,0.0,0.0,0.0,0.0,
AIH0814,1.0,1.0,2103670.0,1.0,0.0,0.0,0.0,
AKS0586,1.0,1.0,37577.0,0.0,0.0,0.0,0.0,
LIB1125,1.0,1.0,456085.0,1.0,0.0,0.0,0.0,
Alana_Nielsen,1.0,1.0,2048443.0,2.0,0.0,0.0,0.0,
YDM6,1.0,1.0,21091.0,0.0,0.0,0.0,0.0,
Xaviera_Gallegos,1.0,1.0,1298097.0,2.0,0.0,0.0,0.0,
Georgia.Dean,1.0,2.0,34791.5,0.0,0.0,0.0,0.0,
KMH0529,1.0,1.0,42962.0,0.0,0.0,0.0,0.0,
WSE468,1.0,1.0,14160.0,0.0,0.0,0.0,0.0,
Curran_Velasquez,1.0,1.0,32624.0,0.0,0.0,0.0,0.0,
PKF1346,1.0,1.0,23209.0,0.0,0.0,0.0,0.0,
Daniel-Claire,1.0,1.0,718932.0,1.0,0.0,0.0,0.0,
ACH751,1.0,1.0,23203.0,0.0,0.0,0.0,0.0,
JMA0540,1.0,1.0,41194.0,0.0,0.0,0.0,0.0,
Ina_T_Ayers,1.0,1.0,702315.0,1.0,0.0,0.0,0.0,
Cherokee_Y_Galloway,1.0,2.0,34415.5,0.0,0.0,0.0,0.0,
CRM0907,0.0,1.0,32399.0,0.0,1.0,32333.0,0.0,
Jeanette_A_Rosales,1.0,1.0,30656.0,0.0,0.0,0.0,0.0,
Abra.W.Warren,1.0,1.0,26753.0,0.0,0.0,0.0,0.0,
HIK0425,1.0,1.0,26168.0,0.0,0.0,0.0,0.0,
MLL0162,1.0,1.0,36407.0,0.0,0.0,0.0,0.0,
Lynch-Samson,1.0,1.0,34090.0,0.0,0.0,0.0,0.0,
MCS0242,1.0,1.0,1139069.0,1.0,0.0,0.0,0.0,
MHK0565,1.0,1.0,13130.0,0.0,0.0,0.0,0.0,
BCG0853,0.0,1.0,15121.0,0.0,1.0,4646939.0,5.0,
Kent-Thane,1.0,1.0,154914.0,1.0,0.0,0.0,0.0,
Harvey.Hop,1.0,1.0,1849197.0,1.0,0.0,0.0,0.0,
REL0910,1.0,1.0,21929.0,0.0,0.0,0.0,0.0,
EUN1870,1.0,1.0,25996.0,0.0,0.0,0.0,0.0,
Good-Boris,1.0,1.0,4285534.0,6.0,0.0,0.0,0.0,
Butler-Kadeem,1.0,1.0,20436.0,0.0,0.0,0.0,0.0,
KJN0240,1.0,1.0,1256359.0,2.0,0.0,0.0,0.0,
KWM0365,1.0,2.0,38849.0,0.0,0.0,0.0,0.0,
ACH1831,1.0,1.0,30428.0,0.0,0.0,0.0,0.0,
MCC1372,1.0,1.0,1145851.0,2.0,0.0,0.0,0.0,
JIP1220,0.0,1.0,448533.0,1.0,1.0,23919.0,0.0,
MRW0625,1.0,1.0,33641.0,0.0,0.0,0.0,0.0,
RSS1825,1.0,1.0,2458017.0,2.0,0.0,0.0,0.0,
CBN45,1.0,1.0,34234.0,0.0,0.0,0.0,0.0,
Walls-Thor,1.0,1.0,2352776.0,1.0,0.0,0.0,0.0,
DRM0443,1.0,2.0,393475.0,0.5,0.0,0.0,0.0,
Hermione_A_Bowers,1.0,1.0,195706.0,1.0,0.0,0.0,0.0,
AKK0032,1.0,1.0,16493.0,0.0,0.0,0.0,0.0,
BKA1178,1.0,1.0,27304.0,0.0,0.0,0.0,0.0,
GSA866,1.0,1.0,1259200.0,1.0,0.0,0.0,0.0,
Amber_Greer,1.0,2.0,25612.5,0.0,0.0,0.0,0.0,
Shelby.S.Mccoy,1.0,1.0,3069713.0,4.0,0.0,0.0,0.0,
Marquez-Hilda,1.0,1.0,44477.0,0.0,0.0,0.0,0.0,
JMA215,1.0,1.0,16815.0,0.0,0.0,0.0,0.0,
DAC1641,1.0,1.0,639995.0,1.0,0.0,0.0,0.0,
MDC0520,1.0,1.0,37929.0,0.0,0.0,0.0,0.0,
FGA0659,1.0,1.0,31869.0,0.0,0.0,0.0,0.0,
Camille_Stuart,1.0,1.0,52755.0,0.0,0.0,0.0,0.0,
Kirk.J.Hoffman,1.0,1.0,84778.0,1.0,0.0,0.0,0.0,
ENM5856,1.0,1.0,25654.0,0.0,0.0,0.0,0.0,
Nerea_K_Talley,1.0,1.0,27989.0,0.0,0.0,0.0,0.0,
Miles-Price,1.0,2.0,46269.0,0.0,0.0,0.0,0.0,
Bruce.D.Marquez,0.0,1.0,31749.0,0.0,1.0,20856.0,0.0,
Whitehead-Holmes,1.0,1.0,23426.0,0.0,0.0,0.0,0.0,
TKP46,1.0,1.0,21221.0,0.0,0.0,0.0,0.0,
Conrad-Gannon,1.0,1.0,1684018.0,1.0,0.0,0.0,0.0,
MON0700,1.0,1.0,2103129.0,1.0,0.0,0.0,0.0,
Daquan-Conley,1.0,1.0,2598601.0,2.0,0.0,0.0,0.0,
Martina.M.England,1.0,1.0,21188.0,0.0,0.0,0.0,0.0,
IDW1713,1.0,1.0,1347320.0,2.0,0.0,0.0,0.0,
Vanna_Fowler,1.0,17.0,464305.470588,0.470588235294,0.0,0.0,0.0,
TMG981,1.0,1.0,31671.0,0.0,0.0,0.0,0.0,
BTG1551,1.0,1.0,36176.0,0.0,0.0,0.0,0.0,
ADR1156,1.0,1.0,23788.0,0.0,0.0,0.0,0.0,
LYL1334,1.0,1.0,43111.0,0.0,0.0,0.0,0.0,
BKL76,1.0,1.0,32580.0,0.0,0.0,0.0,0.0,
JBL2,1.0,2.0,817355.5,0.5,0.0,0.0,0.0,
SCF4,1.0,1.0,45699.0,0.0,0.0,0.0,0.0,
JLM31,1.0,1.0,3652032.0,5.0,0.0,0.0,0.0,
Madaline.H.Knowles,1.0,1.0,28222.0,0.0,0.0,0.0,0.0,
Zane.P.Gordon,1.0,2.0,24998.0,0.0,0.0,0.0,0.0,
AAC1033,1.0,1.0,888208.0,1.0,0.0,0.0,0.0,
AMB0745,1.0,1.0,17388.0,0.0,0.0,0.0,0.0,
BEM1501,1.0,1.0,23212.0,0.0,0.0,0.0,0.0,
ICS1248,1.0,1.0,2038300.0,2.0,0.0,0.0,0.0,
KRC0441,1.0,1.0,1157088.0,1.0,0.0,0.0,0.0,
JAW0280,1.0,1.0,34818.0,0.0,0.0,0.0,0.0,
Celeste_Bright,1.0,1.0,1621328.0,1.0,0.0,0.0,0.0,
Eden-Beach,1.0,1.0,32371.0,0.0,0.0,0.0,0.0,
HTS0762,1.0,1.0,1108942.0,1.0,0.0,0.0,0.0,
CCG1347,0.0,1.0,43127.0,0.0,1.0,2018894.0,2.0,
PHG69,1.0,1.0,1697589.0,1.0,0.0,0.0,0.0,
HQG0905,1.0,1.0,29213.0,0.0,0.0,0.0,0.0,
Ciara_Davenport,1.0,1.0,39278.0,0.0,0.0,0.0,0.0,
Garza-Francis,1.0,1.0,29774.0,0.0,0.0,0.0,0.0,
Hannah_M_Callahan,1.0,1.0,37141.0,0.0,0.0,0.0,0.0,
SWB1809,1.0,1.0,8901488.0,9.0,0.0,0.0,0.0,
Stephanie_V_Benton,1.0,1.0,3644617.0,3.0,0.0,0.0,0.0,
Abdul_Holmes,1.0,1.0,47750.0,0.0,0.0,0.0,0.0,
KCR1118,1.0,1.0,1348299.0,1.0,0.0,0.0,0.0,
CBK0185,1.0,1.0,32815.0,0.0,0.0,0.0,0.0,
Dunn-Gage,1.0,2.0,27809.5,0.0,0.0,0.0,0.0,
DZA0195,1.0,1.0,141941.0,1.0,0.0,0.0,0.0,
Spears-Driscoll,1.0,1.0,14900.0,0.0,0.0,0.0,0.0,
DWR1387,1.0,1.0,40904.0,0.0,0.0,0.0,0.0,
Dominique-Juarez,1.0,1.0,1589685.0,3.0,0.0,0.0,0.0,
JLC0558,1.0,1.0,2475581.0,1.0,0.0,0.0,0.0,
KJM1303,1.0,1.0,1049289.0,1.0,0.0,0.0,0.0,
CWR0696,1.0,1.0,27979.0,0.0,0.0,0.0,0.0,
AAW0914,1.0,1.0,26292.0,0.0,0.0,0.0,0.0,
Scarlet_Mosley,1.0,1.0,28959.0,0.0,0.0,0.0,0.0,
Sullivan-Jackson,1.0,1.0,25788.0,0.0,0.0,0.0,0.0,
Imani_Hahn,1.0,1.0,1528866.0,1.0,0.0,0.0,0.0,
JEC23,1.0,1.0,1745783.0,1.0,0.0,0.0,0.0,
Nora_Porter,1.0,1.0,22560.0,0.0,0.0,0.0,0.0,
GCG1753,1.0,1.0,41456.0,0.0,0.0,0.0,0.0,
CMA3,1.0,1.0,1917886.0,2.0,0.0,0.0,0.0,
KOL1923,1.0,1.0,380126.0,1.0,0.0,0.0,0.0,
Irene_R_Moran,1.0,1.0,35189.0,0.0,0.0,0.0,0.0,
Lindsey_Joel,1.0,1.0,24624.0,0.0,0.0,0.0,0.0,
RRS0056,1.0,1.0,1358448.0,1.0,0.0,0.0,0.0,
KFG1727,1.0,1.0,1296589.0,2.0,0.0,0.0,0.0,
Xenos_Marshall,1.0,1.0,263584.0,1.0,0.0,0.0,0.0,
ZOC0154,1.0,1.0,45302.0,0.0,0.0,0.0,0.0,
FJP1692,1.0,1.0,38668.0,0.0,0.0,0.0,0.0,
TMW1907,1.0,1.0,21353.0,0.0,0.0,0.0,0.0,
Aline.R.Miranda,1.0,1.0,42485.0,0.0,0.0,0.0,0.0,
KEE0823,1.0,1.0,471761.0,1.0,0.0,0.0,0.0,
Woodard-Herrod,1.0,1.0,25268.0,0.0,0.0,0.0,0.0,
CJR79,1.0,1.0,27158.0,0.0,0.0,0.0,0.0,
Davenport-Cynthia,0.0,1.0,32103.0,0.0,1.0,514485.0,1.0,
Puckett-Regan,1.0,1.0,2062895.0,2.0,0.0,0.0,0.0,
ILM1595,1.0,1.0,26360.0,0.0,0.0,0.0,0.0,
Susan.Duffy,1.0,1.0,22315.0,0.0,0.0,0.0,0.0,
DJC782,1.0,1.0,1716881.0,1.0,0.0,0.0,0.0,
LSM14,1.0,1.0,36651.0,0.0,0.0,0.0,0.0,
Weaver-Samuel,1.0,1.0,2819029.0,2.0,0.0,0.0,0.0,
MEB1743,1.0,1.0,31661.0,0.0,0.0,0.0,0.0,
Pace-Damon,0.0,1.0,35678.0,0.0,1.0,18458.0,0.0,
Ursula_O_Riddle,1.0,1.0,31199.0,0.0,0.0,0.0,0.0,
Sanford-Fitzgerald,1.0,1.0,31915.0,0.0,0.0,0.0,0.0,
Darrel.J.Jarvis,1.0,1.0,769133.0,1.0,0.0,0.0,0.0,
Trujillo-Sarah,1.0,1.0,1844214.0,1.0,0.0,0.0,0.0,
Amaya_Michael,1.0,1.0,18887.0,0.0,0.0,0.0,0.0,
TDC0800,0.0,1.0,21243.0,0.0,1.0,1085383.0,1.0,
Isabelle_K_Bentley,1.0,1.0,29071.0,0.0,0.0,0.0,0.0,
Eliana.P.Bonner,1.0,1.0,25220.0,0.0,0.0,0.0,0.0,
Kylee.J.Mcintosh,1.0,1.0,35028.0,0.0,0.0,0.0,0.0,
BAH1537,1.0,1.0,45684.0,1.0,0.0,0.0,0.0,
DSH736,1.0,1.0,27482.0,0.0,0.0,0.0,0.0,
Bruce.G.Kelley,1.0,1.0,227917.0,2.0,0.0,0.0,0.0,
AAR1793,1.0,2.0,738673.0,0.5,0.0,0.0,0.0,
Libby.V.Farrell,1.0,8.0,49519.125,0.25,0.0,0.0,0.0,
Phillip_Duffy,1.0,1.0,7379890.0,7.0,0.0,0.0,0.0,
BJH9,1.0,1.0,31027.0,0.0,0.0,0.0,0.0,
INW1064,1.0,1.0,30262.0,0.0,0.0,0.0,0.0,
Gilbert-Christopher,1.0,1.0,43286.0,0.0,0.0,0.0,0.0,
Myra_C_Tillman,1.0,1.0,30096.0,0.0,0.0,0.0,0.0,
TJG0170,1.0,1.0,965305.0,1.0,0.0,0.0,0.0,
BJH0601,1.0,1.0,34191.0,0.0,0.0,0.0,0.0,
Halee.S.Norris,0.0,1.0,717441.0,1.0,1.0,20558.0,0.0,
Hendricks-William,1.0,1.0,39547.0,0.0,0.0,0.0,0.0,
Wyatt-Barnett,0.0,1.0,498526.0,1.0,1.0,37257.0,0.0,
ADG0619,1.0,1.0,23056.0,0.0,0.0,0.0,0.0,
Ruby_B_Alexander,1.0,1.0,31230.0,0.0,0.0,0.0,0.0,
Ayala-Lawrence,1.0,1.0,29612.0,0.0,0.0,0.0,0.0,
LKC83,1.0,1.0,743957.0,1.0,0.0,0.0,0.0,
Lara.Y.Lopez,1.0,2.0,21169.5,0.0,0.0,0.0,0.0,
CLL0494,1.0,1.0,79353.0,1.0,0.0,0.0,0.0,
RCB289,1.0,1.0,961056.0,1.0,0.0,0.0,0.0,
Wesley.P.Christian,1.0,2.0,255481.5,0.5,0.0,0.0,0.0,
PAP1570,1.0,1.0,18867.0,0.0,0.0,0.0,0.0,
SFG1360,1.0,1.0,22860.0,0.0,0.0,0.0,0.0,
Miller-Burton,1.0,1.0,25981.0,0.0,0.0,0.0,0.0,
LSF1709,1.0,1.0,23204.0,0.0,0.0,0.0,0.0,
HGS0888,1.0,1.0,2532252.0,3.0,0.0,0.0,0.0,
ZAR0235,1.0,1.0,19505.0,0.0,0.0,0.0,0.0,
NIV692,1.0,7.0,548958.142857,0.428571428571,0.0,0.0,0.0,
ERV1880,1.0,1.0,21385.0,0.0,0.0,0.0,0.0,
HSN0675,1.0,1.0,69616.0,1.0,0.0,0.0,0.0,
Beatrice_K_Willis,1.0,1.0,26073.0,0.0,0.0,0.0,0.0,
ACB1087,1.0,1.0,1902242.0,2.0,0.0,0.0,0.0,
Ignacia_Strickland,1.0,1.0,23674.0,0.0,0.0,0.0,0.0,
Howard-Alan,1.0,1.0,19614.0,0.0,0.0,0.0,0.0,
QZH0367,1.0,1.0,38185.0,0.0,0.0,0.0,0.0,
CJG0897,1.0,1.0,15293.0,0.0,0.0,0.0,0.0,
RWJ1403,1.0,1.0,666004.0,1.0,0.0,0.0,0.0,
Sloan-Dustin,1.0,1.0,24639.0,0.0,0.0,0.0,0.0,
RSM4792,1.0,1.0,27920.0,0.0,0.0,0.0,0.0,
RTH0564,1.0,1.0,1732195.0,2.0,0.0,0.0,0.0,
JYS0621,1.0,1.0,1413235.0,1.0,0.0,0.0,0.0,
EBD1636,1.0,1.0,31602.0,0.0,0.0,0.0,0.0,
CRD0404,1.0,1.0,4376549.0,5.0,0.0,0.0,0.0,
Jones-Neville,1.0,1.0,32267.0,0.0,0.0,0.0,0.0,
ZOC866,1.0,1.0,33719.0,0.0,0.0,0.0,0.0,
RBD8291,1.0,1.0,35708.0,0.0,0.0,0.0,0.0,
Cody.L.Salinas,1.0,1.0,930250.0,2.0,0.0,0.0,0.0,
Jael_Chavez,1.0,1.0,914333.0,1.0,0.0,0.0,0.0,
Jaquelyn-Chang,1.0,1.0,87016.0,0.0,0.0,0.0,0.0,
Love-Lawrence,1.0,1.0,546754.0,1.0,0.0,0.0,0.0,
Melanie.S.Kane,1.0,1.0,828695.0,1.0,0.0,0.0,0.0,
Steven_Carroll,1.0,1.0,16532.0,0.0,0.0,0.0,0.0,
Foreman-Gareth,1.0,1.0,850354.0,1.0,0.0,0.0,0.0,
XRS0498,1.0,1.0,15281.0,0.0,0.0,0.0,0.0,
Jeanette_Mcleod,1.0,1.0,19260.0,0.0,0.0,0.0,0.0,
Emma.A.Montoya,1.0,1.0,1381731.0,1.0,0.0,0.0,0.0,
Cairo_Mullen,1.0,1.0,27204.0,0.0,0.0,0.0,0.0,
Maxine_Hooper,1.0,1.0,68911.0,0.0,0.0,0.0,0.0,
LAD0226,1.0,1.0,28626.0,0.0,0.0,0.0,0.0,
Melyssa.J.Flores,1.0,1.0,1103540.0,1.0,0.0,0.0,0.0,
EKS12,1.0,1.0,33777.0,0.0,0.0,0.0,0.0,
UOR1486,1.0,1.0,650923.0,1.0,0.0,0.0,0.0,
KLR0112,1.0,1.0,49458.0,0.0,0.0,0.0,0.0,
Long-Kenyon,1.0,1.0,37887.0,0.0,0.0,0.0,0.0,
Rashad.A.Bowman,1.0,1.0,1632891.0,1.0,0.0,0.0,0.0,
Amity.K.Puckett,1.0,1.0,27773.0,0.0,0.0,0.0,0.0,
Illana_Tate,1.0,1.0,29246.0,0.0,0.0,0.0,0.0,
Liberty_Buchanan,1.0,1.0,20487.0,0.0,0.0,0.0,0.0,
Burns-Uriel,1.0,1.0,1700288.0,2.0,0.0,0.0,0.0,
Lara.Mccarthy,1.0,1.0,23556.0,0.0,0.0,0.0,0.0,
PTD0273,1.0,1.0,58849.0,1.0,0.0,0.0,0.0,
HSH2455,1.0,1.0,13827.0,0.0,0.0,0.0,0.0,
Caryn_K_William,1.0,1.0,38942.0,0.0,0.0,0.0,0.0,
Lars_Patterson,1.0,1.0,67396.0,0.0,0.0,0.0,0.0,
Adele_Blevins,1.0,1.0,455757.0,2.0,0.0,0.0,0.0,
SMB0473,1.0,1.0,24084.0,0.0,0.0,0.0,0.0,
MCT0695,1.0,1.0,53691.0,0.0,0.0,0.0,0.0,
Kylan_Conner,1.0,1.0,36613.0,0.0,0.0,0.0,0.0,
QKB8133,1.0,1.0,42349.0,0.0,0.0,0.0,0.0,
GXM1952,1.0,1.0,33237.0,0.0,0.0,0.0,0.0,
Thomas.Thaddeus,1.0,1.0,28620.0,0.0,0.0,0.0,0.0,
GLC1055,1.0,1.0,1230342.0,1.0,0.0,0.0,0.0,
HDL0789,-1.0,0.0,0.0,0.0,1.0,1180232.0,1.0,
PXS0749,-1.0,0.0,0.0,0.0,1.0,40416.0,0.0,
Nichole_Mccarty,-1.0,0.0,0.0,0.0,1.0,26018.0,0.0,
Kylynn.S.Carney,-1.0,0.0,0.0,0.0,1.0,27649.0,0.0,
AMH1887,-1.0,0.0,0.0,0.0,1.0,50276.0,0.0,
GCE1147,-1.0,0.0,0.0,0.0,1.0,76608.0,1.0,
Anika-Ochoa,-1.0,0.0,0.0,0.0,1.0,38388.0,0.0,
CKP0213,-1.0,0.0,0.0,0.0,1.0,42014.0,0.0,
Larson_Lani,-1.0,0.0,0.0,0.0,2.0,449329.0,0.5,
Zelenia.A.Reeves,-1.0,0.0,0.0,0.0,1.0,37123.0,0.0,
DOR0935,-1.0,0.0,0.0,0.0,1.0,38389.0,0.0,
YNC1336,-1.0,0.0,0.0,0.0,1.0,29104.0,0.0,
Kaitlin.R.Craft,-1.0,0.0,0.0,0.0,1.0,32540.0,0.0,
PIE1712,-1.0,0.0,0.0,0.0,1.0,36701.0,0.0,
PMB1928,-1.0,0.0,0.0,0.0,1.0,19082.0,0.0,
Bailey-Omar,-1.0,0.0,0.0,0.0,2.0,31627.0,0.0,
Anthony-Plato,-1.0,0.0,0.0,0.0,1.0,15074.0,0.0,
EAC6,-1.0,0.0,0.0,0.0,1.0,28611.0,0.0,
MAG0780,-1.0,0.0,0.0,0.0,1.0,17379.0,0.0,
Imogene_Middleton,-1.0,0.0,0.0,0.0,1.0,4444054.0,4.0,
Buffy_Ortiz,-1.0,0.0,0.0,0.0,1.0,26664.0,0.0,
MCB1145,-1.0,0.0,0.0,0.0,1.0,24241.0,0.0,
HPC1404,-1.0,0.0,0.0,0.0,1.0,38397.0,0.0,
Chantale_Butler,-1.0,0.0,0.0,0.0,2.0,30277.5,0.0,
LNS0317,-1.0,0.0,0.0,0.0,1.0,47840.0,0.0,
HNP1152,-1.0,0.0,0.0,0.0,1.0,25771.0,0.0,
Watkins-Sawyer,-1.0,0.0,0.0,0.0,1.0,50716.0,0.0,
Jacobson-Herman,-1.0,0.0,0.0,0.0,1.0,19737.0,0.0,
EJV0094,-1.0,0.0,0.0,0.0,1.0,47041.0,0.0,
UCC0395,-1.0,0.0,0.0,0.0,1.0,37023.0,0.0,
Haney-Aaron,-1.0,0.0,0.0,0.0,1.0,24653.0,0.0,
MVM624,-1.0,0.0,0.0,0.0,1.0,20666.0,0.0,
DCV1185,-1.0,0.0,0.0,0.0,1.0,34477.0,0.0,
CGN2,-1.0,0.0,0.0,0.0,1.0,2030588.0,2.0,
REM1733,-1.0,0.0,0.0,0.0,1.0,420611.0,1.0,
Dominique_Merritt,-1.0,0.0,0.0,0.0,1.0,47812.0,0.0,
Erica_A_Guthrie,-1.0,0.0,0.0,0.0,1.0,25743.0,0.0,
ZBG0938,-1.0,0.0,0.0,0.0,1.0,20794.0,0.0,
Clark-Silas,-1.0,0.0,0.0,0.0,1.0,29839.0,0.0,
ESH1028,-1.0,0.0,0.0,0.0,1.0,29957.0,0.0,
Ashely_H_Nguyen,-1.0,0.0,0.0,0.0,1.0,721004.0,1.0,
OKH0453,-1.0,0.0,0.0,0.0,1.0,19706.0,0.0,
Lani_Wiggins,-1.0,0.0,0.0,0.0,1.0,22870.0,0.0,
Preston-Finley,-1.0,0.0,0.0,0.0,1.0,36985.0,0.0,
DSH1074,-1.0,0.0,0.0,0.0,1.0,18439.0,0.0,
CPS1512,-1.0,0.0,0.0,0.0,1.0,45432.0,0.0,
MES1674,-1.0,0.0,0.0,0.0,1.0,25212.0,0.0,
WFV0687,-1.0,0.0,0.0,0.0,1.0,30181.0,0.0,
DCF1237,-1.0,0.0,0.0,0.0,1.0,43226.0,0.0,
Tatyana_A_Johnston,-1.0,0.0,0.0,0.0,1.0,25631.0,0.0,
GCB0118,-1.0,0.0,0.0,0.0,1.0,25468.0,0.0,
Kelly.P.Mack,-1.0,0.0,0.0,0.0,1.0,45391.0,0.0,
SNC1721,-1.0,0.0,0.0,0.0,1.0,15577.0,0.0,
ASC1297,-1.0,0.0,0.0,0.0,1.0,21760.0,0.0,
BBC1191,-1.0,0.0,0.0,0.0,1.0,24104.0,0.0,
MTS0958,-1.0,0.0,0.0,0.0,1.0,24943.0,0.0,
PRL0585,-1.0,0.0,0.0,0.0,1.0,26569.0,0.0,
PAM0867,-1.0,0.0,0.0,0.0,1.0,18250.0,0.0,
REF1924,-1.0,0.0,0.0,0.0,1.0,1016315.0,2.0,
COG2,-1.0,0.0,0.0,0.0,1.0,41001.0,0.0,
RMN1226,-1.0,0.0,0.0,0.0,1.0,24467.0,0.0,
WLN0852,-1.0,0.0,0.0,0.0,1.0,2556701.0,2.0,
MCB0582,-1.0,0.0,0.0,0.0,1.0,25473.0,0.0,
Rutledge-Myles,-1.0,0.0,0.0,0.0,1.0,36594.0,0.0,
RKC0355,-1.0,0.0,0.0,0.0,1.0,1938382.0,2.0,
Nathaniel.T.Galloway,-1.0,0.0,0.0,0.0,1.0,27169.0,0.0,
Morales-Benjamin,-1.0,0.0,0.0,0.0,1.0,27843.0,0.0,
WFV289,-1.0,0.0,0.0,0.0,1.0,35010.0,0.0,
Graham-Carl,-1.0,0.0,0.0,0.0,1.0,42838.0,0.0,
RPJ1159,-1.0,0.0,0.0,0.0,1.0,22680.0,0.0,
VUW0873,-1.0,0.0,0.0,0.0,1.0,959245.0,1.0,
Iliana.P.Francis,-1.0,0.0,0.0,0.0,1.0,24626.0,0.0,
Marshall-Mullins,-1.0,0.0,0.0,0.0,1.0,22172.0,0.0,
MVM0092,-1.0,0.0,0.0,0.0,1.0,19520.0,0.0,
FCG0693,-1.0,0.0,0.0,0.0,1.0,24043.0,0.0,
GKM1647,-1.0,0.0,0.0,0.0,1.0,25927.0,0.0,
PAM3,-1.0,0.0,0.0,0.0,1.0,29981.0,0.0,
EAP21,-1.0,0.0,0.0,0.0,1.0,21016.0,0.0,
JAC1275,-1.0,0.0,0.0,0.0,1.0,27746.0,0.0,
MHS1277,-1.0,0.0,0.0,0.0,1.0,28458.0,0.0,
KKS0087,-1.0,0.0,0.0,0.0,1.0,38427.0,0.0,
DAH0512,-1.0,0.0,0.0,0.0,1.0,498355.0,1.0,
Carla_Ewing,-1.0,0.0,0.0,0.0,1.0,1301362.0,2.0,
Judith_C_Keller,-1.0,0.0,0.0,0.0,1.0,27586.0,0.0,
AGB0447,-1.0,0.0,0.0,0.0,1.0,49452.0,0.0,
GTN452,-1.0,0.0,0.0,0.0,1.0,15671.0,0.0,
NBB1935,-1.0,0.0,0.0,0.0,1.0,30005.0,0.0,
WDS1286,-1.0,0.0,0.0,0.0,1.0,20877.0,0.0,
DCA0857,-1.0,0.0,0.0,0.0,1.0,20069.0,0.0,
TLW1555,-1.0,0.0,0.0,0.0,1.0,17214.0,0.0,
Quemby_Roy,-1.0,0.0,0.0,0.0,1.0,29868.0,0.0,
Roy_Ferdinand,-1.0,0.0,0.0,0.0,1.0,38904.0,0.0,
CMM1987,-1.0,0.0,0.0,0.0,1.0,39980.0,0.0,
TLM0421,-1.0,0.0,0.0,0.0,1.0,25666.0,0.0,
BCL558,-1.0,0.0,0.0,0.0,1.0,15733.0,0.0,
VBK0007,-1.0,0.0,0.0,0.0,1.0,31934.0,0.0,
KJM0889,-1.0,0.0,0.0,0.0,1.0,27688.0,0.0,
WRH0868,-1.0,0.0,0.0,0.0,1.0,24740.0,0.0,
RHD1155,-1.0,0.0,0.0,0.0,1.0,23002.0,0.0,
KCL0099,-1.0,0.0,0.0,0.0,1.0,1507377.0,2.0,
NMP1003,-1.0,0.0,0.0,0.0,1.0,23153.0,0.0,
HJO0779,-1.0,0.0,0.0,0.0,1.0,262364.0,1.0,
Dale-Gregory,-1.0,0.0,0.0,0.0,1.0,31404.0,0.0,
BDP0096,-1.0,0.0,0.0,0.0,1.0,27200.0,0.0,
UEH0944,-1.0,0.0,0.0,0.0,1.0,68654.0,0.0,
CPW1,-1.0,0.0,0.0,0.0,1.0,28041.0,0.0,
JAC0457,-1.0,0.0,0.0,0.0,1.0,474009.0,1.0,
BHM1707,-1.0,0.0,0.0,0.0,1.0,28322.0,0.0,
MAW1397,-1.0,0.0,0.0,0.0,1.0,31645.0,0.0,
SDR0388,-1.0,0.0,0.0,0.0,1.0,31087.0,0.0,
JPM0035,-1.0,0.0,0.0,0.0,1.0,1508639.0,1.0,
RTB0140,-1.0,0.0,0.0,0.0,1.0,22061.0,0.0,
Ava_V_Goff,-1.0,0.0,0.0,0.0,1.0,2651852.0,2.0,
Anjolie_Houston,-1.0,0.0,0.0,0.0,2.0,30921.5,0.0,
Kermit.L.Mckay,-1.0,0.0,0.0,0.0,1.0,34385.0,0.0,
HMC1847,-1.0,0.0,0.0,0.0,1.0,43588.0,0.0,
LSC1951,-1.0,0.0,0.0,0.0,1.0,24346.0,0.0,
PMC1560,-1.0,0.0,0.0,0.0,1.0,30221.0,0.0,
NJP4676,-1.0,0.0,0.0,0.0,1.0,36863.0,0.0,
RMK1771,-1.0,0.0,0.0,0.0,1.0,34104.0,0.0,
MDR1497,-1.0,0.0,0.0,0.0,1.0,937537.0,1.0,
KVC1487,-1.0,0.0,0.0,0.0,1.0,16206.0,0.0,
AEG0962,-1.0,0.0,0.0,0.0,1.0,33464.0,0.0,
OAB0181,-1.0,0.0,0.0,0.0,1.0,20337.0,0.0,
Hurst-Driscoll,-1.0,0.0,0.0,0.0,1.0,18795.0,0.0,
Owen.D.Barber,-1.0,0.0,0.0,0.0,1.0,36549.0,0.0,
KAW0642,-1.0,0.0,0.0,0.0,1.0,29315.0,0.0,
DAL0795,-1.0,0.0,0.0,0.0,1.0,53785.0,0.0,
Mason.D.Rhodes,-1.0,0.0,0.0,0.0,1.0,28466.0,0.0,
IFD1761,-1.0,0.0,0.0,0.0,1.0,31079.0,0.0,
HLH0682,-1.0,0.0,0.0,0.0,1.0,46911.0,0.0,
MQS0196,-1.0,0.0,0.0,0.0,1.0,44125.0,0.0,
Odette_Elliott,-1.0,0.0,0.0,0.0,1.0,1039136.0,2.0,
DMD1197,-1.0,0.0,0.0,0.0,1.0,28348.0,0.0,
HOS9198,-1.0,0.0,0.0,0.0,1.0,31088.0,0.0,
Lacota.H.Livingston,-1.0,0.0,0.0,0.0,1.0,21157.0,0.0,
ZXR1452,-1.0,0.0,0.0,0.0,1.0,50694.0,0.0,
FRM1,-1.0,0.0,0.0,0.0,1.0,24066.0,0.0,
Zephr_Petersen,-1.0,0.0,0.0,0.0,1.0,34754.0,0.0,
Salinas-Garrett,-1.0,0.0,0.0,0.0,1.0,30187.0,0.0,
XKR0168,-1.0,0.0,0.0,0.0,1.0,42146.0,0.0,
KCH1437,-1.0,0.0,0.0,0.0,1.0,33735.0,0.0,
NHA0054,-1.0,0.0,0.0,0.0,1.0,19063.0,0.0,
LSO55,-1.0,0.0,0.0,0.0,1.0,715865.0,1.0,
KRC0098,-1.0,0.0,0.0,0.0,1.0,33347.0,0.0,
Eaton-James,-1.0,0.0,0.0,0.0,1.0,31729.0,0.0,
Macy_Patterson,-1.0,0.0,0.0,0.0,1.0,31299.0,0.0,
BYS0199,-1.0,0.0,0.0,0.0,1.0,29130.0,0.0,
OHS0036,-1.0,0.0,0.0,0.0,1.0,1864688.0,2.0,
Grace_Skinner,-1.0,0.0,0.0,0.0,1.0,2049232.0,2.0,
TDF6648,-1.0,0.0,0.0,0.0,1.0,9994887.0,8.0,
JQS1350,-1.0,0.0,0.0,0.0,1.0,14941.0,0.0,
Neve_Harmon,-1.0,0.0,0.0,0.0,1.0,13118.0,0.0,
WOS1834,-1.0,0.0,0.0,0.0,1.0,31516.0,0.0,
UMB0108,-1.0,0.0,0.0,0.0,1.0,2297019.0,3.0,
Penelope_I_Erickson,-1.0,0.0,0.0,0.0,1.0,25333.0,0.0,
Velez-Edward,-1.0,0.0,0.0,0.0,1.0,29053.0,0.0,
PDH4,-1.0,0.0,0.0,0.0,1.0,2832938.0,3.0,
Harvey-Knox,-1.0,0.0,0.0,0.0,1.0,29238.0,0.0,
HBP0009,-1.0,0.0,0.0,0.0,1.0,814017.0,2.0,
KEO0202,-1.0,0.0,0.0,0.0,1.0,33757.0,0.0,
RHG0882,-1.0,0.0,0.0,0.0,1.0,28909.0,0.0,
Tobias.K.Howe,-1.0,0.0,0.0,0.0,1.0,30527.0,0.0,
TAB3,-1.0,0.0,0.0,0.0,1.0,29773.0,0.0,
LKM19,-1.0,0.0,0.0,0.0,1.0,39813.0,0.0,
Kerr-Daniel,-1.0,0.0,0.0,0.0,1.0,1260427.0,1.0,
Hayden-Nash,-1.0,0.0,0.0,0.0,1.0,367439.0,1.0,
Donna_Black,-1.0,0.0,0.0,0.0,1.0,40555.0,0.0,
LSH0464,-1.0,0.0,0.0,0.0,1.0,17434.0,0.0,
BSW1959,-1.0,0.0,0.0,0.0,1.0,20257.0,0.0,
Penelope_Castro,-1.0,0.0,0.0,0.0,1.0,16022.0,0.0,
Celeste_Peters,-1.0,0.0,0.0,0.0,1.0,44982.0,0.0,
QKB1893,-1.0,0.0,0.0,0.0,1.0,22634.0,0.0,
TCH679,-1.0,0.0,0.0,0.0,1.0,24604.0,0.0,
JRE1402,-1.0,0.0,0.0,0.0,1.0,29108.0,0.0,
KHS1850,-1.0,0.0,0.0,0.0,1.0,40619.0,0.0,
Hedda.S.Taylor,-1.0,0.0,0.0,0.0,1.0,12982.0,0.0,
JPB0450,-1.0,0.0,0.0,0.0,1.0,4432692.0,4.0,
Simpson_Hamilton,-1.0,0.0,0.0,0.0,1.0,19204.0,0.0,
DLH0679,-1.0,0.0,0.0,0.0,1.0,1773701.0,2.0,
RWR0991,-1.0,0.0,0.0,0.0,1.0,41574.0,1.0,
ATD1067,-1.0,0.0,0.0,0.0,1.0,37061.0,0.0,
EMR0269,-1.0,0.0,0.0,0.0,1.0,30583.0,0.0,
LCS1760,-1.0,0.0,0.0,0.0,1.0,27446.0,0.0,
NMP0782,-1.0,0.0,0.0,0.0,1.0,868781.0,2.0,
Dahlia_Burns,-1.0,0.0,0.0,0.0,1.0,650830.0,1.0,
DAR23,-1.0,0.0,0.0,0.0,1.0,34077.0,0.0,
Rowan_Carrillo,-1.0,0.0,0.0,0.0,1.0,30882.0,0.0,
KNM0100,-1.0,0.0,0.0,0.0,1.0,43691.0,0.0,
CBM1272,-1.0,0.0,0.0,0.0,1.0,17056.0,0.0,
