Yolanda_Hobbs,0.146341463415,47.0,275100.361702,0.191489361702,35.0,140869.2,0.0857142857143,
Karina.M.Collins,-0.522727272727,21.0,212834.571429,0.190476190476,67.0,362262.223881,0.358208955224,
Bree_C_Woods,1.0,12.0,297398.75,0.25,0.0,0.0,0.0,
Russell-Jonah,-0.478260869565,18.0,238314.777778,0.222222222222,51.0,242931.588235,0.254901960784,
Cook-Dennis,0.0212765957447,24.0,465061.666667,0.541666666667,23.0,239758.130435,0.130434782609,
Stephanie_Conley,1.0,1.0,32766.0,0.0,0.0,0.0,0.0,
HAL1933,0.222222222222,66.0,183066.742424,0.181818181818,42.0,937595.285714,1.09523809524,
Tara_D_Riggs,-0.346153846154,17.0,409348.294118,0.411764705882,35.0,192323.028571,0.171428571429,
Risa.E.French,-0.130434782609,20.0,34057.85,0.0,26.0,870429.307692,0.923076923077,
MNM86,-0.315789473684,26.0,128232.846154,0.0769230769231,50.0,187751.24,0.2,
YBH1926,0.111111111111,50.0,94493.78,0.06,40.0,265985.15,0.325,
Madaline_Tillman,-0.322033898305,20.0,271710.25,0.3,39.0,328427.0,0.384615384615,
GXM1952,0.0852713178295,70.0,196719.557143,0.185714285714,59.0,270443.762712,0.271186440678,
CLZ12,-0.44,21.0,130169.285714,0.0952380952381,54.0,1006954.96296,1.05555555556,
QKB546,1.0,1.0,29809.0,0.0,0.0,0.0,0.0,
NBR8,1.0,20.0,55414.85,0.1,0.0,0.0,0.0,
YBD1929,-0.00763358778626,65.0,240887.6,0.215384615385,66.0,30196.4393939,0.0,
Morgan_Dixon,-0.161290322581,26.0,47934.3846154,0.0384615384615,36.0,488450.305556,0.638888888889,
JDJ1949,-0.122807017544,50.0,40840.48,0.02,64.0,112208.828125,0.125,
EFC899,1.0,26.0,145540.076923,0.115384615385,0.0,0.0,0.0,
Preston_M_Burns,-0.333333333333,26.0,119697.653846,0.115384615385,52.0,558157.076923,0.5,
Daniels-Yasir,-0.36,24.0,235993.458333,0.166666666667,51.0,33763.5098039,0.0,
Harding.A.Lester,-0.588235294118,14.0,279653.571429,0.285714285714,54.0,452058.62963,0.481481481481,
Rosalyn_Witt,-0.272727272727,20.0,140309.05,0.15,35.0,58044.3142857,0.0571428571429,
LAF786,-0.492537313433,17.0,29332.1764706,0.0,50.0,27596.1,0.0,
Lael.S.Conner,-0.390243902439,25.0,31206.68,0.0,57.0,577935.842105,0.59649122807,
KOL1923,-0.0434782608696,66.0,184387.681818,0.151515151515,72.0,735970.472222,0.763888888889,
MNM1948,0.0894308943089,67.0,165492.253731,0.194029850746,56.0,85888.9642857,0.0714285714286,
MGS1944,-0.030303030303,80.0,270228.2125,0.2625,85.0,29649.9764706,0.0,
YKW1943,0.177419354839,73.0,267422.39726,0.246575342466,51.0,261225.960784,0.333333333333,
DXF1662,1.0,1.0,30419.0,0.0,0.0,0.0,0.0,
RCW1932,0.0483870967742,65.0,271274.769231,0.338461538462,59.0,76432.1186441,0.0508474576271,
REF1924,-0.116883116883,34.0,194956.647059,0.176470588235,43.0,788701.046512,0.906976744186,
RKW1936,0.0810810810811,20.0,141758.05,0.1,17.0,34955.0588235,0.0,
Barker-Tiger,1.0,1.0,53134.0,0.0,0.0,0.0,0.0,
Yen_Woodward,-0.125,21.0,329432.857143,0.285714285714,27.0,478450.259259,0.444444444444,
CLN0061,1.0,1.0,32849.0,0.0,0.0,0.0,0.0,
Bree_Woods,1.0,18.0,27841.2222222,0.0,0.0,0.0,0.0,
HPC1941,0.0333333333333,62.0,149542.758065,0.145161290323,58.0,397032.137931,0.379310344828,
Rhona_M_Kennedy,0.52,19.0,292149.473684,0.315789473684,6.0,539918.0,0.666666666667,
QAP45,1.0,1.0,35603.0,0.0,0.0,0.0,0.0,
JDJ727,-0.111111111111,20.0,336927.35,0.3,25.0,536365.04,0.56,
TLW1050,1.0,1.0,31256.0,0.0,0.0,0.0,0.0,
BHG834,0.0566037735849,28.0,76748.2857143,0.0714285714286,25.0,235489.28,0.24,
Hedy_Estrada,-0.333333333333,28.0,635689.892857,0.607142857143,56.0,450025.535714,0.428571428571,
Singleton_Robert,1.0,13.0,99926.0,0.153846153846,0.0,0.0,0.0,
MGS7353,-0.106382978723,21.0,205944.619048,0.142857142857,26.0,29334.4615385,0.0,
BHG1947,-0.2375,61.0,129814.819672,0.131147540984,99.0,233549.868687,0.191919191919,
Weaver_Remedios,0.3125,21.0,29886.0,0.0,11.0,31061.3636364,0.0,
NBB5215,-0.027027027027,18.0,76188.0555556,0.111111111111,19.0,29170.5263158,0.0,
Nicole-Leon,1.0,1.0,33585.0,0.0,0.0,0.0,0.0,
BBH1945,-0.031746031746,61.0,375153.360656,0.295081967213,65.0,157196.738462,0.138461538462,
NBB1935,-0.228346456693,49.0,181094.265306,0.142857142857,78.0,29983.8461538,0.0,
RMK1771,0.75,63.0,239549.698413,0.238095238095,9.0,1477906.0,1.33333333333,
TDR1930,0.00709219858156,71.0,141971.816901,0.12676056338,70.0,362512.257143,0.357142857143,
JBR1940,0.148936170213,81.0,281060.296296,0.308641975309,60.0,183523.416667,0.166666666667,
AGW1389,1.0,1.0,204981.0,1.0,0.0,0.0,0.0,
DIB1946,0.0,72.0,351947.833333,0.291666666667,72.0,477905.263889,0.541666666667,
KMC1934,-0.027027027027,72.0,162966.5,0.125,76.0,458535.407895,0.394736842105,
Singleton-Robert,1.0,23.0,218999.434783,0.217391304348,0.0,0.0,0.0,
MOD1927,-0.078125,59.0,285937.084746,0.237288135593,69.0,349106.333333,0.463768115942,
DEC1939,0.0940170940171,64.0,143982.671875,0.171875,53.0,104820.396226,0.132075471698,
Destiny_I_Berg,-0.103448275862,26.0,208511.0,0.192307692308,32.0,452424.5,0.6875,
Burke_Hendrix,-0.223880597015,26.0,369742.269231,0.307692307692,41.0,274826.341463,0.268292682927,
HRE1950,-0.154362416107,63.0,119862.634921,0.0952380952381,86.0,704229.232558,0.790697674419,
Finley-Sloane,-0.0196078431373,25.0,94742.04,0.08,26.0,435998.961538,0.423076923077,
HPC55,-0.313432835821,23.0,92072.7826087,0.0434782608696,44.0,976210.795455,1.0,
Tana_P_Orr,1.0,1.0,27981.0,0.0,0.0,0.0,0.0,
Lewis-Kirk,0.15,23.0,125674.521739,0.0869565217391,17.0,1137828.41176,1.17647058824,
GXM19,-0.322033898305,20.0,30521.3,0.0,39.0,163067.153846,0.205128205128,
PMB1928,-0.245033112583,57.0,80866.9649123,0.0526315789474,94.0,386007.223404,0.404255319149,
LSC1951,0.145631067961,59.0,157007.237288,0.0677966101695,44.0,457629.386364,0.454545454545,
KSL0808,1.0,1.0,19830.0,0.0,0.0,0.0,0.0,
MBG1455,1.0,1.0,37037.0,0.0,0.0,0.0,0.0,
DOH1483,1.0,1.0,20017.0,0.0,0.0,0.0,0.0,
MKT1931,0.0204081632653,75.0,167401.093333,0.146666666667,72.0,523969.027778,0.555555555556,
CLZ1937,0.0852713178295,70.0,174226.485714,0.214285714286,59.0,676129.237288,0.745762711864,
AKR0756,1.0,1.0,29837.0,0.0,0.0,0.0,0.0,
LKP1714,1.0,1.0,78328.0,0.0,0.0,0.0,0.0,
ZCB0983,1.0,1.0,47024.0,0.0,0.0,0.0,0.0,
EFC61,1.0,15.0,502779.333333,0.6,0.0,0.0,0.0,
NMF842,0.0,1.0,25203.0,0.0,1.0,32611.0,0.0,
CCW5426,1.0,1.0,45510.0,0.0,0.0,0.0,0.0,
AHD0590,1.0,1.0,16929.0,0.0,0.0,0.0,0.0,
Willa_Bullock,1.0,1.0,33878.0,0.0,0.0,0.0,0.0,
LAF1938,0.0265486725664,58.0,126006.5,0.120689655172,55.0,31156.8909091,0.0,
AZW1420,1.0,1.0,19625.0,0.0,0.0,0.0,0.0,
CCP1491,0.0,1.0,34596.0,0.0,1.0,29570.0,0.0,
DLW5425,1.0,1.0,31746.0,0.0,0.0,0.0,0.0,
NKN1405,1.0,1.0,37689.0,0.0,0.0,0.0,0.0,
Nichole.N.Ochoa,1.0,1.0,46208.0,0.0,0.0,0.0,0.0,
CAD0354,1.0,1.0,31314.0,0.0,0.0,0.0,0.0,
AUH0138,1.0,1.0,17773.0,0.0,0.0,0.0,0.0,
Dixon-Alexa,1.0,1.0,27287.0,0.0,0.0,0.0,0.0,
IHC0561,1.0,1.0,22808.0,0.0,0.0,0.0,0.0,
AEO1116,1.0,2.0,31296.0,0.0,0.0,0.0,0.0,
QGC0435,1.0,1.0,16742.0,0.0,0.0,0.0,0.0,
TOL1914,1.0,1.0,23324.0,0.0,0.0,0.0,0.0,
RJC0381,1.0,1.0,44220.0,0.0,0.0,0.0,0.0,
Robin_Bright,1.0,1.0,18223.0,0.0,0.0,0.0,0.0,
SAF1942,-0.16,21.0,574661.619048,0.428571428571,29.0,799814.137931,0.793103448276,
UKG31,1.0,1.0,20015.0,0.0,0.0,0.0,0.0,
Jane-Buchanan,1.0,1.0,36230.0,0.0,0.0,0.0,0.0,
UMB0322,1.0,1.0,17717.0,0.0,0.0,0.0,0.0,
DJW0357,1.0,1.0,15888.0,0.0,0.0,0.0,0.0,
RSB1054,1.0,1.0,42468.0,0.0,0.0,0.0,0.0,
FEV1955,1.0,1.0,44391.0,0.0,0.0,0.0,0.0,
AJH0191,1.0,1.0,17658.0,0.0,0.0,0.0,0.0,
DCF1479,1.0,1.0,30633.0,0.0,0.0,0.0,0.0,
Xena_Fitzpatrick,1.0,1.0,1198274.0,2.0,0.0,0.0,0.0,
IGG1571,1.0,2.0,30095.0,0.0,0.0,0.0,0.0,
Carla_Ewing,1.0,1.0,23173.0,0.0,0.0,0.0,0.0,
Jaquelyn-Leach,1.0,1.0,32933.0,0.0,0.0,0.0,0.0,
PBS0120,1.0,1.0,35857.0,0.0,0.0,0.0,0.0,
BTD1059,1.0,1.0,16731.0,0.0,0.0,0.0,0.0,
Nasim.B.Rojas,1.0,21.0,45396.4761905,0.0952380952381,0.0,0.0,0.0,
CTB0923,1.0,1.0,41723.0,0.0,0.0,0.0,0.0,
JYC0959,1.0,1.0,33960.0,0.0,0.0,0.0,0.0,
DZO0999,1.0,1.0,37996.0,0.0,0.0,0.0,0.0,
CRR1966,1.0,1.0,37220.0,0.0,0.0,0.0,0.0,
MBW1149,1.0,1.0,37009.0,0.0,0.0,0.0,0.0,
NAH1366,1.0,1.0,27237.0,0.0,0.0,0.0,0.0,
EBW0553,1.0,1.0,12149.0,0.0,0.0,0.0,0.0,
PRD0922,1.0,1.0,49810.0,0.0,0.0,0.0,0.0,
HYA0368,0.0,1.0,20131.0,0.0,1.0,23749.0,0.0,
MMM0082,1.0,1.0,46629.0,0.0,0.0,0.0,0.0,
HBF0022,1.0,1.0,3009467.0,4.0,0.0,0.0,0.0,
Ashley-Matthew,1.0,1.0,39276.0,0.0,0.0,0.0,0.0,
Colleen.Collier,1.0,1.0,17652.0,0.0,0.0,0.0,0.0,
IDC1744,1.0,1.0,52285.0,0.0,0.0,0.0,0.0,
LJM0215,1.0,1.0,26686.0,0.0,0.0,0.0,0.0,
ENM1861,1.0,1.0,31590.0,0.0,0.0,0.0,0.0,
SLC1865,1.0,1.0,21529.0,0.0,0.0,0.0,0.0,
Lawrence.Deacon,1.0,1.0,28463.0,0.0,0.0,0.0,0.0,
Morse-Keith,1.0,1.0,38218.0,0.0,0.0,0.0,0.0,
HJA1954,1.0,1.0,28934.0,0.0,0.0,0.0,0.0,
OKH0453,1.0,1.0,30763.0,0.0,0.0,0.0,0.0,
Alfreda_Hurley,1.0,1.0,42188.0,0.0,0.0,0.0,0.0,
Logan-Louis,1.0,1.0,29364.0,0.0,0.0,0.0,0.0,
VCM0992,1.0,1.0,27777.0,0.0,0.0,0.0,0.0,
LPL0420,1.0,1.0,16738.0,0.0,0.0,0.0,0.0,
RRS0056,1.0,1.0,28803.0,0.0,0.0,0.0,0.0,
WWW0701,1.0,1.0,34718.0,0.0,0.0,0.0,0.0,
MCH0620,1.0,1.0,28616.0,0.0,0.0,0.0,0.0,
JIB1258,1.0,2.0,235658.5,0.5,0.0,0.0,0.0,
KAG0566,1.0,1.0,34865.0,0.0,0.0,0.0,0.0,
ATS1073,1.0,1.0,36259.0,0.0,0.0,0.0,0.0,
IDC1775,1.0,1.0,42565.0,0.0,0.0,0.0,0.0,
QKB0562,0.0,1.0,808242.0,2.0,1.0,42748.0,0.0,
CHN0282,1.0,1.0,19998.0,0.0,0.0,0.0,0.0,
Jemima.A.Holloway,1.0,1.0,24611.0,0.0,0.0,0.0,0.0,
DLM1699,1.0,1.0,28320.0,0.0,0.0,0.0,0.0,
DVV1986,1.0,1.0,24433.0,0.0,0.0,0.0,0.0,
JMP0275,1.0,1.0,23791.0,0.0,0.0,0.0,0.0,
HRE0297,1.0,1.0,18641.0,0.0,0.0,0.0,0.0,
KHT0739,1.0,1.0,22937.0,0.0,0.0,0.0,0.0,
AMB0745,1.0,1.0,28405.0,0.0,0.0,0.0,0.0,
WDP1689,1.0,1.0,43826.0,0.0,0.0,0.0,0.0,
OAJ0244,1.0,1.0,28831.0,0.0,0.0,0.0,0.0,
CHW1210,1.0,1.0,37874.0,0.0,0.0,0.0,0.0,
Schwartz-Gavin,1.0,1.0,46951.0,0.0,0.0,0.0,0.0,
ETW0002,1.0,1.0,20265.0,0.0,0.0,0.0,0.0,
DMP0344,1.0,2.0,27595.0,0.0,0.0,0.0,0.0,
NBH0488,1.0,1.0,23295.0,0.0,0.0,0.0,0.0,
JKC1522,1.0,1.0,31729.0,0.0,0.0,0.0,0.0,
LFB0452,1.0,1.0,17275.0,0.0,0.0,0.0,0.0,
CHM1312,1.0,1.0,34086.0,0.0,0.0,0.0,0.0,
HWR1573,1.0,2.0,22618.0,0.0,0.0,0.0,0.0,
AAB1762,1.0,1.0,27372.0,0.0,0.0,0.0,0.0,
GIB0314,1.0,1.0,466045.0,1.0,0.0,0.0,0.0,
AWC1213,1.0,1.0,35581.0,0.0,0.0,0.0,0.0,
KLR0112,1.0,1.0,31057.0,0.0,0.0,0.0,0.0,
Weaver-Remedios,1.0,49.0,214170.061224,0.244897959184,0.0,0.0,0.0,
RHG0882,1.0,1.0,128488.0,1.0,0.0,0.0,0.0,
YCC0119,1.0,1.0,23260.0,0.0,0.0,0.0,0.0,
ACC1855,1.0,1.0,23999.0,0.0,0.0,0.0,0.0,
Moses-Xerxes,1.0,1.0,27744.0,0.0,0.0,0.0,0.0,
CRW0627,1.0,1.0,23783.0,0.0,0.0,0.0,0.0,
Nichole_Mccarty,1.0,1.0,36424.0,0.0,0.0,0.0,0.0,
Lynn_Fischer,1.0,1.0,27084.0,0.0,0.0,0.0,0.0,
ASR443,1.0,1.0,30300.0,0.0,0.0,0.0,0.0,
HVL8651,1.0,1.0,1803856.0,1.0,0.0,0.0,0.0,
FZG0389,1.0,1.0,28364.0,0.0,0.0,0.0,0.0,
SIS0042,1.0,1.0,3932472.0,4.0,0.0,0.0,0.0,
ZHB1104,1.0,1.0,30333.0,0.0,0.0,0.0,0.0,
KFS1029,1.0,1.0,25645.0,0.0,0.0,0.0,0.0,
FAM0211,1.0,1.0,27567.0,0.0,0.0,0.0,0.0,
IBS1682,1.0,1.0,1313240.0,1.0,0.0,0.0,0.0,
XDM0723,1.0,1.0,23162.0,0.0,0.0,0.0,0.0,
WCR1830,1.0,1.0,37412.0,0.0,0.0,0.0,0.0,
Frye-Colette,1.0,1.0,28780.0,0.0,0.0,0.0,0.0,
CKE13,1.0,1.0,27119.0,0.0,0.0,0.0,0.0,
Aphrodite.A.Collins,1.0,1.0,23317.0,0.0,0.0,0.0,0.0,
Adele_Conner,1.0,1.0,28739.0,0.0,0.0,0.0,0.0,
TDK0753,1.0,1.0,44082.0,0.0,0.0,0.0,0.0,
HCE1200,1.0,1.0,17232.0,0.0,0.0,0.0,0.0,
TNB1616,1.0,1.0,29055.0,0.0,0.0,0.0,0.0,
CZY0110,1.0,1.0,23087.0,0.0,0.0,0.0,0.0,
SLS1969,1.0,1.0,43421.0,0.0,0.0,0.0,0.0,
SMW1764,1.0,1.0,35434.0,0.0,0.0,0.0,0.0,
HMS1658,1.0,1.0,36736.0,0.0,0.0,0.0,0.0,
QJS1362,1.0,1.0,41261.0,0.0,0.0,0.0,0.0,
DAC1641,1.0,1.0,25876.0,0.0,0.0,0.0,0.0,
KST1643,1.0,2.0,37183.5,0.0,0.0,0.0,0.0,
PKS0278,1.0,1.0,63416.0,0.0,0.0,0.0,0.0,
BMG1070,1.0,1.0,38117.0,0.0,0.0,0.0,0.0,
CJE1192,1.0,1.0,23993.0,0.0,0.0,0.0,0.0,
ALW0764,1.0,1.0,28258.0,0.0,0.0,0.0,0.0,
ALN0182,1.0,1.0,19383.0,0.0,0.0,0.0,0.0,
AOC1283,1.0,1.0,24733.0,0.0,0.0,0.0,0.0,
AKK5,1.0,1.0,17153.0,0.0,0.0,0.0,0.0,
GTC0081,1.0,1.0,27377.0,0.0,0.0,0.0,0.0,
JAL0811,1.0,1.0,39086.0,0.0,0.0,0.0,0.0,
LJP1584,1.0,1.0,22856.0,0.0,0.0,0.0,0.0,
Roary_A_Harmon,1.0,1.0,44671.0,0.0,0.0,0.0,0.0,
AJR1103,1.0,1.0,22736.0,0.0,0.0,0.0,0.0,
CIF1430,1.0,1.0,3204859.0,4.0,0.0,0.0,0.0,
Sloane-Finley,1.0,32.0,197594.1875,0.125,0.0,0.0,0.0,
WBB0339,1.0,1.0,40024.0,0.0,0.0,0.0,0.0,
NKF1871,1.0,1.0,18868.0,0.0,0.0,0.0,0.0,
India_Greene,1.0,1.0,30302.0,0.0,0.0,0.0,0.0,
Autumn-Wells,1.0,1.0,15968.0,0.0,0.0,0.0,0.0,
BOS561,1.0,1.0,23600.0,0.0,0.0,0.0,0.0,
EGG1466,1.0,1.0,21179.0,0.0,0.0,0.0,0.0,
Phelan.R.Donaldson,1.0,1.0,20546.0,0.0,0.0,0.0,0.0,
JLF1315,1.0,1.0,18815.0,0.0,0.0,0.0,0.0,
KJG1121,0.0,1.0,63977.0,0.0,1.0,25475.0,0.0,
KFH0943,1.0,1.0,27090.0,0.0,0.0,0.0,0.0,
INC0091,1.0,1.0,38420.0,0.0,0.0,0.0,0.0,
BJG0492,1.0,1.0,29707.0,0.0,0.0,0.0,0.0,
NJV1818,1.0,1.0,26080.0,0.0,0.0,0.0,0.0,
JAC1524,1.0,1.0,22773.0,0.0,0.0,0.0,0.0,
MMB1967,1.0,1.0,31931.0,0.0,0.0,0.0,0.0,
Hall.L.Gay,1.0,1.0,34313.0,0.0,0.0,0.0,0.0,
YIN0342,0.0,1.0,15985.0,0.0,1.0,28470.0,0.0,
ISD1866,1.0,1.0,27570.0,0.0,0.0,0.0,0.0,
KAM0169,1.0,1.0,23776.0,0.0,0.0,0.0,0.0,
ODB0034,1.0,1.0,42895.0,0.0,0.0,0.0,0.0,
TAW0689,1.0,1.0,24329.0,0.0,0.0,0.0,0.0,
GCS1686,1.0,1.0,22691.0,0.0,0.0,0.0,0.0,
Gretchen_Vincent,1.0,1.0,22584.0,0.0,0.0,0.0,0.0,
JPW0533,1.0,1.0,33170.0,0.0,0.0,0.0,0.0,
Violet_P_Porter,1.0,1.0,21441.0,0.0,0.0,0.0,0.0,
JJP0798,0.0,1.0,22891.0,0.0,1.0,42067.0,0.0,
SZN1421,1.0,1.0,29032.0,0.0,0.0,0.0,0.0,
SNC1721,1.0,1.0,28240.0,0.0,0.0,0.0,0.0,
ASH0458,1.0,1.0,21629.0,0.0,0.0,0.0,0.0,
BYV1695,1.0,2.0,30228.5,0.0,0.0,0.0,0.0,
ABL1229,0.0,1.0,335816.0,1.0,1.0,31903.0,0.0,
ERV51,1.0,1.0,159857.0,1.0,0.0,0.0,0.0,
CCB1836,0.0,1.0,27369.0,0.0,1.0,38577.0,0.0,
PAA0121,1.0,1.0,39281.0,0.0,0.0,0.0,0.0,
Small_Christopher,0.0,1.0,49174.0,0.0,1.0,34632.0,0.0,
HDH1384,1.0,1.0,3348810.0,5.0,0.0,0.0,0.0,
OFS0030,1.0,1.0,19930.0,0.0,0.0,0.0,0.0,
YSH1997,1.0,1.0,24685.0,0.0,0.0,0.0,0.0,
AFC0792,1.0,1.0,29936.0,0.0,0.0,0.0,0.0,
LCW7686,1.0,1.0,27901.0,0.0,0.0,0.0,0.0,
Howard-J-Fuentes,1.0,1.0,35665.0,0.0,0.0,0.0,0.0,
WRH0526,1.0,1.0,36858.0,0.0,0.0,0.0,0.0,
BDF0015,1.0,1.0,24113.0,0.0,0.0,0.0,0.0,
JDR0927,1.0,1.0,23350.0,0.0,0.0,0.0,0.0,
NAH527,1.0,1.0,16805.0,0.0,0.0,0.0,0.0,
Kimberley_Molina,1.0,1.0,25918.0,0.0,0.0,0.0,0.0,
DKG0161,1.0,1.0,24000.0,0.0,0.0,0.0,0.0,
BRM1080,-0.333333333333,1.0,38966.0,0.0,2.0,4243965.5,4.5,
Risa_French,1.0,29.0,283030.931034,0.344827586207,0.0,0.0,0.0,
Eaton-Jordan,1.0,1.0,32807.0,0.0,0.0,0.0,0.0,
KZB258,1.0,1.0,23701.0,0.0,0.0,0.0,0.0,
Quentin_Boyle,1.0,1.0,1128376.0,1.0,0.0,0.0,0.0,
TCL0855,1.0,1.0,30133.0,0.0,0.0,0.0,0.0,
Iliana.G.Nelson,0.0,1.0,31681.0,0.0,1.0,32630.0,0.0,
Dickerson-Keegan,1.0,1.0,29108.0,0.0,0.0,0.0,0.0,
Freya_Joyner,1.0,1.0,35996.0,0.0,0.0,0.0,0.0,
JJA1164,1.0,1.0,26025.0,0.0,0.0,0.0,0.0,
XAM0376,1.0,1.0,24641.0,0.0,0.0,0.0,0.0,
BGK0345,1.0,2.0,24987.5,0.0,0.0,0.0,0.0,
Ramsey_Blair,1.0,1.0,30352.0,0.0,0.0,0.0,0.0,
Quincy_S_Munoz,1.0,1.0,34328.0,0.0,0.0,0.0,0.0,
Abra.W.Warren,1.0,1.0,28197.0,0.0,0.0,0.0,0.0,
OBN1958,1.0,1.0,24056.0,0.0,0.0,0.0,0.0,
Julie.M.Wright,1.0,1.0,17984.0,0.0,0.0,0.0,0.0,
CIM735,1.0,1.0,29395.0,0.0,0.0,0.0,0.0,
Anjolie_Houston,1.0,1.0,26719.0,0.0,0.0,0.0,0.0,
JQS1350,1.0,1.0,2688013.0,2.0,0.0,0.0,0.0,
COG0940,1.0,1.0,37195.0,0.0,0.0,0.0,0.0,
MLM1614,1.0,1.0,46474.0,0.0,0.0,0.0,0.0,
TBA0283,0.0,1.0,20953.0,0.0,1.0,49429.0,0.0,
GAT1343,1.0,1.0,37676.0,0.0,0.0,0.0,0.0,
NFH0677,1.0,1.0,14009.0,0.0,0.0,0.0,0.0,
UGB0031,1.0,1.0,38539.0,0.0,0.0,0.0,0.0,
HBF1179,1.0,1.0,1756348.0,3.0,0.0,0.0,0.0,
PMC1560,1.0,1.0,26700.0,0.0,0.0,0.0,0.0,
Madonna.M.Buckner,1.0,1.0,34204.0,0.0,0.0,0.0,0.0,
JIP1503,1.0,1.0,31994.0,0.0,0.0,0.0,0.0,
Indigo.Mcbride,1.0,1.0,25270.0,0.0,0.0,0.0,0.0,
Penelope_I_Erickson,1.0,1.0,23535.0,0.0,0.0,0.0,0.0,
CAF0109,1.0,1.0,23607.0,0.0,0.0,0.0,0.0,
Jana_Klein,1.0,1.0,19575.0,0.0,0.0,0.0,0.0,
MJW1758,1.0,1.0,5024879.0,6.0,0.0,0.0,0.0,
MAM0557,1.0,1.0,14397.0,0.0,0.0,0.0,0.0,
GFS0555,1.0,1.0,29171.0,0.0,0.0,0.0,0.0,
CCP977,1.0,1.0,35259.0,0.0,0.0,0.0,0.0,
DEB0727,1.0,1.0,49891.0,0.0,0.0,0.0,0.0,
Germane_Velez,1.0,1.0,24914.0,0.0,0.0,0.0,0.0,
ADC1014,1.0,1.0,42128.0,0.0,0.0,0.0,0.0,
JKB0924,1.0,1.0,974272.0,1.0,0.0,0.0,0.0,
BOS1170,1.0,1.0,40270.0,0.0,0.0,0.0,0.0,
UIS1637,1.0,1.0,22271.0,0.0,0.0,0.0,0.0,
CAM415,1.0,1.0,28545.0,0.0,0.0,0.0,0.0,
DLM0334,1.0,1.0,37393.0,0.0,0.0,0.0,0.0,
CLF1981,1.0,1.0,33629.0,0.0,0.0,0.0,0.0,
JDJ79,1.0,10.0,1038675.5,1.0,0.0,0.0,0.0,
PTH0005,1.0,1.0,26497.0,0.0,0.0,0.0,0.0,
NHH1099,1.0,1.0,40538.0,0.0,0.0,0.0,0.0,
LSO1783,1.0,1.0,23594.0,0.0,0.0,0.0,0.0,
Risa_Peterson,1.0,1.0,36602.0,0.0,0.0,0.0,0.0,
Thor_Snyder,1.0,1.0,28854.0,0.0,0.0,0.0,0.0,
KJA0347,1.0,1.0,4476862.0,4.0,0.0,0.0,0.0,
JVC1704,1.0,1.0,40249.0,0.0,0.0,0.0,0.0,
JGB1393,1.0,1.0,47038.0,0.0,0.0,0.0,0.0,
ACH1831,1.0,1.0,39121.0,0.0,0.0,0.0,0.0,
KLW1789,1.0,1.0,33041.0,0.0,0.0,0.0,0.0,
Meghan_Colon,1.0,1.0,24549.0,0.0,0.0,0.0,0.0,
TAL1665,1.0,1.0,20074.0,0.0,0.0,0.0,0.0,
Pacheco-Dexter,0.0,1.0,25474.0,0.0,1.0,45224.0,0.0,
Suarez-Oscar,1.0,1.0,52060.0,0.0,0.0,0.0,0.0,
JCM0580,1.0,1.0,27353.0,0.0,0.0,0.0,0.0,
CAV0656,1.0,1.0,46176.0,0.0,0.0,0.0,0.0,
MBK1726,1.0,1.0,29092.0,0.0,0.0,0.0,0.0,
LTH0528,1.0,1.0,22344.0,0.0,0.0,0.0,0.0,
IMC0133,1.0,1.0,218527.0,1.0,0.0,0.0,0.0,
MJR0711,0.0,1.0,21854.0,0.0,1.0,40486.0,0.0,
DSC1741,1.0,1.0,32319.0,0.0,0.0,0.0,0.0,
GNV1082,1.0,1.0,18438.0,0.0,0.0,0.0,0.0,
CCP0774,1.0,1.0,18213.0,0.0,0.0,0.0,0.0,
BDP0096,1.0,1.0,48666.0,0.0,0.0,0.0,0.0,
AAR1793,1.0,1.0,37049.0,0.0,0.0,0.0,0.0,
Wilkins-Deborah,1.0,1.0,22338.0,0.0,0.0,0.0,0.0,
ONG1642,1.0,1.0,17050.0,0.0,0.0,0.0,0.0,
HRG0957,1.0,1.0,1577176.0,1.0,0.0,0.0,0.0,
CWW1120,1.0,1.0,28887.0,0.0,0.0,0.0,0.0,
PJC0370,1.0,1.0,51518.0,0.0,0.0,0.0,0.0,
NRH0510,1.0,1.0,31491.0,0.0,0.0,0.0,0.0,
LRV1554,1.0,1.0,16070.0,0.0,0.0,0.0,0.0,
Shelton-Giacomo,1.0,1.0,25410.0,0.0,0.0,0.0,0.0,
YJB0829,1.0,1.0,22669.0,0.0,0.0,0.0,0.0,
KCG0044,1.0,2.0,21317.0,0.0,0.0,0.0,0.0,
Deborah-Rodriguez,1.0,1.0,3326930.0,4.0,0.0,0.0,0.0,
KKP0064,1.0,1.0,21392.0,0.0,0.0,0.0,0.0,
SHG1897,1.0,1.0,28089.0,0.0,0.0,0.0,0.0,
LCS1760,1.0,1.0,27590.0,0.0,0.0,0.0,0.0,
SKL0325,1.0,1.0,33299.0,0.0,0.0,0.0,0.0,
MTP1582,1.0,1.0,14184.0,0.0,0.0,0.0,0.0,
DEB2,1.0,1.0,20399.0,0.0,0.0,0.0,0.0,
Tanya.D.Harrington,1.0,1.0,30617.0,0.0,0.0,0.0,0.0,
NRH1383,1.0,1.0,27499.0,0.0,0.0,0.0,0.0,
Judith_L_Christensen,1.0,1.0,27945.0,0.0,0.0,0.0,0.0,
TCH0264,1.0,1.0,34887.0,0.0,0.0,0.0,0.0,
NJP0665,1.0,1.0,21827.0,0.0,0.0,0.0,0.0,
DPC367,1.0,1.0,23713.0,0.0,0.0,0.0,0.0,
WDS1286,1.0,1.0,28455.0,0.0,0.0,0.0,0.0,
WMS1274,1.0,1.0,25865.0,0.0,0.0,0.0,0.0,
IBR0131,1.0,1.0,20109.0,0.0,0.0,0.0,0.0,
CBC1257,1.0,1.0,35828.0,0.0,0.0,0.0,0.0,
Jennifer_B_Christian,1.0,1.0,26372.0,0.0,0.0,0.0,0.0,
Kristen_U_Burks,1.0,1.0,42566.0,0.0,0.0,0.0,0.0,
JAC0721,1.0,1.0,23887.0,0.0,0.0,0.0,0.0,
Cassandra_C_Macdonald,1.0,1.0,27319.0,0.0,0.0,0.0,0.0,
REM249,1.0,1.0,53579.0,0.0,0.0,0.0,0.0,
DLB0955,1.0,1.0,1226594.0,2.0,0.0,0.0,0.0,
PXS0749,1.0,1.0,734078.0,1.0,0.0,0.0,0.0,
MMM1655,1.0,1.0,19255.0,0.0,0.0,0.0,0.0,
MLH0942,1.0,1.0,34630.0,0.0,0.0,0.0,0.0,
EDC0697,1.0,1.0,24283.0,0.0,0.0,0.0,0.0,
SJA0635,0.0,1.0,34245.0,0.0,1.0,46527.0,0.0,
HRR0079,1.0,1.0,17682.0,0.0,0.0,0.0,0.0,
MAM1293,1.0,1.0,26526.0,0.0,0.0,0.0,0.0,
Whilemina.M.Chan,1.0,1.0,51782.0,0.0,0.0,0.0,0.0,
HBP9842,-1.0,0.0,0.0,0.0,1.0,207474.0,1.0,
Bree_Mcclure,-1.0,0.0,0.0,0.0,1.0,34705.0,0.0,
Garrison-Hollee,-1.0,0.0,0.0,0.0,1.0,1462461.0,1.0,
AAW0969,-1.0,0.0,0.0,0.0,1.0,2651618.0,4.0,
MCT0695,-1.0,0.0,0.0,0.0,1.0,23880.0,0.0,
TKH1718,-1.0,0.0,0.0,0.0,1.0,432105.0,1.0,
FAD1863,-1.0,0.0,0.0,0.0,1.0,426653.0,1.0,
Leslie_Lawson,-1.0,0.0,0.0,0.0,1.0,54074.0,0.0,
JBL2,-1.0,0.0,0.0,0.0,1.0,30925.0,0.0,
DCK1782,-1.0,0.0,0.0,0.0,2.0,27115.0,0.0,
Plato-Santiago,-1.0,0.0,0.0,0.0,2.0,540833.5,1.0,
Clare_Wilcox,-1.0,0.0,0.0,0.0,1.0,26837.0,0.0,
FAD34,-1.0,0.0,0.0,0.0,1.0,26262.0,0.0,
GJB0363,-1.0,0.0,0.0,0.0,1.0,35395.0,0.0,
RJW1406,-1.0,0.0,0.0,0.0,1.0,22671.0,0.0,
BGM0233,-1.0,0.0,0.0,0.0,2.0,28212.5,0.0,
UMH1547,-1.0,0.0,0.0,0.0,1.0,30731.0,0.0,
CNM0787,-1.0,0.0,0.0,0.0,1.0,1202752.0,3.0,
EKS12,-1.0,0.0,0.0,0.0,1.0,40029.0,0.0,
WOS1834,-1.0,0.0,0.0,0.0,1.0,18225.0,0.0,
CEG1442,-1.0,0.0,0.0,0.0,1.0,25905.0,0.0,
ZAR0235,-1.0,0.0,0.0,0.0,2.0,42771.5,0.0,
TAH0300,-1.0,0.0,0.0,0.0,1.0,26698.0,0.0,
AJM0049,-1.0,0.0,0.0,0.0,1.0,60417.0,0.0,
HXP0976,-1.0,0.0,0.0,0.0,1.0,25697.0,0.0,
LHP0320,-1.0,0.0,0.0,0.0,1.0,25201.0,0.0,
Dillon.B.Kaufman,-1.0,0.0,0.0,0.0,1.0,29369.0,0.0,
CLS1331,-1.0,0.0,0.0,0.0,3.0,25573.0,0.0,
KAG0547,-1.0,0.0,0.0,0.0,1.0,1885577.0,2.0,
Shoshana_Graves,-1.0,0.0,0.0,0.0,1.0,48804.0,0.0,
ACJ1797,-1.0,0.0,0.0,0.0,1.0,541020.0,1.0,
HAE0105,-1.0,0.0,0.0,0.0,1.0,28649.0,0.0,
Lisandra_J_Murphy,-1.0,0.0,0.0,0.0,1.0,17492.0,0.0,
BPK1731,-1.0,0.0,0.0,0.0,1.0,18139.0,0.0,
SLC1391,-1.0,0.0,0.0,0.0,1.0,52776.0,0.0,
Colon-Upton,-1.0,0.0,0.0,0.0,1.0,18790.0,0.0,
Shay_Cash,-1.0,0.0,0.0,0.0,1.0,18601.0,0.0,
COB0021,-1.0,0.0,0.0,0.0,1.0,36732.0,0.0,
Neal-Sydnee,-1.0,0.0,0.0,0.0,1.0,21669.0,0.0,
Ignatius.Y.Henry,-1.0,0.0,0.0,0.0,1.0,20593.0,0.0,
RKC0355,-1.0,0.0,0.0,0.0,1.0,28182.0,0.0,
MOW28,-1.0,0.0,0.0,0.0,1.0,1153222.0,1.0,
CKP0213,-1.0,0.0,0.0,0.0,1.0,857920.0,1.0,
Macy_Patterson,-1.0,0.0,0.0,0.0,1.0,36118.0,0.0,
Greer_Mary,-1.0,0.0,0.0,0.0,1.0,20591.0,0.0,
JSA0468,-1.0,0.0,0.0,0.0,1.0,17972.0,0.0,
Roary_K_Mcintyre,-1.0,0.0,0.0,0.0,1.0,22815.0,0.0,
Grace.B.Valenzuela,-1.0,0.0,0.0,0.0,1.0,32158.0,0.0,
Vivian_Douglas,-1.0,0.0,0.0,0.0,1.0,19591.0,0.0,
LPS9,-1.0,0.0,0.0,0.0,1.0,1649439.0,1.0,
AOP1202,-1.0,0.0,0.0,0.0,1.0,21794.0,0.0,
WTC0699,-1.0,0.0,0.0,0.0,1.0,37172.0,0.0,
EGM1222,-1.0,0.0,0.0,0.0,1.0,22785.0,0.0,
MMO86,-1.0,0.0,0.0,0.0,1.0,37885.0,0.0,
BYS0199,-1.0,0.0,0.0,0.0,1.0,23249.0,0.0,
Glover-Porter,-1.0,0.0,0.0,0.0,1.0,34718.0,0.0,
Althea_S_Hobbs,-1.0,0.0,0.0,0.0,1.0,12987.0,0.0,
Freya_Gould,-1.0,0.0,0.0,0.0,1.0,19656.0,0.0,
HRC0977,-1.0,0.0,0.0,0.0,1.0,22939.0,0.0,
CGV0671,-1.0,0.0,0.0,0.0,1.0,20437.0,0.0,
WFV0687,-1.0,0.0,0.0,0.0,1.0,56878.0,0.0,
AKM0214,-1.0,0.0,0.0,0.0,1.0,35897.0,0.0,
MJK0527,-1.0,0.0,0.0,0.0,1.0,36193.0,0.0,
ICW6286,-1.0,0.0,0.0,0.0,1.0,39200.0,0.0,
EMB0902,-1.0,0.0,0.0,0.0,1.0,19587.0,0.0,
NJC0003,-1.0,0.0,0.0,0.0,1.0,3315249.0,2.0,
CSE0417,-1.0,0.0,0.0,0.0,1.0,31563.0,0.0,
Craft-Brenden,-1.0,0.0,0.0,0.0,1.0,32953.0,0.0,
SJA57,-1.0,0.0,0.0,0.0,1.0,27638.0,0.0,
Sage.E.Ortega,-1.0,0.0,0.0,0.0,1.0,47346.0,0.0,
CRB0648,-1.0,0.0,0.0,0.0,1.0,3617250.0,8.0,
JDB1163,-1.0,0.0,0.0,0.0,1.0,33797.0,0.0,
MCB734,-1.0,0.0,0.0,0.0,1.0,18828.0,0.0,
Mona_J_Alford,-1.0,0.0,0.0,0.0,1.0,58431.0,0.0,
Michelle.A.Page,-1.0,0.0,0.0,0.0,1.0,28386.0,0.0,
AEH0001,-1.0,0.0,0.0,0.0,1.0,23631.0,0.0,
DJP73,-1.0,0.0,0.0,0.0,1.0,1259200.0,1.0,
WOG0797,-1.0,0.0,0.0,0.0,1.0,45070.0,0.0,
Jordan.L.Davidson,-1.0,0.0,0.0,0.0,1.0,33153.0,0.0,
MHK0565,-1.0,0.0,0.0,0.0,1.0,35914.0,0.0,
Audrey.X.Parrish,-1.0,0.0,0.0,0.0,1.0,2209989.0,1.0,
Guerra_Shannon,-1.0,0.0,0.0,0.0,1.0,30088.0,0.0,
Kai_A_Gibson,-1.0,0.0,0.0,0.0,1.0,30909.0,0.0,
CRM0963,-1.0,0.0,0.0,0.0,1.0,1957781.0,1.0,
ARD0790,-1.0,0.0,0.0,0.0,1.0,33549.0,0.0,
RHM0775,-1.0,0.0,0.0,0.0,1.0,22625.0,0.0,
JWS65,-1.0,0.0,0.0,0.0,1.0,1459819.0,1.0,
CHP9,-1.0,0.0,0.0,0.0,1.0,2053152.0,1.0,
RHB1193,-1.0,0.0,0.0,0.0,1.0,17723.0,0.0,
TCC0311,-1.0,0.0,0.0,0.0,1.0,19927.0,0.0,
Wynn-Jamalia,-1.0,0.0,0.0,0.0,1.0,30993.0,0.0,
Roman-Nelle,-1.0,0.0,0.0,0.0,1.0,27810.0,0.0,
KBG1201,-1.0,0.0,0.0,0.0,1.0,21538.0,0.0,
LTH565,-1.0,0.0,0.0,0.0,1.0,1023331.0,1.0,
BKL76,-1.0,0.0,0.0,0.0,1.0,27499.0,0.0,
RDT0361,-1.0,0.0,0.0,0.0,1.0,17154.0,0.0,
SNA0415,-1.0,0.0,0.0,0.0,1.0,1777987.0,4.0,
JLM0422,-1.0,0.0,0.0,0.0,1.0,30837.0,0.0,
CAD0866,-1.0,0.0,0.0,0.0,1.0,22391.0,0.0,
Drake-J-Harrell,-1.0,0.0,0.0,0.0,1.0,41285.0,0.0,
Minerva.X.Miranda,-1.0,0.0,0.0,0.0,1.0,31797.0,0.0,
NJB0011,-1.0,0.0,0.0,0.0,1.0,22521.0,0.0,
SJP1023,-1.0,0.0,0.0,0.0,1.0,17458.0,0.0,
Vasquez-Noah,-1.0,0.0,0.0,0.0,1.0,36899.0,0.0,
YHO0982,-1.0,0.0,0.0,0.0,1.0,35675.0,0.0,
Hayden-Nash,-1.0,0.0,0.0,0.0,1.0,41546.0,0.0,
HCP0900,-1.0,0.0,0.0,0.0,1.0,24514.0,0.0,
SLC1419,-1.0,0.0,0.0,0.0,1.0,27369.0,0.0,
EAP0107,-1.0,0.0,0.0,0.0,1.0,29279.0,0.0,
NAO1281,-1.0,0.0,0.0,0.0,1.0,24691.0,0.0,
Buckley-Allen,-1.0,0.0,0.0,0.0,1.0,1166319.0,1.0,
NMP0782,-1.0,0.0,0.0,0.0,1.0,38527.0,0.0,
Macaulay.R.Huffman,-1.0,0.0,0.0,0.0,1.0,28863.0,0.0,
BDM0274,-1.0,0.0,0.0,0.0,1.0,18380.0,0.0,
EBG1553,-1.0,0.0,0.0,0.0,1.0,38322.0,0.0,
PSV69,-1.0,0.0,0.0,0.0,1.0,31446.0,0.0,
AGB0447,-1.0,0.0,0.0,0.0,1.0,14961.0,0.0,
Mcdonald_MacKensie,-1.0,0.0,0.0,0.0,1.0,2426562.0,1.0,
CPW1,-1.0,0.0,0.0,0.0,1.0,18222.0,0.0,
UMB0310,-1.0,0.0,0.0,0.0,1.0,15150.0,0.0,
MML0631,-1.0,0.0,0.0,0.0,1.0,35190.0,0.0,
KRC0441,-1.0,0.0,0.0,0.0,1.0,20085.0,0.0,
FAH0134,-1.0,0.0,0.0,0.0,1.0,25490.0,0.0,
Cleo_Nash,-1.0,0.0,0.0,0.0,1.0,35900.0,0.0,
NEG0281,-1.0,0.0,0.0,0.0,1.0,36368.0,0.0,
Ava_V_Goff,-1.0,0.0,0.0,0.0,1.0,22615.0,0.0,
KBL1728,-1.0,0.0,0.0,0.0,1.0,42512.0,0.0,
MCS0242,-1.0,0.0,0.0,0.0,1.0,29963.0,0.0,
GVM9137,-1.0,0.0,0.0,0.0,1.0,21284.0,0.0,
Mia.O.Black,-1.0,0.0,0.0,0.0,1.0,16014.0,0.0,
LMM0167,-1.0,0.0,0.0,0.0,1.0,22916.0,0.0,
HRC0776,-1.0,0.0,0.0,0.0,1.0,19308.0,0.0,
FCB1141,-1.0,0.0,0.0,0.0,1.0,28092.0,0.0,
Rios-Isaiah,-1.0,0.0,0.0,0.0,1.0,23151.0,0.0,
JBP1832,-1.0,0.0,0.0,0.0,1.0,14937.0,0.0,
Shellie_Levine,-1.0,0.0,0.0,0.0,1.0,37809.0,0.0,
CPD0474,-1.0,0.0,0.0,0.0,1.0,9642.0,0.0,
Cora_T_Kelly,-1.0,0.0,0.0,0.0,1.0,27023.0,0.0,
ILJ0929,-1.0,0.0,0.0,0.0,1.0,25499.0,0.0,
Sanders-Jonathan,-1.0,0.0,0.0,0.0,1.0,26700.0,0.0,
PRL0965,-1.0,0.0,0.0,0.0,1.0,24091.0,0.0,
BEM1501,-1.0,0.0,0.0,0.0,1.0,22650.0,0.0,
SHC1499,-1.0,0.0,0.0,0.0,1.0,1589079.0,1.0,
CHW0919,-1.0,0.0,0.0,0.0,1.0,34637.0,0.0,
Kelsey.O.Giles,-1.0,0.0,0.0,0.0,1.0,27145.0,0.0,
MMR1502,-1.0,0.0,0.0,0.0,1.0,21255.0,0.0,
BGC0649,-1.0,0.0,0.0,0.0,1.0,36317.0,0.0,
CAC1083,-1.0,0.0,0.0,0.0,1.0,11338.0,0.0,
KOG1386,-1.0,0.0,0.0,0.0,1.0,19871.0,0.0,
PWB9,-1.0,0.0,0.0,0.0,1.0,27202.0,0.0,
Ashely_H_Nguyen,-1.0,0.0,0.0,0.0,1.0,26450.0,0.0,
HBS0392,-1.0,0.0,0.0,0.0,1.0,28362.0,0.0,
NCU1166,-1.0,0.0,0.0,0.0,1.0,50448.0,0.0,
ABM0890,-1.0,0.0,0.0,0.0,1.0,21954.0,0.0,
TWB1223,-1.0,0.0,0.0,0.0,1.0,46290.0,0.0,
Ursa_E_Hanson,-1.0,0.0,0.0,0.0,1.0,43084.0,0.0,
LVC0408,-1.0,0.0,0.0,0.0,1.0,32612.0,0.0,
XBK0246,-1.0,0.0,0.0,0.0,1.0,31527.0,0.0,
LDM0399,-1.0,0.0,0.0,0.0,1.0,24644.0,0.0,
Helen.Hardy,-1.0,0.0,0.0,0.0,1.0,45062.0,0.0,
Hanna_M_Deleon,-1.0,0.0,0.0,0.0,1.0,20631.0,0.0,
SKF72,-1.0,0.0,0.0,0.0,1.0,26445.0,0.0,
UCC0395,-1.0,0.0,0.0,0.0,1.0,1638235.0,1.0,
KVC1487,-1.0,0.0,0.0,0.0,1.0,37937.0,0.0,
Lester-Cadman,-1.0,0.0,0.0,0.0,1.0,22071.0,0.0,
AWW0676,-1.0,0.0,0.0,0.0,1.0,33620.0,0.0,
NZL1395,-1.0,0.0,0.0,0.0,1.0,36508.0,0.0,
IJM1276,-1.0,0.0,0.0,0.0,1.0,667762.0,1.0,
FCB32,-1.0,0.0,0.0,0.0,1.0,20218.0,0.0,
BAG0315,-1.0,0.0,0.0,0.0,1.0,35742.0,0.0,
NHA0054,-1.0,0.0,0.0,0.0,1.0,24806.0,0.0,
Emerald_Roman,-1.0,0.0,0.0,0.0,1.0,22819.0,0.0,
Moss-Keith,-1.0,0.0,0.0,0.0,1.0,21776.0,0.0,
Battle-Edan,-1.0,0.0,0.0,0.0,1.0,32946.0,0.0,
LDF0644,-1.0,0.0,0.0,0.0,1.0,28835.0,0.0,
EZB0925,-1.0,0.0,0.0,0.0,1.0,1557925.0,4.0,
Griffin-Noah,-1.0,0.0,0.0,0.0,1.0,32634.0,0.0,
GUT1619,-1.0,0.0,0.0,0.0,1.0,35492.0,0.0,
DLW1705,-1.0,0.0,0.0,0.0,1.0,21944.0,0.0,
Wilder-Eric,-1.0,0.0,0.0,0.0,1.0,19954.0,0.0,
MES61,-1.0,0.0,0.0,0.0,1.0,1048461.0,1.0,
DRM0443,-1.0,0.0,0.0,0.0,1.0,38921.0,0.0,
Davenport-Cynthia,-1.0,0.0,0.0,0.0,1.0,40200.0,0.0,
