HLH9961,-0.206896551724,23.0,547132.695652,0.695652173913,35.0,178886.742857,0.114285714286,
Joseph_Snider,1.0,22.0,181041.863636,0.181818181818,0.0,0.0,0.0,
Eden.M.Rocha,-0.162790697674,18.0,273963.666667,0.222222222222,25.0,29371.56,0.0,
Shaffer-Nathan,-0.607142857143,11.0,65862.7272727,0.181818181818,45.0,28181.1111111,0.0,
Mara_Farrell,0.589743589744,31.0,302694.064516,0.387096774194,8.0,24542.5,0.0,
AMC0265,-0.28,27.0,279744.481481,0.333333333333,48.0,540022.625,0.6875,
CRD0272,-0.333333333333,13.0,290486.153846,0.230769230769,26.0,551293.461538,0.5,
JJC48,0.222222222222,22.0,312804.863636,0.363636363636,14.0,99279.4285714,0.0714285714286,
Leonard_Angela,-0.573770491803,13.0,687039.538462,0.692307692308,48.0,69950.0,0.0625,
Ashely_H_Nguyen,-0.371428571429,22.0,360505.454545,0.454545454545,48.0,689334.958333,0.791666666667,
NRS0270,-0.5,24.0,256056.083333,0.333333333333,72.0,31205.6111111,0.0,
Hedwig-Montoya,-0.47619047619,11.0,127446.454545,0.0909090909091,31.0,704775.83871,0.838709677419,
MYB0686,-0.188405797101,28.0,84300.2142857,0.0714285714286,41.0,660317.682927,0.80487804878,
Zoe_Henry,-0.32,17.0,181190.176471,0.176470588235,33.0,29675.5454545,0.0,
BDM0274,-0.542857142857,16.0,216939.875,0.25,54.0,323650.981481,0.296296296296,
CDO0684,0.294117647059,11.0,821682.636364,0.818181818182,6.0,595121.166667,0.833333333333,
PCK0271,-0.08,23.0,395007.304348,0.347826086957,27.0,99589.4444444,0.037037037037,
VRP0267,-0.371428571429,11.0,762088.818182,1.0,24.0,889700.291667,0.833333333333,
PTD0273,-0.127272727273,24.0,450061.75,0.5,31.0,90320.9032258,0.0967741935484,
Clayton_Anthony,-0.111111111111,16.0,513469.1875,0.625,20.0,442870.55,0.5,
PTD234,-0.265306122449,18.0,468813.888889,0.555555555556,31.0,117555.677419,0.129032258065,
Bridges_Martina,-0.0588235294118,8.0,278742.375,0.25,9.0,845854.111111,1.0,
EMR0269,-0.5,25.0,345020.68,0.32,75.0,333504.76,0.306666666667,
HLH0682,-0.176470588235,21.0,850425.619048,0.809523809524,30.0,103713.866667,0.0666666666667,
EAB899,1.0,14.0,61709.4285714,0.0714285714286,0.0,0.0,0.0,
Preston-Valentine,-0.153846153846,22.0,283032.0,0.272727272727,30.0,729402.233333,0.766666666667,
Tasha_A_Witt,-0.3125,11.0,372689.818182,0.181818181818,21.0,456240.714286,0.47619047619,
BDM178,-0.0232558139535,21.0,193096.666667,0.190476190476,22.0,488635.727273,0.454545454545,
MPF0690,-0.368421052632,6.0,812484.666667,1.5,13.0,32267.0,0.0,
TAW0689,-0.0175438596491,28.0,358477.285714,0.285714285714,29.0,316943.241379,0.448275862069,
Pascale_M_Wooten,1.0,9.0,945923.444444,1.0,0.0,0.0,0.0,
QAP0266,-0.5,2.0,3914607.5,4.0,6.0,27521.5,0.0,
HJM0688,-0.344827586207,19.0,572970.157895,0.473684210526,39.0,209670.564103,0.230769230769,
UEH0944,1.0,1.0,28425.0,0.0,0.0,0.0,0.0,
WFV0687,-0.225806451613,12.0,487128.666667,0.5,19.0,1479449.42105,1.42105263158,
SNA0415,1.0,1.0,27602.0,0.0,0.0,0.0,0.0,
WDS1286,1.0,1.0,476719.0,1.0,0.0,0.0,0.0,
Edward.A.Bentley,1.0,13.0,359140.615385,0.307692307692,0.0,0.0,0.0,
AML0268,-0.171428571429,29.0,309700.758621,0.413793103448,41.0,103629.829268,0.0731707317073,
LRV1554,1.0,1.0,20235.0,0.0,0.0,0.0,0.0,
AHN0681,-0.454545454545,18.0,211982.666667,0.166666666667,48.0,549486.895833,0.604166666667,
HSF1115,1.0,1.0,41884.0,0.0,0.0,0.0,0.0,
Camden-Powell,1.0,1.0,16171.0,0.0,0.0,0.0,0.0,
Butler-Asher,1.0,1.0,25932.0,0.0,0.0,0.0,0.0,
Hewitt-Casey,1.0,1.0,15543.0,0.0,0.0,0.0,0.0,
Cassady.R.Daniels,0.111111111111,15.0,542915.666667,0.4,12.0,725210.25,0.583333333333,
Jaden.V.Mcgowan,1.0,1.0,18711.0,0.0,0.0,0.0,0.0,
NER1278,1.0,1.0,28001.0,0.0,0.0,0.0,0.0,
JJC0259,0.0625,17.0,572898.352941,0.529411764706,15.0,709512.666667,0.733333333333,
ZEH0685,-0.457142857143,19.0,378836.263158,0.368421052632,51.0,28933.6470588,0.0,
Pascale.M.Wooten,1.0,14.0,133658.5,0.142857142857,0.0,0.0,0.0,
QAP45,0.857142857143,13.0,817757.076923,0.846153846154,1.0,26712.0,0.0,
LLF1234,1.0,1.0,1063671.0,1.0,0.0,0.0,0.0,
Rhonda.J.Welch,1.0,1.0,1155818.0,1.0,0.0,0.0,0.0,
WFV289,0.363636363636,15.0,149301.933333,0.133333333333,7.0,34457.0,0.0,
SLS1969,1.0,1.0,19591.0,0.0,0.0,0.0,0.0,
Key-Prescott,0.36,17.0,300301.941176,0.176470588235,8.0,35343.25,0.0,
CTB0923,1.0,2.0,29316.5,0.0,0.0,0.0,0.0,
Cleo_Ortiz,0.5,12.0,32932.5,0.0,4.0,614010.75,0.5,
FES1814,1.0,1.0,31212.0,0.0,0.0,0.0,0.0,
JIG1593,1.0,1.0,19589.0,0.0,0.0,0.0,0.0,
Erica.R.Dotson,1.0,29.0,248110.758621,0.172413793103,0.0,0.0,0.0,
BJH9,1.0,1.0,23924.0,0.0,0.0,0.0,0.0,
LMG0065,1.0,1.0,20535.0,0.0,0.0,0.0,0.0,
STW0237,0.0,1.0,43104.0,0.0,1.0,953623.0,1.0,
Jade-Holden,1.0,1.0,30894.0,0.0,0.0,0.0,0.0,
Erasmus_Goff,0.0,1.0,31117.0,0.0,1.0,16427.0,0.0,
XKB1,1.0,1.0,35073.0,0.0,0.0,0.0,0.0,
WTC0699,1.0,1.0,43985.0,0.0,0.0,0.0,0.0,
Maia_C_Walsh,1.0,1.0,1535331.0,1.0,0.0,0.0,0.0,
Heidi_B_Hartman,1.0,1.0,25929.0,0.0,0.0,0.0,0.0,
Hilary_Atkinson,1.0,37.0,469240.621622,0.486486486486,0.0,0.0,0.0,
BBG0378,1.0,1.0,29864.0,0.0,0.0,0.0,0.0,
GJM1409,1.0,2.0,309298.5,0.5,0.0,0.0,0.0,
MLC0141,1.0,1.0,16928.0,0.0,0.0,0.0,0.0,
CLM1538,1.0,1.0,25185.0,0.0,0.0,0.0,0.0,
BDM1204,1.0,1.0,320838.0,1.0,0.0,0.0,0.0,
WCO7179,-0.0793650793651,29.0,337332.206897,0.413793103448,34.0,207898.323529,0.205882352941,
SAM0911,-0.105263157895,34.0,141449.941176,0.0882352941176,42.0,806556.428571,0.833333333333,
CCC0569,0.194029850746,40.0,307965.525,0.3,27.0,320536.407407,0.37037037037,
KAC1209,-0.113636363636,39.0,188346.461538,0.153846153846,49.0,462855.897959,0.510204081633,
NMM0026,-0.327272727273,37.0,306261.837838,0.27027027027,73.0,190833.465753,0.178082191781,
KJG1121,-0.261261261261,41.0,503886.073171,0.512195121951,70.0,641955.271429,0.714285714286,
EMM0393,-0.157894736842,48.0,540349.520833,0.666666666667,66.0,363828.621212,0.363636363636,
WCO0020,-0.258426966292,33.0,258639.727273,0.30303030303,56.0,169404.232143,0.196428571429,
Evelyn_M_Mosley,-0.125,28.0,397390.285714,0.428571428571,36.0,79329.6666667,0.0833333333333,
Shelby_A_Michael,-0.147540983607,26.0,443272.653846,0.538461538462,35.0,985959.657143,1.05714285714,
Nichole.Mercer,-0.0666666666667,21.0,234135.666667,0.142857142857,24.0,454229.375,0.416666666667,
Frost-Howard,0.212121212121,40.0,302311.4,0.35,26.0,83585.6538462,0.0384615384615,
Curtis_Carolyn,-0.0909090909091,30.0,328326.933333,0.233333333333,36.0,196344.027778,0.0833333333333,
Grimes-Kendall,0.265306122449,31.0,397828.290323,0.387096774194,18.0,586187.777778,0.611111111111,
Kylan_Conner,-0.107692307692,29.0,180843.586207,0.275862068966,36.0,555734.527778,0.555555555556,
TUJ6754,0.372549019608,35.0,233133.714286,0.142857142857,16.0,24179.6875,0.0,
WRH0868,1.0,1.0,1169872.0,2.0,0.0,0.0,0.0,
SCC1470,1.0,1.0,28596.0,0.0,0.0,0.0,0.0,
HBF0022,-0.108108108108,33.0,265667.575758,0.242424242424,41.0,92198.0243902,0.0731707317073,
GHW0372,1.0,1.0,19960.0,0.0,0.0,0.0,0.0,
Sade_I_Hays,1.0,1.0,23087.0,0.0,0.0,0.0,0.0,
CMM1987,1.0,1.0,16223.0,0.0,0.0,0.0,0.0,
TUJ1007,-0.139534883721,37.0,299461.081081,0.297297297297,49.0,27237.5510204,0.0,
HDW1779,1.0,1.0,22660.0,0.0,0.0,0.0,0.0,
SSS1683,1.0,1.0,17109.0,0.0,0.0,0.0,0.0,
Renee_Dillard,1.0,1.0,1626476.0,1.0,0.0,0.0,0.0,
Darrel_Walton,1.0,1.0,25287.0,0.0,0.0,0.0,0.0,
TLS0643,1.0,1.0,41241.0,0.0,0.0,0.0,0.0,
HYV0848,1.0,1.0,54633.0,0.0,0.0,0.0,0.0,
GJC0870,1.0,1.0,211521.0,1.0,0.0,0.0,0.0,
CCR0338,1.0,1.0,45101.0,0.0,0.0,0.0,0.0,
ACH1840,0.0,1.0,38236.0,0.0,1.0,34072.0,0.0,
ECT5,1.0,1.0,21232.0,0.0,0.0,0.0,0.0,
Hart-Micah,1.0,1.0,1386869.0,1.0,0.0,0.0,0.0,
SIV1287,1.0,1.0,21015.0,0.0,0.0,0.0,0.0,
QAP7,1.0,22.0,324066.454545,0.272727272727,0.0,0.0,0.0,
Jana_Davis,1.0,1.0,24046.0,0.0,0.0,0.0,0.0,
Cabrera.Kamal,1.0,1.0,581365.0,1.0,0.0,0.0,0.0,
Germaine_V_Weeks,1.0,1.0,931694.0,1.0,0.0,0.0,0.0,
Dale-Gregory,1.0,1.0,4207125.0,3.0,0.0,0.0,0.0,
SPB1853,1.0,1.0,207322.0,1.0,0.0,0.0,0.0,
AJD1612,1.0,1.0,36586.0,0.0,0.0,0.0,0.0,
Isaac_T_Vasquez,1.0,1.0,42277.0,0.0,0.0,0.0,0.0,
Madonna.M.Buckner,1.0,1.0,19064.0,0.0,0.0,0.0,0.0,
Hope.Delacruz,1.0,1.0,43187.0,0.0,0.0,0.0,0.0,
UHM1273,1.0,1.0,46840.0,0.0,0.0,0.0,0.0,
Adrienne.T.Collier,1.0,1.0,1206893.0,1.0,0.0,0.0,0.0,
QGC0435,1.0,1.0,34972.0,0.0,0.0,0.0,0.0,
Destiny_Velez,1.0,1.0,16375.0,0.0,0.0,0.0,0.0,
TCC1298,1.0,1.0,34972.0,0.0,0.0,0.0,0.0,
ICH1810,1.0,1.0,40327.0,0.0,0.0,0.0,0.0,
MMK1532,1.0,1.0,26590.0,0.0,0.0,0.0,0.0,
CAD0354,1.0,1.0,27954.0,0.0,0.0,0.0,0.0,
PJC0254,1.0,1.0,20494.0,0.0,0.0,0.0,0.0,
TMR0186,0.0,1.0,46654.0,0.0,1.0,33441.0,0.0,
NLC1113,1.0,1.0,26105.0,0.0,0.0,0.0,0.0,
Ortiz_Cleo,1.0,18.0,358332.833333,0.444444444444,0.0,0.0,0.0,
Dahlia_Coleman,1.0,1.0,38529.0,0.0,0.0,0.0,0.0,
CAB5,1.0,1.0,39292.0,0.0,0.0,0.0,0.0,
WSE1363,1.0,1.0,25722.0,0.0,0.0,0.0,0.0,
BNV1461,1.0,1.0,45238.0,0.0,0.0,0.0,0.0,
Autumn_Wheeler,1.0,1.0,18932.0,0.0,0.0,0.0,0.0,
BLC1263,1.0,1.0,38459.0,0.0,0.0,0.0,0.0,
ROA457,1.0,1.0,34603.0,0.0,0.0,0.0,0.0,
KEO2,1.0,1.0,33446.0,0.0,0.0,0.0,0.0,
Robin.R.Preston,1.0,1.0,906549.0,1.0,0.0,0.0,0.0,
Riddle.Harding,1.0,1.0,52795.0,0.0,0.0,0.0,0.0,
Molly_Harris,1.0,1.0,27796.0,0.0,0.0,0.0,0.0,
LSC1951,1.0,1.0,30054.0,0.0,0.0,0.0,0.0,
Ursa_E_Hanson,1.0,1.0,21619.0,0.0,0.0,0.0,0.0,
Raven_M_Peck,1.0,1.0,25073.0,0.0,0.0,0.0,0.0,
WGF3,1.0,1.0,18762.0,0.0,0.0,0.0,0.0,
UMB0310,1.0,1.0,44707.0,0.0,0.0,0.0,0.0,
NCB0657,1.0,1.0,1494810.0,1.0,0.0,0.0,0.0,
KHH1556,1.0,1.0,33414.0,0.0,0.0,0.0,0.0,
BIM0885,1.0,1.0,29139.0,0.0,0.0,0.0,0.0,
Shaine.G.Brock,1.0,1.0,35061.0,0.0,0.0,0.0,0.0,
KHG0205,1.0,1.0,35585.0,0.0,0.0,0.0,0.0,
SLC1391,1.0,1.0,24324.0,0.0,0.0,0.0,0.0,
ICH816,1.0,1.0,32268.0,0.0,0.0,0.0,0.0,
Wilcox.Mohammad,1.0,1.0,185600.0,1.0,0.0,0.0,0.0,
JSO1500,0.0,1.0,40878.0,0.0,1.0,21366.0,0.0,
Lucy.Lyons,1.0,1.0,32402.0,0.0,0.0,0.0,0.0,
MKH0260,1.0,1.0,32393.0,0.0,0.0,0.0,0.0,
TaShya_Ayala,1.0,1.0,51955.0,0.0,0.0,0.0,0.0,
CBN45,1.0,1.0,30148.0,0.0,0.0,0.0,0.0,
NMP0782,1.0,1.0,164151.0,1.0,0.0,0.0,0.0,
SKW0066,1.0,1.0,24760.0,0.0,0.0,0.0,0.0,
Sopoline_J_Cruz,0.0,1.0,20980.0,0.0,1.0,603010.0,1.0,
Garner-Brock,1.0,1.0,39973.0,0.0,0.0,0.0,0.0,
Ochoa-Albert,1.0,1.0,33868.0,0.0,0.0,0.0,0.0,
Rachel-Q-Bishop,1.0,1.0,64029.0,0.0,0.0,0.0,0.0,
Quin_W_Peck,1.0,1.0,34321.0,0.0,0.0,0.0,0.0,
Charde.L.Farmer,1.0,1.0,30386.0,0.0,0.0,0.0,0.0,
Beau.D.Bridges,1.0,1.0,49773.0,0.0,0.0,0.0,0.0,
CKR1446,1.0,1.0,55222.0,0.0,0.0,0.0,0.0,
AHD0590,0.0,1.0,28622.0,0.0,1.0,34941.0,0.0,
HNR0874,1.0,1.0,33325.0,0.0,0.0,0.0,0.0,
Cassady_R_Daniels,1.0,17.0,86931.7058824,0.0588235294118,0.0,0.0,0.0,
UGB0031,1.0,1.0,25466.0,0.0,0.0,0.0,0.0,
MEW0485,1.0,1.0,25387.0,0.0,0.0,0.0,0.0,
Chastity_E_Sweet,1.0,1.0,915390.0,1.0,0.0,0.0,0.0,
LCR1344,1.0,1.0,21333.0,0.0,0.0,0.0,0.0,
CRD0404,1.0,1.0,53402.0,0.0,0.0,0.0,0.0,
HKW1530,1.0,1.0,30581.0,0.0,0.0,0.0,0.0,
AKK5,1.0,1.0,945905.0,1.0,0.0,0.0,0.0,
Owen-Savage,1.0,1.0,37218.0,0.0,0.0,0.0,0.0,
ILM1595,1.0,1.0,40501.0,0.0,0.0,0.0,0.0,
SJC0232,1.0,1.0,1972664.0,3.0,0.0,0.0,0.0,
Kinney-Moses,1.0,1.0,45423.0,0.0,0.0,0.0,0.0,
Kelley-Eric,1.0,1.0,30158.0,0.0,0.0,0.0,0.0,
Maggie-Keith,1.0,1.0,50142.0,0.0,0.0,0.0,0.0,
Campos_Jaime,1.0,1.0,29264.0,0.0,0.0,0.0,0.0,
KVV0871,1.0,1.0,1238032.0,2.0,0.0,0.0,0.0,
Briggs-Drew,1.0,1.0,18815.0,0.0,0.0,0.0,0.0,
GMC0051,1.0,1.0,12891.0,0.0,0.0,0.0,0.0,
Hermione_A_Bowers,1.0,1.0,25440.0,0.0,0.0,0.0,0.0,
Libby_Farrell,1.0,1.0,13819.0,0.0,0.0,0.0,0.0,
SKV0041,-0.142857142857,21.0,122465.428571,0.238095238095,28.0,1098801.89286,1.03571428571,
DEM25,1.0,1.0,41566.0,0.0,0.0,0.0,0.0,
JAC0457,1.0,1.0,40345.0,0.0,0.0,0.0,0.0,
EJC1225,1.0,1.0,36290.0,0.0,0.0,0.0,0.0,
VSB1317,1.0,1.0,35133.0,0.0,0.0,0.0,0.0,
DCV1185,1.0,1.0,34092.0,0.0,0.0,0.0,0.0,
OKC0155,1.0,1.0,28006.0,0.0,0.0,0.0,0.0,
GEK1638,1.0,1.0,27131.0,0.0,0.0,0.0,0.0,
FAJ1122,1.0,1.0,37089.0,0.0,0.0,0.0,0.0,
PHP0436,1.0,1.0,31125.0,0.0,0.0,0.0,0.0,
Murphy.D.Berry,1.0,1.0,25694.0,0.0,0.0,0.0,0.0,
WFV5,1.0,6.0,237560.833333,0.166666666667,0.0,0.0,0.0,
Galloway-Chandler,1.0,1.0,28106.0,0.0,0.0,0.0,0.0,
Brock.B.Weaver,1.0,1.0,18676.0,0.0,0.0,0.0,0.0,
MAS0783,0.0,1.0,35335.0,0.0,1.0,440394.0,1.0,
DPR6,1.0,1.0,20065.0,0.0,0.0,0.0,0.0,
Vega_Eagan,1.0,1.0,31888.0,0.0,0.0,0.0,0.0,
JPW0533,1.0,1.0,1072410.0,1.0,0.0,0.0,0.0,
LSH0464,1.0,1.0,102244.0,1.0,0.0,0.0,0.0,
Alana.R.Phelps,1.0,1.0,28224.0,0.0,0.0,0.0,0.0,
Gisela_Hart,1.0,1.0,18416.0,0.0,0.0,0.0,0.0,
TES1536,1.0,1.0,1431343.0,2.0,0.0,0.0,0.0,
PAA0121,1.0,1.0,16222.0,0.0,0.0,0.0,0.0,
Theodore-Wolf,1.0,1.0,33609.0,0.0,0.0,0.0,0.0,
Good-Boris,0.571428571429,11.0,904936.272727,0.636363636364,3.0,24953.3333333,0.0,
SKF1892,1.0,1.0,39236.0,0.0,0.0,0.0,0.0,
KRM1306,0.52380952381,16.0,368295.75,0.3125,5.0,27821.2,0.0,
SKV96,0.0,10.0,420853.5,0.5,10.0,841022.3,1.1,
Lesley.A.Holloway,0.142857142857,8.0,268869.75,0.25,6.0,30121.5,0.0,
Claire_L_Joyce,1.0,1.0,23134.0,0.0,0.0,0.0,0.0,
Joan_Alvarado,-0.230769230769,10.0,585180.8,0.5,16.0,332649.875,0.3125,
ALN0182,1.0,1.0,30897.0,0.0,0.0,0.0,0.0,
MGB1235,0.6,4.0,280321.0,0.5,1.0,28622.0,0.0,
YLR1188,-0.208333333333,19.0,824895.0,0.789473684211,29.0,330331.344828,0.379310344828,
BJG0492,0.428571428571,10.0,553235.6,0.5,4.0,33710.75,0.0,
CBC1607,1.0,1.0,221755.0,1.0,0.0,0.0,0.0,
WWW0701,0.363636363636,15.0,189116.6,0.2,7.0,293519.0,0.142857142857,
Wilkins-Brody,-0.266666666667,11.0,656408.0,0.636363636364,19.0,729540.421053,0.684210526316,
PXS1,-0.357142857143,9.0,31803.2222222,0.0,19.0,29710.6315789,0.0,
HRC0977,0.128205128205,22.0,358778.727273,0.409090909091,17.0,26659.1764706,0.0,
TKP1186,-0.333333333333,13.0,670991.846154,0.615384615385,26.0,28462.6923077,0.0,
Petersen-Benjamin,-0.0833333333333,11.0,443288.272727,0.363636363636,13.0,33489.2307692,0.0,
Riggs-Elijah,-0.333333333333,9.0,300490.0,0.222222222222,18.0,594254.333333,0.722222222222,
Ross_Yetta,0.416666666667,17.0,28355.8823529,0.0,7.0,558817.571429,0.571428571429,
TKP46,0.0,8.0,29346.125,0.0,8.0,29879.0,0.0,
Mia_A_Macdonald,1.0,1.0,14800.0,0.0,0.0,0.0,0.0,
Finch-Raphael,0.684210526316,16.0,682986.75,0.75,3.0,33764.6666667,0.0,
RKF0080,0.416666666667,17.0,350161.529412,0.352941176471,7.0,95378.5714286,0.142857142857,
ERR0525,0.0625,17.0,286360.352941,0.235294117647,15.0,701379.0,0.666666666667,
BPA0095,-0.2,16.0,367357.5,0.375,24.0,27431.9583333,0.0,
LAH0463,0.0454545454545,23.0,245266.130435,0.260869565217,21.0,32373.6190476,0.0,
BNN0975,-0.05,19.0,431694.421053,0.315789473684,21.0,507873.142857,0.52380952381,
PXS0749,-0.037037037037,13.0,195497.538462,0.153846153846,14.0,201842.0,0.0714285714286,
Brenda_P_Allison,-0.357142857143,9.0,932344.555556,1.33333333333,19.0,27968.5789474,0.0,
BDP1162,0.243243243243,23.0,138143.695652,0.130434782609,14.0,30000.5714286,0.0,
Bethany_Newman,-0.0769230769231,12.0,137040.333333,0.25,14.0,983936.428571,1.0,
Lyle_Ferrell,-0.04,12.0,498530.666667,0.416666666667,13.0,26236.5384615,0.0,
Willow.Walter,0.846153846154,12.0,235701.5,0.25,1.0,19892.0,0.0,
WJM1922,1.0,1.0,999307.0,1.0,0.0,0.0,0.0,
LRF1009,0.15,23.0,454858.217391,0.478260869565,17.0,29757.9411765,0.0,
HGH34,1.0,1.0,44223.0,0.0,0.0,0.0,0.0,
LFB0452,1.0,1.0,38350.0,0.0,0.0,0.0,0.0,
BWW0751,-0.0322580645161,15.0,228260.6,0.266666666667,16.0,577133.0625,0.5,
ZRF1980,0.555555555556,14.0,368744.285714,0.357142857143,4.0,420472.25,0.25,
ARP1356,1.0,1.0,27755.0,0.0,0.0,0.0,0.0,
JJA1164,0.0,19.0,135539.894737,0.157894736842,19.0,364358.947368,0.263157894737,
MCV1046,1.0,1.0,34743.0,0.0,0.0,0.0,0.0,
Floyd_Zachary,0.0,8.0,57418.0,0.125,8.0,312399.625,0.25,
Todd-Melendez,1.0,1.0,20660.0,0.0,0.0,0.0,0.0,
Hannah_R_Chase,0.0588235294118,9.0,164440.777778,0.222222222222,8.0,32515.125,0.0,
ANG0427,1.0,1.0,46472.0,0.0,0.0,0.0,0.0,
ISS0508,1.0,1.0,36113.0,0.0,0.0,0.0,0.0,
GUT1619,1.0,1.0,11263.0,0.0,0.0,0.0,0.0,
LRW1357,1.0,1.0,27968.0,0.0,0.0,0.0,0.0,
WHB1247,1.0,1.0,38103.0,0.0,0.0,0.0,0.0,
QGC45,1.0,1.0,26979.0,0.0,0.0,0.0,0.0,
Jonathan.B.Lamb,1.0,1.0,50209.0,0.0,0.0,0.0,0.0,
Kaseem-Marks,0.166666666667,7.0,306412.142857,0.285714285714,5.0,31480.6,0.0,
Nayda.H.Carey,1.0,1.0,27572.0,0.0,0.0,0.0,0.0,
Valencia-Vincent,1.0,1.0,852884.0,2.0,0.0,0.0,0.0,
Aline_Burgess,1.0,1.0,766432.0,1.0,0.0,0.0,0.0,
VMP1252,1.0,2.0,800106.5,1.0,0.0,0.0,0.0,
Macy_Patterson,1.0,1.0,17099.0,0.0,0.0,0.0,0.0,
IIM0781,1.0,1.0,30897.0,0.0,0.0,0.0,0.0,
MGB9246,0.5,9.0,78541.3333333,0.111111111111,3.0,28463.3333333,0.0,
Mira.G.Benton,1.0,13.0,83730.1538462,0.0769230769231,0.0,0.0,0.0,
KJS1956,1.0,1.0,45829.0,0.0,0.0,0.0,0.0,
Miles-Price,1.0,1.0,16239.0,0.0,0.0,0.0,0.0,
Leigh_Baldwin,1.0,1.0,4261552.0,6.0,0.0,0.0,0.0,
KDG1330,1.0,1.0,42050.0,0.0,0.0,0.0,0.0,
Celeste_Bright,1.0,1.0,31887.0,0.0,0.0,0.0,0.0,
BBN1129,1.0,1.0,48414.0,0.0,0.0,0.0,0.0,
Autumn_Spence,1.0,1.0,24982.0,0.0,0.0,0.0,0.0,
Howard-Alan,1.0,1.0,5156200.0,8.0,0.0,0.0,0.0,
KSS1519,1.0,1.0,17102.0,0.0,0.0,0.0,0.0,
WJM7273,1.0,1.0,27747.0,0.0,0.0,0.0,0.0,
DVM1290,0.0,1.0,904997.0,2.0,1.0,27853.0,0.0,
KTS0058,1.0,1.0,24931.0,0.0,0.0,0.0,0.0,
Kermit.L.Mckay,1.0,1.0,48364.0,0.0,0.0,0.0,0.0,
RAA0263,1.0,1.0,24892.0,0.0,0.0,0.0,0.0,
EBB0827,1.0,1.0,30825.0,0.0,0.0,0.0,0.0,
CNM1208,0.0,1.0,995131.0,2.0,1.0,23238.0,0.0,
Wesley-Fletcher,1.0,1.0,37409.0,0.0,0.0,0.0,0.0,
CMM5762,1.0,1.0,31837.0,0.0,0.0,0.0,0.0,
Hurst-Driscoll,1.0,1.0,33824.0,0.0,0.0,0.0,0.0,
Shields_Ferris,1.0,1.0,30039.0,0.0,0.0,0.0,0.0,
Conley-Francis,1.0,1.0,1257634.0,1.0,0.0,0.0,0.0,
Zoe_E_Henry,1.0,1.0,37285.0,0.0,0.0,0.0,0.0,
BKB0669,1.0,2.0,33179.0,0.0,0.0,0.0,0.0,
Burns-Uriel,1.0,1.0,18277.0,0.0,0.0,0.0,0.0,
DJH0253,0.0,1.0,24387.0,0.0,1.0,2228900.0,3.0,
Whitfield-Jin,1.0,1.0,402280.0,1.0,0.0,0.0,0.0,
Scarlet_Mosley,1.0,1.0,25498.0,0.0,0.0,0.0,0.0,
ZUR1449,1.0,1.0,25744.0,0.0,0.0,0.0,0.0,
MSS0799,0.0,1.0,24853.0,0.0,1.0,31257.0,0.0,
GKG1693,1.0,1.0,37869.0,0.0,0.0,0.0,0.0,
Parsons-Wayne,1.0,1.0,845247.0,1.0,0.0,0.0,0.0,
LPL0420,1.0,1.0,39381.0,0.0,0.0,0.0,0.0,
Jane-Buchanan,1.0,1.0,45488.0,0.0,0.0,0.0,0.0,
Scarlet_Hicks,1.0,1.0,27447.0,0.0,0.0,0.0,0.0,
Willow_W_Walter,1.0,5.0,497041.8,0.4,0.0,0.0,0.0,
PIE1712,1.0,1.0,25216.0,0.0,0.0,0.0,0.0,
KDC0996,1.0,1.0,35289.0,0.0,0.0,0.0,0.0,
CZY798,1.0,1.0,18814.0,0.0,0.0,0.0,0.0,
Thomas-Orlando,1.0,1.0,14456.0,0.0,0.0,0.0,0.0,
AKR0756,1.0,1.0,38437.0,0.0,0.0,0.0,0.0,
NJB0011,1.0,1.0,25399.0,0.0,0.0,0.0,0.0,
PRD0922,1.0,1.0,26215.0,0.0,0.0,0.0,0.0,
CDL0189,1.0,1.0,29777.0,0.0,0.0,0.0,0.0,
UKG31,1.0,1.0,39210.0,0.0,0.0,0.0,0.0,
WLH1827,1.0,1.0,36854.0,0.0,0.0,0.0,0.0,
Lesley_Holloway,1.0,3.0,1156510.0,1.33333333333,0.0,0.0,0.0,
Kameko_A_Gentry,1.0,1.0,35155.0,0.0,0.0,0.0,0.0,
CPD313,1.0,1.0,38177.0,0.0,0.0,0.0,0.0,
OWC0518,1.0,1.0,658247.0,1.0,0.0,0.0,0.0,
RDW9,0.0,1.0,63753.0,0.0,1.0,26939.0,0.0,
SLF1195,0.0,1.0,34360.0,0.0,1.0,35909.0,0.0,
INK1859,1.0,1.0,38374.0,0.0,0.0,0.0,0.0,
Chiquita_Burns,-1.0,0.0,0.0,0.0,1.0,46304.0,0.0,
Kai_A_Gibson,-1.0,0.0,0.0,0.0,1.0,822466.0,2.0,
HDM12,-1.0,0.0,0.0,0.0,1.0,28745.0,0.0,
MML0631,-1.0,0.0,0.0,0.0,1.0,25397.0,0.0,
TDC21,-1.0,0.0,0.0,0.0,1.0,33083.0,0.0,
CLS1331,-1.0,0.0,0.0,0.0,2.0,249703.0,0.5,
RJM0634,-1.0,0.0,0.0,0.0,1.0,24729.0,0.0,
ONB1833,-1.0,0.0,0.0,0.0,1.0,32568.0,0.0,
Phoebe_I_Rodriguez,-1.0,0.0,0.0,0.0,1.0,33629.0,0.0,
ZAR0235,-1.0,0.0,0.0,0.0,1.0,1331459.0,1.0,
LIB1125,-1.0,0.0,0.0,0.0,2.0,802499.5,1.0,
TCC0771,-1.0,0.0,0.0,0.0,1.0,41787.0,0.0,
FMP0459,-1.0,0.0,0.0,0.0,1.0,662048.0,2.0,
BTD0296,-1.0,0.0,0.0,0.0,1.0,42855.0,0.0,
BAS1078,-1.0,0.0,0.0,0.0,1.0,28423.0,0.0,
AMS1236,-1.0,0.0,0.0,0.0,1.0,950890.0,1.0,
CKP0630,-1.0,0.0,0.0,0.0,1.0,32927.0,0.0,
WPC1984,-1.0,0.0,0.0,0.0,1.0,33066.0,0.0,
AAW0914,-1.0,0.0,0.0,0.0,1.0,26333.0,0.0,
TSG0262,-1.0,0.0,0.0,0.0,1.0,27919.0,0.0,
JDC0326,-1.0,0.0,0.0,0.0,1.0,26050.0,0.0,
WLP0123,-1.0,0.0,0.0,0.0,1.0,25674.0,0.0,
TRP0892,-1.0,0.0,0.0,0.0,1.0,22688.0,0.0,
OCW1127,-1.0,0.0,0.0,0.0,1.0,46008.0,1.0,
DJH0895,-1.0,0.0,0.0,0.0,1.0,20125.0,0.0,
RZB7613,-1.0,0.0,0.0,0.0,2.0,94161.0,0.5,
MCW0505,-1.0,0.0,0.0,0.0,1.0,20771.0,0.0,
Desirae_Mclaughlin,-1.0,0.0,0.0,0.0,1.0,31229.0,0.0,
AKM1759,-1.0,0.0,0.0,0.0,1.0,25767.0,0.0,
NMF842,-1.0,0.0,0.0,0.0,1.0,5080086.0,5.0,
JTF0313,-1.0,0.0,0.0,0.0,1.0,1126655.0,1.0,
PDH4,-1.0,0.0,0.0,0.0,1.0,3708138.0,5.0,
SJG0228,-1.0,0.0,0.0,0.0,1.0,28957.0,0.0,
Stephanie.I.Vaughn,-1.0,0.0,0.0,0.0,1.0,18435.0,0.0,
GGM1629,-1.0,0.0,0.0,0.0,1.0,32411.0,0.0,
Blevins-Christian,-1.0,0.0,0.0,0.0,1.0,23651.0,0.0,
KSS1005,-1.0,0.0,0.0,0.0,1.0,45441.0,0.0,
SWB1809,-1.0,0.0,0.0,0.0,1.0,36370.0,0.0,
Amethyst-Daniel,-1.0,0.0,0.0,0.0,1.0,26206.0,0.0,
SYB0093,-1.0,0.0,0.0,0.0,1.0,1392511.0,2.0,
Calvin.N.Marshall,-1.0,0.0,0.0,0.0,1.0,21069.0,0.0,
Keelie.Beck,-1.0,0.0,0.0,0.0,1.0,27614.0,0.0,
Gwendolyn_Eaton,-1.0,0.0,0.0,0.0,1.0,631537.0,1.0,
ISW8179,-1.0,0.0,0.0,0.0,1.0,39649.0,0.0,
RBH0661,-1.0,0.0,0.0,0.0,1.0,33994.0,0.0,
JLC0558,-1.0,0.0,0.0,0.0,1.0,414973.0,1.0,
Curtis-Gregory,-1.0,0.0,0.0,0.0,1.0,37531.0,0.0,
NCC0454,-1.0,0.0,0.0,0.0,2.0,639552.0,0.5,
HDM0017,-1.0,0.0,0.0,0.0,1.0,31652.0,0.0,
JJL1722,-1.0,0.0,0.0,0.0,1.0,18504.0,0.0,
Chantale_Butler,-1.0,0.0,0.0,0.0,1.0,35796.0,0.0,
REM1733,-1.0,0.0,0.0,0.0,1.0,29239.0,0.0,
Guinevere_A_Taylor,-1.0,0.0,0.0,0.0,1.0,23064.0,0.0,
NKG0319,-1.0,0.0,0.0,0.0,1.0,24072.0,0.0,
Hilda_Moran,-1.0,0.0,0.0,0.0,1.0,36348.0,0.0,
KHT0739,-1.0,0.0,0.0,0.0,1.0,39591.0,0.0,
KCG1615,-1.0,0.0,0.0,0.0,2.0,24982.5,0.0,
ZBG0938,-1.0,0.0,0.0,0.0,1.0,16293.0,0.0,
JSA0468,-1.0,0.0,0.0,0.0,1.0,12830.0,0.0,
DLM2,-1.0,0.0,0.0,0.0,1.0,25576.0,0.0,
SCW1456,-1.0,0.0,0.0,0.0,1.0,22414.0,0.0,
AFC9839,-1.0,0.0,0.0,0.0,1.0,28554.0,0.0,
BYO1846,-1.0,0.0,0.0,0.0,1.0,27398.0,0.0,
GVM9137,-1.0,0.0,0.0,0.0,1.0,856460.0,1.0,
MZO1066,-1.0,0.0,0.0,0.0,1.0,28594.0,0.0,
Liberty.Fletcher,-1.0,0.0,0.0,0.0,1.0,26870.0,0.0,
JTS0903,-1.0,0.0,0.0,0.0,1.0,36780.0,0.0,
Ray-Alden,-1.0,0.0,0.0,0.0,1.0,30416.0,0.0,
Haney-Aaron,-1.0,0.0,0.0,0.0,1.0,35650.0,0.0,
Kyra.Z.Mccoy,-1.0,0.0,0.0,0.0,1.0,20599.0,0.0,
JDJ727,-1.0,0.0,0.0,0.0,1.0,15926.0,0.0,
ICW6286,-1.0,0.0,0.0,0.0,2.0,41273.5,0.0,
BYS0199,-1.0,0.0,0.0,0.0,1.0,28410.0,0.0,
Rhoda_D_Stewart,-1.0,0.0,0.0,0.0,1.0,29817.0,0.0,
Patrick-Ashley,-1.0,0.0,0.0,0.0,1.0,3254692.0,3.0,
UMB0322,-1.0,0.0,0.0,0.0,1.0,17888.0,0.0,
Shay_G_Barrett,-1.0,0.0,0.0,0.0,1.0,35745.0,0.0,
Wiley-Hoyt,-1.0,0.0,0.0,0.0,1.0,1166598.0,1.0,
Martena.Mcneil,-1.0,0.0,0.0,0.0,1.0,2286732.0,2.0,
Thornton-Tarik,-1.0,0.0,0.0,0.0,1.0,60279.0,0.0,
CCM1401,-1.0,0.0,0.0,0.0,1.0,24166.0,0.0,
DAD0331,-1.0,0.0,0.0,0.0,1.0,29285.0,0.0,
XKB1829,-1.0,0.0,0.0,0.0,1.0,24265.0,0.0,
Boyd-Aidan,-1.0,0.0,0.0,0.0,1.0,32409.0,0.0,
Eugenia.S.Mercado,-1.0,0.0,0.0,0.0,1.0,28012.0,0.0,
Gretchen_Vincent,-1.0,0.0,0.0,0.0,1.0,38329.0,0.0,
Thomas_Zeus,-1.0,0.0,0.0,0.0,1.0,27145.0,0.0,
SEL1062,-1.0,0.0,0.0,0.0,1.0,22715.0,0.0,
BTD1059,-1.0,0.0,0.0,0.0,1.0,1918530.0,4.0,
RGA1622,-1.0,0.0,0.0,0.0,1.0,1050931.0,1.0,
JDR0004,-1.0,0.0,0.0,0.0,1.0,46325.0,0.0,
Alyssa.C.Brock,-1.0,0.0,0.0,0.0,1.0,21787.0,0.0,
LDF0644,-1.0,0.0,0.0,0.0,2.0,21172.5,0.0,
Delacruz-Harding,-1.0,0.0,0.0,0.0,1.0,50002.0,0.0,
Ursa.Britt,-1.0,0.0,0.0,0.0,1.0,1462043.0,2.0,
NKT1510,-1.0,0.0,0.0,0.0,1.0,24854.0,0.0,
MTD0971,-1.0,0.0,0.0,0.0,1.0,21943.0,0.0,
VBK4,-1.0,0.0,0.0,0.0,1.0,18079.0,0.0,
JMW0038,-1.0,0.0,0.0,0.0,1.0,23782.0,0.0,
Bentley-Cruz,-1.0,0.0,0.0,0.0,1.0,38542.0,0.0,
Ila.Roman,-1.0,0.0,0.0,0.0,1.0,25789.0,0.0,
Piper_Black,-1.0,0.0,0.0,0.0,1.0,34577.0,0.0,
WLN1730,-1.0,0.0,0.0,0.0,1.0,25403.0,0.0,
Neve_Burton,-1.0,0.0,0.0,0.0,1.0,22521.0,0.0,
Wesley.P.Christian,-1.0,0.0,0.0,0.0,1.0,22989.0,0.0,
HBR1528,-1.0,0.0,0.0,0.0,1.0,35806.0,0.0,
SME1271,-1.0,0.0,0.0,0.0,2.0,537779.0,1.0,
CBD1128,-1.0,0.0,0.0,0.0,1.0,25823.0,0.0,
SLC1419,-1.0,0.0,0.0,0.0,1.0,2639331.0,3.0,
Quinn_D_Bradshaw,-1.0,0.0,0.0,0.0,1.0,40746.0,0.0,
CHL0953,-1.0,0.0,0.0,0.0,1.0,24582.0,0.0,
RRS0056,-1.0,0.0,0.0,0.0,1.0,23439.0,0.0,
MMM0082,-1.0,0.0,0.0,0.0,1.0,199516.0,1.0,
HKR1291,-1.0,0.0,0.0,0.0,1.0,30607.0,0.0,
DCS0636,-1.0,0.0,0.0,0.0,1.0,23669.0,0.0,
YYH0949,-1.0,0.0,0.0,0.0,1.0,35600.0,0.0,
KMG0062,-1.0,0.0,0.0,0.0,1.0,1647602.0,1.0,
April.R.Velez,-1.0,0.0,0.0,0.0,1.0,589441.0,1.0,
KLM1508,-1.0,0.0,0.0,0.0,1.0,40555.0,0.0,
Rios-Isaiah,-1.0,0.0,0.0,0.0,1.0,35403.0,0.0,
Anjolie_Houston,-1.0,0.0,0.0,0.0,2.0,22524.5,0.0,
JCM0580,-1.0,0.0,0.0,0.0,1.0,35941.0,0.0,
Sims-Eagan,-1.0,0.0,0.0,0.0,1.0,2000240.0,1.0,
Clements-Amy,-1.0,0.0,0.0,0.0,1.0,32784.0,0.0,
TRS0224,-1.0,0.0,0.0,0.0,1.0,48895.0,0.0,
AEC1085,-1.0,0.0,0.0,0.0,1.0,21259.0,0.0,
Reid-William,-1.0,0.0,0.0,0.0,1.0,43556.0,0.0,
Keaton.C.Chavez,-1.0,0.0,0.0,0.0,1.0,42311.0,0.0,
JLM0422,-1.0,0.0,0.0,0.0,1.0,18791.0,0.0,
DLW1705,-1.0,0.0,0.0,0.0,1.0,27613.0,0.0,
JUW1135,-1.0,0.0,0.0,0.0,1.0,167064.0,1.0,
SRP1576,-1.0,0.0,0.0,0.0,1.0,20223.0,0.0,
DHP0732,-1.0,0.0,0.0,0.0,1.0,32167.0,0.0,
CIM735,-1.0,0.0,0.0,0.0,1.0,2118693.0,2.0,
HCM1717,-1.0,0.0,0.0,0.0,1.0,38781.0,0.0,
Combs-Louis,-1.0,0.0,0.0,0.0,1.0,18533.0,0.0,
JJM0234,-1.0,0.0,0.0,0.0,1.0,43066.0,0.0,
YEG8459,-1.0,0.0,0.0,0.0,1.0,27830.0,0.0,
ERB0104,-1.0,0.0,0.0,0.0,2.0,30393.0,0.0,
QEL1515,-1.0,0.0,0.0,0.0,1.0,15185.0,0.0,
TWB1223,-1.0,0.0,0.0,0.0,1.0,20106.0,0.0,
KLG0576,-1.0,0.0,0.0,0.0,1.0,39126.0,0.0,
NMV0716,-1.0,0.0,0.0,0.0,1.0,25690.0,0.0,
JBR1651,-1.0,0.0,0.0,0.0,1.0,631252.0,1.0,
DBK0284,-1.0,0.0,0.0,0.0,1.0,29743.0,0.0,
Audrey.X.Parrish,-1.0,0.0,0.0,0.0,1.0,34860.0,0.0,
YKW1943,-1.0,0.0,0.0,0.0,1.0,1284725.0,1.0,
MMB1967,-1.0,0.0,0.0,0.0,1.0,15747.0,0.0,
MEC0212,-1.0,0.0,0.0,0.0,1.0,48259.0,0.0,
SJA57,-1.0,0.0,0.0,0.0,1.0,36927.0,0.0,
WBK1077,-1.0,0.0,0.0,0.0,1.0,1844628.0,1.0,
HMI1448,-1.0,0.0,0.0,0.0,1.0,3818001.0,2.0,
QKB0562,-1.0,0.0,0.0,0.0,1.0,1109994.0,1.0,
WRH42,-1.0,0.0,0.0,0.0,1.0,36997.0,0.0,
PRF0257,-1.0,0.0,0.0,0.0,1.0,31955.0,0.0,
Flynn-Lucius,-1.0,0.0,0.0,0.0,1.0,40605.0,0.0,
DPC1618,-1.0,0.0,0.0,0.0,1.0,36001.0,0.0,
Acton-Martinez,-1.0,0.0,0.0,0.0,1.0,43227.0,0.0,
Isabella_E_Houston,-1.0,0.0,0.0,0.0,1.0,47175.0,0.0,
Cadman_Mann,-1.0,0.0,0.0,0.0,1.0,29041.0,0.0,
KGD0416,-1.0,0.0,0.0,0.0,1.0,30947.0,0.0,
NZL1395,-1.0,0.0,0.0,0.0,1.0,20726.0,0.0,
KCM0402,-1.0,0.0,0.0,0.0,1.0,26419.0,0.0,
BSY1451,-1.0,0.0,0.0,0.0,1.0,25484.0,0.0,
Small_Christopher,-1.0,0.0,0.0,0.0,1.0,33425.0,0.0,
Burke_Hendrix,-1.0,0.0,0.0,0.0,1.0,3248573.0,2.0,
CJG0897,-1.0,0.0,0.0,0.0,1.0,25510.0,0.0,
Chang-Vaughan,-1.0,0.0,0.0,0.0,1.0,28261.0,0.0,
CEM1385,-1.0,0.0,0.0,0.0,1.0,22568.0,0.0,
