AWW0676,-0.171548117155,99.0,316631.505051,0.292929292929,140.0,536521.785714,0.621428571429,
HBP1076,1.0,1.0,21013.0,0.0,0.0,0.0,0.0,
Autumn-Wells,0.232432432432,114.0,283456.052632,0.271929824561,71.0,226549.535211,0.183098591549,
Justine.R.Skinner,0.164556962025,92.0,185474.119565,0.173913043478,66.0,349226.484848,0.257575757576,
TSG0262,-0.234567901235,93.0,207025.731183,0.247311827957,150.0,234855.966667,0.226666666667,
Gillespie-Tate,-0.130434782609,80.0,286368.8875,0.3,104.0,255131.75,0.259615384615,
Chang-Vaughan,0.88679245283,100.0,212623.01,0.19,6.0,33460.3333333,0.0,
Hurst-Driscoll,0.3,91.0,201652.010989,0.175824175824,49.0,539304.163265,0.612244897959,
Oliver-Declan,1.0,2.0,23820.0,0.0,0.0,0.0,0.0,
CGV855,0.0769230769231,84.0,171202.083333,0.166666666667,72.0,793672.055556,0.944444444444,
Hayden-Nash,0.314285714286,92.0,192430.619565,0.20652173913,48.0,961783.145833,0.9375,
TCH679,-0.0117647058824,84.0,455445.083333,0.452380952381,86.0,28358.3255814,0.0,
NFH0677,-0.264957264957,86.0,63118.8953488,0.0348837209302,148.0,564748.385135,0.608108108108,
BLW7641,1.0,1.0,1923877.0,1.0,0.0,0.0,0.0,
WCN4,0.207547169811,96.0,172207.895833,0.1875,63.0,30171.5555556,0.0,
Leilani.R.Spears,1.0,22.0,285470.181818,0.272727272727,0.0,0.0,0.0,
MDS0680,-0.208633093525,55.0,156988.945455,0.145454545455,84.0,348254.690476,0.345238095238,
WCN0261,-0.0547263681592,95.0,249567.463158,0.221052631579,106.0,30621.9433962,0.0,
CGV0671,-0.107981220657,95.0,147225.778947,0.136842105263,118.0,600692.449153,0.686440677966,
JNB0673,-0.20987654321,96.0,321403.020833,0.322916666667,147.0,325258.040816,0.367346938776,
DLH0679,-0.268292682927,90.0,265641.277778,0.211111111111,156.0,830560.166667,0.961538461538,
Renee_Alvarado,0.269461077844,106.0,234896.443396,0.27358490566,61.0,788261.393443,0.803278688525,
Ward_Chastity,1.0,1.0,5080336.0,6.0,0.0,0.0,0.0,
IKW0678,-0.116751269036,87.0,390077.988506,0.367816091954,110.0,194021.918182,0.145454545455,
HSN0675,-0.184357541899,73.0,262139.575342,0.232876712329,106.0,350278.471698,0.377358490566,
VCC0258,0.496183206107,98.0,73646.0918367,0.0510204081633,33.0,27935.4242424,0.0,
LEM6523,1.0,15.0,32664.5333333,0.0,0.0,0.0,0.0,
RAA0263,-0.141414141414,85.0,239503.623529,0.211764705882,113.0,618477.380531,0.628318584071,
Park_Ross,1.0,1.0,153001.0,1.0,0.0,0.0,0.0,
Halee.S.Norris,0.207792207792,93.0,152808.258065,0.139784946237,61.0,196560.721311,0.229508196721,
Melodie.Sykes,0.644859813084,88.0,115390.488636,0.113636363636,19.0,247886.947368,0.210526315789,
Ina_K_Webster,0.0409356725146,89.0,128551.52809,0.14606741573,82.0,173922.707317,0.121951219512,
JRS0674,-0.172995780591,98.0,285232.163265,0.30612244898,139.0,212604.661871,0.172661870504,
TCH0264,-0.19801980198,81.0,293948.703704,0.283950617284,121.0,30909.7024793,0.0,
Perry.T.Hebert,1.0,2.0,24903.0,0.0,0.0,0.0,0.0,
Klein_Hyatt,1.0,1.0,32634.0,0.0,0.0,0.0,0.0,
Marks-Quinlan,0.0588235294118,99.0,55683.1717172,0.030303030303,88.0,345774.363636,0.420454545455,
LEM3368,1.0,26.0,389201.807692,0.5,0.0,0.0,0.0,
LNS61,1.0,1.0,21726.0,0.0,0.0,0.0,0.0,
Rudyard_T_Hess,1.0,1.0,25620.0,0.0,0.0,0.0,0.0,
Rhonda_Terry,0.0,1.0,28441.0,0.0,1.0,20352.0,0.0,
Leon_Fatima,1.0,11.0,196279.909091,0.181818181818,0.0,0.0,0.0,
James_Brown,0.290780141844,91.0,166146.021978,0.164835164835,50.0,304797.74,0.3,
NSD932,1.0,1.0,16066.0,0.0,0.0,0.0,0.0,
JQS1350,1.0,1.0,36362.0,0.0,0.0,0.0,0.0,
EWA0156,1.0,1.0,27679.0,0.0,0.0,0.0,0.0,
WCR1830,1.0,1.0,28362.0,0.0,0.0,0.0,0.0,
QCM0672,-0.128205128205,85.0,313870.541176,0.341176470588,110.0,420225.727273,0.363636363636,
OKH0453,1.0,1.0,373077.0,1.0,0.0,0.0,0.0,
Ruby_B_Nelson,1.0,1.0,37083.0,0.0,0.0,0.0,0.0,
Nichole_Hines,1.0,1.0,3735138.0,6.0,0.0,0.0,0.0,
Samson.R.Montgomery,1.0,40.0,297943.775,0.3,0.0,0.0,0.0,
BCL0231,-0.333333333333,1.0,38578.0,0.0,2.0,28822.0,0.0,
ARG1264,1.0,1.0,33429.0,0.0,0.0,0.0,0.0,
MBG1455,1.0,1.0,21446.0,0.0,0.0,0.0,0.0,
LLB0437,0.0,1.0,23839.0,0.0,1.0,12107.0,0.0,
MMR1458,1.0,1.0,34181.0,0.0,0.0,0.0,0.0,
UMB0322,1.0,1.0,22586.0,0.0,0.0,0.0,0.0,
RCL1864,1.0,1.0,26285.0,0.0,0.0,0.0,0.0,
HBP0009,1.0,1.0,33649.0,0.0,0.0,0.0,0.0,
Larson-Camden,1.0,1.0,19096.0,0.0,0.0,0.0,0.0,
BAS0763,0.0,1.0,472029.0,1.0,1.0,88380.0,1.0,
Anthony-Plato,1.0,1.0,31472.0,0.0,0.0,0.0,0.0,
Lani_Wiggins,1.0,1.0,45909.0,0.0,0.0,0.0,0.0,
Wyatt-Barnett,1.0,1.0,30718.0,0.0,0.0,0.0,0.0,
VCG54,1.0,1.0,31126.0,0.0,0.0,0.0,0.0,
CDG88,1.0,1.0,33850.0,0.0,0.0,0.0,0.0,
MBM0145,1.0,1.0,22817.0,0.0,0.0,0.0,0.0,
HND1098,1.0,1.0,51429.0,0.0,0.0,0.0,0.0,
Leon-Fatima,1.0,25.0,644107.72,0.56,0.0,0.0,0.0,
EDC0697,1.0,1.0,34699.0,0.0,0.0,0.0,0.0,
Jade.C.Meadows,1.0,1.0,30663.0,0.0,0.0,0.0,0.0,
Peck-Hammett,1.0,1.0,21772.0,0.0,0.0,0.0,0.0,
Stevenson-Dean,1.0,1.0,29712.0,0.0,0.0,0.0,0.0,
Navarro-Timon,1.0,1.0,22858.0,0.0,0.0,0.0,0.0,
Riley_Molina,1.0,1.0,35429.0,0.0,0.0,0.0,0.0,
NHB1529,1.0,1.0,25464.0,0.0,0.0,0.0,0.0,
EBP1022,1.0,1.0,25916.0,0.0,0.0,0.0,0.0,
Pugh-Nathaniel,1.0,1.0,14697.0,0.0,0.0,0.0,0.0,
MYB0686,1.0,1.0,26393.0,0.0,0.0,0.0,0.0,
DLM0334,1.0,2.0,24419.0,0.0,0.0,0.0,0.0,
YJB0829,1.0,1.0,45222.0,0.0,0.0,0.0,0.0,
LIG7287,1.0,1.0,17376.0,0.0,0.0,0.0,0.0,
MGB9246,1.0,1.0,24247.0,0.0,0.0,0.0,0.0,
Xenos_Marshall,1.0,1.0,20737.0,0.0,0.0,0.0,0.0,
Clements-Amy,-0.333333333333,1.0,12639.0,0.0,2.0,33534.5,0.0,
Dixon-Alexa,1.0,1.0,23157.0,0.0,0.0,0.0,0.0,
Xaviera_Gallegos,1.0,1.0,34570.0,0.0,0.0,0.0,0.0,
TJO0663,1.0,1.0,30204.0,0.0,0.0,0.0,0.0,
Hawkins-Nolan,1.0,1.0,16893.0,0.0,0.0,0.0,0.0,
Sage.E.Ortega,1.0,1.0,33221.0,0.0,0.0,0.0,0.0,
CRD0272,1.0,1.0,26599.0,0.0,0.0,0.0,0.0,
ADH1016,1.0,1.0,19874.0,0.0,0.0,0.0,0.0,
DCF1237,1.0,1.0,28991.0,0.0,0.0,0.0,0.0,
KKP1311,0.0,1.0,36508.0,0.0,1.0,4051647.0,5.0,
FDD1520,1.0,1.0,20405.0,0.0,0.0,0.0,0.0,
HSH1102,1.0,1.0,22612.0,0.0,0.0,0.0,0.0,
Jolie_I_Pennington,1.0,1.0,17267.0,0.0,0.0,0.0,0.0,
Zoe-Raymond,1.0,1.0,35967.0,0.0,0.0,0.0,0.0,
MCB1145,1.0,1.0,44903.0,0.0,0.0,0.0,0.0,
NBB1935,1.0,1.0,30787.0,0.0,0.0,0.0,0.0,
Coleman_Orson,1.0,1.0,27006.0,0.0,0.0,0.0,0.0,
Faulkner_Reese,1.0,1.0,19169.0,0.0,0.0,0.0,0.0,
Urielle.A.Ratliff,1.0,1.0,19917.0,0.0,0.0,0.0,0.0,
Jacobson-Herman,1.0,1.0,54571.0,0.0,0.0,0.0,0.0,
Diaz-Chancellor,1.0,1.0,20444.0,0.0,0.0,0.0,0.0,
AGH1398,1.0,1.0,14045.0,0.0,0.0,0.0,0.0,
IAM1913,1.0,1.0,26889.0,0.0,0.0,0.0,0.0,
GKW6,1.0,1.0,33795.0,0.0,0.0,0.0,0.0,
ZHB1104,1.0,1.0,28389.0,0.0,0.0,0.0,0.0,
Bentley-Cruz,1.0,1.0,24225.0,0.0,0.0,0.0,0.0,
Quincy_S_Munoz,1.0,1.0,42902.0,0.0,0.0,0.0,0.0,
AAB3975,1.0,1.0,32299.0,0.0,0.0,0.0,0.0,
Campos_Jaime,1.0,1.0,18711.0,0.0,0.0,0.0,0.0,
Adele_Blevins,1.0,1.0,42777.0,0.0,0.0,0.0,0.0,
Shafira.Z.Noble,1.0,1.0,37396.0,0.0,0.0,0.0,0.0,
Daniel.J.Wilkins,1.0,1.0,34325.0,0.0,0.0,0.0,0.0,
CTB0744,1.0,1.0,31149.0,0.0,0.0,0.0,0.0,
Burton.Lewis,1.0,1.0,34392.0,0.0,0.0,0.0,0.0,
Vera_Hendrix,1.0,1.0,43260.0,0.0,0.0,0.0,0.0,
DNF5,1.0,1.0,19735.0,0.0,0.0,0.0,0.0,
Herrera-Arsenio,1.0,1.0,13116.0,0.0,0.0,0.0,0.0,
DXO8,1.0,1.0,34107.0,0.0,0.0,0.0,0.0,
AWW0718,0.0,1.0,16180.0,0.0,1.0,25031.0,0.0,
HFM0465,1.0,1.0,38607.0,0.0,0.0,0.0,0.0,
JCK0692,1.0,1.0,35901.0,0.0,0.0,0.0,0.0,
Nora_L_Cross,1.0,1.0,30814.0,0.0,0.0,0.0,0.0,
Daniels-Yasir,1.0,1.0,958309.0,1.0,0.0,0.0,0.0,
KNM4,1.0,1.0,35802.0,0.0,0.0,0.0,0.0,
ASO0180,-0.333333333333,1.0,27829.0,0.0,2.0,23849.0,0.0,
RTH0564,1.0,1.0,30379.0,0.0,0.0,0.0,0.0,
KIC0438,1.0,1.0,46653.0,0.0,0.0,0.0,0.0,
RSS1825,1.0,1.0,59303.0,0.0,0.0,0.0,0.0,
Meghan_Colon,1.0,1.0,36078.0,0.0,0.0,0.0,0.0,
JVH832,1.0,1.0,33292.0,0.0,0.0,0.0,0.0,
Athena_Mccullough,1.0,1.0,18233.0,0.0,0.0,0.0,0.0,
Gay_Ratliff,1.0,1.0,34406.0,0.0,0.0,0.0,0.0,
CNM0787,1.0,1.0,34803.0,0.0,0.0,0.0,0.0,
RRC0891,0.0,1.0,23081.0,0.0,1.0,385990.0,2.0,
Cantrell-Rogan,1.0,1.0,24607.0,0.0,0.0,0.0,0.0,
CHN0282,1.0,1.0,6972014.0,6.0,0.0,0.0,0.0,
Mcdonald_MacKensie,1.0,1.0,50660.0,0.0,0.0,0.0,0.0,
Cynthia_Blanchard,1.0,1.0,33038.0,0.0,0.0,0.0,0.0,
BBW0151,1.0,1.0,28183.0,0.0,0.0,0.0,0.0,
RCD767,1.0,1.0,26436.0,0.0,0.0,0.0,0.0,
Aileen_Franklin,1.0,1.0,29819.0,0.0,0.0,0.0,0.0,
Foley_Amery,1.0,1.0,38867.0,0.0,0.0,0.0,0.0,
Inez-Callahan,1.0,1.0,46624.0,0.0,0.0,0.0,0.0,
BWM0175,1.0,1.0,22409.0,0.0,0.0,0.0,0.0,
ELM1123,1.0,1.0,22982.0,0.0,0.0,0.0,0.0,
Akeem.I.Hester,1.0,1.0,35311.0,0.0,0.0,0.0,0.0,
KSC1255,1.0,1.0,30069.0,0.0,0.0,0.0,0.0,
PPB1181,1.0,1.0,49927.0,0.0,0.0,0.0,0.0,
JAC0721,1.0,1.0,30212.0,0.0,0.0,0.0,0.0,
Madonna.M.Buckner,1.0,1.0,23345.0,0.0,0.0,0.0,0.0,
NIM1203,1.0,1.0,22335.0,0.0,0.0,0.0,0.0,
KOL1923,0.0,1.0,33643.0,0.0,1.0,1037053.0,1.0,
SJC0232,1.0,1.0,19604.0,0.0,0.0,0.0,0.0,
UKG0386,1.0,1.0,55065.0,0.0,0.0,0.0,0.0,
HCP0900,1.0,1.0,28907.0,0.0,0.0,0.0,0.0,
Nichole_J_Scott,1.0,1.0,20271.0,0.0,0.0,0.0,0.0,
MKG0606,1.0,1.0,20695.0,0.0,0.0,0.0,0.0,
GSB0173,1.0,1.0,19037.0,0.0,0.0,0.0,0.0,
ACT1903,1.0,1.0,18463.0,0.0,0.0,0.0,0.0,
Rae_Henry,1.0,1.0,16445.0,0.0,0.0,0.0,0.0,
BNE1140,1.0,1.0,36492.0,0.0,0.0,0.0,0.0,
XDM0723,1.0,1.0,48415.0,0.0,0.0,0.0,0.0,
SKF1892,1.0,1.0,36209.0,0.0,0.0,0.0,0.0,
Jemima-Pratt,1.0,1.0,32426.0,0.0,0.0,0.0,0.0,
Sparks-Herrod,1.0,1.0,35726.0,0.0,0.0,0.0,0.0,
Tamekah.C.Cochran,1.0,1.0,26881.0,0.0,0.0,0.0,0.0,
ICW0083,0.0,1.0,325906.0,1.0,1.0,31003.0,0.0,
Indira.Henson,1.0,1.0,2321985.0,3.0,0.0,0.0,0.0,
ZAC0499,0.0,1.0,29152.0,0.0,1.0,18343.0,0.0,
Justin.Y.Simmons,1.0,1.0,17225.0,0.0,0.0,0.0,0.0,
ARM0333,1.0,2.0,101480.5,0.5,0.0,0.0,0.0,
Shelton-Finn,1.0,1.0,48081.0,0.0,0.0,0.0,0.0,
AOC1283,1.0,1.0,37764.0,0.0,0.0,0.0,0.0,
DCS0636,0.0,1.0,25348.0,0.0,1.0,1754467.0,1.0,
Anne_Burton,1.0,1.0,20639.0,0.0,0.0,0.0,0.0,
Penelope_Castro,1.0,1.0,82433.0,0.0,0.0,0.0,0.0,
Taylor.L.Williams,1.0,1.0,14957.0,0.0,0.0,0.0,0.0,
Judith_C_Keller,1.0,1.0,31058.0,0.0,0.0,0.0,0.0,
Hillary.J.Blackburn,0.0,1.0,25358.0,0.0,1.0,25565.0,0.0,
MLH0942,0.0,1.0,29746.0,0.0,1.0,34633.0,0.0,
AFC0792,1.0,1.0,45886.0,0.0,0.0,0.0,0.0,
MHM1645,1.0,1.0,27604.0,0.0,0.0,0.0,0.0,
NJS1194,1.0,1.0,18337.0,0.0,0.0,0.0,0.0,
NHA0054,1.0,1.0,37204.0,0.0,0.0,0.0,0.0,
Irma.F.Hunt,1.0,1.0,7141032.0,6.0,0.0,0.0,0.0,
KDL1901,1.0,1.0,26275.0,0.0,0.0,0.0,0.0,
DNT1801,1.0,1.0,29517.0,0.0,0.0,0.0,0.0,
Rachel-Q-Bishop,1.0,2.0,25935.5,0.0,0.0,0.0,0.0,
HAD0702,1.0,1.0,26378.0,0.0,0.0,0.0,0.0,
UMT1084,1.0,1.0,23808.0,0.0,0.0,0.0,0.0,
CRM0880,1.0,1.0,30640.0,0.0,0.0,0.0,0.0,
JUW1135,1.0,1.0,39447.0,0.0,0.0,0.0,0.0,
ACS0589,1.0,1.0,28940.0,0.0,0.0,0.0,0.0,
TAH0300,1.0,1.0,30179.0,0.0,0.0,0.0,0.0,
MRH0407,1.0,1.0,26057.0,0.0,0.0,0.0,0.0,
RRG1253,1.0,1.0,23119.0,0.0,0.0,0.0,0.0,
Lyle_Ferrell,1.0,1.0,38204.0,0.0,0.0,0.0,0.0,
QWP1513,1.0,1.0,52649.0,0.0,0.0,0.0,0.0,
Hines-Zane,1.0,1.0,41295.0,0.0,0.0,0.0,0.0,
Robinson-Quamar,1.0,1.0,38717.0,0.0,0.0,0.0,0.0,
HWS0101,1.0,1.0,16961.0,0.0,0.0,0.0,0.0,
Darius-Pennington,1.0,1.0,42392.0,0.0,0.0,0.0,0.0,
Justine.P.Mccullough,1.0,1.0,26968.0,0.0,0.0,0.0,0.0,
Clare_Wilcox,1.0,2.0,27667.0,0.0,0.0,0.0,0.0,
CLC1425,1.0,1.0,22113.0,0.0,0.0,0.0,0.0,
Baker-Isaiah,1.0,1.0,18408.0,0.0,0.0,0.0,0.0,
CDD794,1.0,1.0,30265.0,0.0,0.0,0.0,0.0,
CAB1886,1.0,1.0,23789.0,0.0,0.0,0.0,0.0,
IRM0766,1.0,1.0,483731.0,1.0,0.0,0.0,0.0,
KLG0576,1.0,1.0,32471.0,0.0,0.0,0.0,0.0,
EPB0893,1.0,2.0,26567.0,0.0,0.0,0.0,0.0,
KMH0529,1.0,1.0,21199.0,0.0,0.0,0.0,0.0,
Trujillo-Sarah,1.0,1.0,8949474.0,9.0,0.0,0.0,0.0,
Crosby-Odysseus,1.0,1.0,24947.0,0.0,0.0,0.0,0.0,
GRB1842,1.0,1.0,39686.0,0.0,0.0,0.0,0.0,
LMP6153,1.0,1.0,34063.0,0.0,0.0,0.0,0.0,
Kerr-Daniel,1.0,1.0,28873.0,0.0,0.0,0.0,0.0,
BTN1466,1.0,1.0,20583.0,0.0,0.0,0.0,0.0,
MCT0695,1.0,1.0,808271.0,1.0,0.0,0.0,0.0,
AMC0265,1.0,1.0,24379.0,0.0,0.0,0.0,0.0,
GAF0250,1.0,1.0,26489.0,0.0,0.0,0.0,0.0,
Hanna_M_Deleon,1.0,1.0,26537.0,0.0,0.0,0.0,0.0,
Kylan_Conner,1.0,1.0,39916.0,0.0,0.0,0.0,0.0,
BWJ1539,0.333333333333,2.0,33628.0,0.0,1.0,32918.0,0.0,
Cassandra_C_Macdonald,1.0,1.0,46648.0,0.0,0.0,0.0,0.0,
Ashton.J.Delgado,1.0,1.0,16278.0,0.0,0.0,0.0,0.0,
KZM0362,1.0,1.0,42017.0,0.0,0.0,0.0,0.0,
Moore_Noelle,1.0,1.0,20523.0,0.0,0.0,0.0,0.0,
Zane.P.Gordon,1.0,1.0,33693.0,0.0,0.0,0.0,0.0,
Brandon.N.Ellison,1.0,1.0,1700886.0,1.0,0.0,0.0,0.0,
Graham-Kelly,0.0,1.0,23874.0,0.0,1.0,1067315.0,1.0,
FJP1692,1.0,1.0,25593.0,0.0,0.0,0.0,0.0,
JCB0791,1.0,1.0,803444.0,1.0,0.0,0.0,0.0,
Melodie_D_Sykes,1.0,40.0,401417.6,0.475,0.0,0.0,0.0,
NCB0657,1.0,1.0,30509.0,0.0,0.0,0.0,0.0,
AEM0113,1.0,1.0,1056994.0,2.0,0.0,0.0,0.0,
JGM1269,1.0,1.0,30090.0,0.0,0.0,0.0,0.0,
LKB0734,1.0,1.0,43099.0,0.0,0.0,0.0,0.0,
QKB0562,1.0,1.0,40206.0,0.0,0.0,0.0,0.0,
RSM1426,1.0,1.0,28342.0,0.0,0.0,0.0,0.0,
CAM1025,1.0,1.0,28577.0,0.0,0.0,0.0,0.0,
KAD0387,1.0,1.0,27399.0,0.0,0.0,0.0,0.0,
XJS1358,1.0,1.0,28072.0,0.0,0.0,0.0,0.0,
BGF1845,0.0,1.0,2335165.0,2.0,1.0,28298.0,0.0,
Sacha_S_Soto,1.0,1.0,26454.0,0.0,0.0,0.0,0.0,
DMP858,1.0,1.0,21117.0,0.0,0.0,0.0,0.0,
ERV51,1.0,1.0,20721.0,0.0,0.0,0.0,0.0,
CEM1385,1.0,1.0,2608369.0,5.0,0.0,0.0,0.0,
Emma.A.Montoya,1.0,1.0,25919.0,0.0,0.0,0.0,0.0,
RBD0122,1.0,1.0,42867.0,0.0,0.0,0.0,0.0,
PHP0436,1.0,1.0,16993.0,0.0,0.0,0.0,0.0,
HAB1787,1.0,2.0,26389.5,0.0,0.0,0.0,0.0,
LPS1875,1.0,1.0,9914.0,0.0,0.0,0.0,0.0,
LKC0405,1.0,1.0,16126.0,0.0,0.0,0.0,0.0,
HDM0017,1.0,1.0,51208.0,0.0,0.0,0.0,0.0,
Mona_J_Alford,1.0,1.0,24876.0,0.0,0.0,0.0,0.0,
Lillian.S.Dudley,1.0,1.0,18033.0,0.0,0.0,0.0,0.0,
Nicole_Hubbard,1.0,1.0,16518.0,0.0,0.0,0.0,0.0,
Mia_A_Macdonald,1.0,1.0,33233.0,0.0,0.0,0.0,0.0,
BCL1423,1.0,1.0,22761.0,0.0,0.0,0.0,0.0,
SLC1419,1.0,1.0,28184.0,0.0,0.0,0.0,0.0,
PRL0965,1.0,1.0,34188.0,0.0,0.0,0.0,0.0,
Claire.K.Horne,1.0,1.0,22914.0,0.0,0.0,0.0,0.0,
HIS1394,1.0,1.0,33681.0,0.0,0.0,0.0,0.0,
AMH1887,1.0,1.0,47889.0,0.0,0.0,0.0,0.0,
JSA0468,1.0,1.0,12498.0,0.0,0.0,0.0,0.0,
HYA0368,1.0,1.0,15583.0,0.0,0.0,0.0,0.0,
Karina.M.Collins,1.0,1.0,67879.0,0.0,0.0,0.0,0.0,
Peterson-Ian,1.0,1.0,51124.0,0.0,0.0,0.0,0.0,
Jeanette_J_Henson,0.0,1.0,41659.0,0.0,1.0,20423.0,0.0,
Rina_Logan,1.0,1.0,17751.0,0.0,0.0,0.0,0.0,
Latifah-Duncan,1.0,1.0,28012.0,0.0,0.0,0.0,0.0,
BJM1314,1.0,1.0,19812.0,0.0,0.0,0.0,0.0,
BCB1715,1.0,1.0,19714.0,0.0,0.0,0.0,0.0,
KMG0062,0.0,1.0,28779.0,0.0,1.0,24189.0,0.0,
EAP21,1.0,1.0,27506.0,0.0,0.0,0.0,0.0,
GPS29,0.0,1.0,29998.0,0.0,1.0,21916.0,0.0,
Shay_G_Barrett,1.0,1.0,19358.0,0.0,0.0,0.0,0.0,
HVL8651,1.0,1.0,42279.0,0.0,0.0,0.0,0.0,
Cook-Dennis,1.0,2.0,40793.5,0.0,0.0,0.0,0.0,
Kay_Wells,1.0,1.0,32640.0,0.0,0.0,0.0,0.0,
Moss-Keith,1.0,1.0,4960015.0,6.0,0.0,0.0,0.0,
JAG0861,1.0,1.0,27478.0,0.0,0.0,0.0,0.0,
KCF0767,1.0,1.0,38754.0,0.0,0.0,0.0,0.0,
Kylie.D.Contreras,1.0,1.0,36841.0,0.0,0.0,0.0,0.0,
BDM1204,1.0,1.0,23852.0,0.0,0.0,0.0,0.0,
NJK1732,1.0,1.0,31334.0,0.0,0.0,0.0,0.0,
Leigh_Baldwin,1.0,1.0,1464306.0,2.0,0.0,0.0,0.0,
KJA0347,1.0,1.0,16751.0,0.0,0.0,0.0,0.0,
KBB1803,1.0,1.0,14182.0,0.0,0.0,0.0,0.0,
CKD0967,1.0,1.0,59115.0,0.0,0.0,0.0,0.0,
Jaquelyn-Leach,1.0,1.0,4785463.0,5.0,0.0,0.0,0.0,
Rowland-Hedley,1.0,1.0,48347.0,0.0,0.0,0.0,0.0,
UOR1486,1.0,1.0,39826.0,0.0,0.0,0.0,0.0,
BAR1640,1.0,1.0,840081.0,1.0,0.0,0.0,0.0,
Brenna.S.Gordon,1.0,1.0,20285.0,0.0,0.0,0.0,0.0,
HAB155,1.0,1.0,19967.0,0.0,0.0,0.0,0.0,
BBN1129,1.0,1.0,53817.0,0.0,0.0,0.0,0.0,
DPC367,1.0,1.0,23144.0,0.0,0.0,0.0,0.0,
Garrett_Renee,1.0,1.0,18528.0,0.0,0.0,0.0,0.0,
LKM19,1.0,1.0,28494.0,0.0,0.0,0.0,0.0,
Hope.Delacruz,1.0,1.0,890879.0,1.0,0.0,0.0,0.0,
Riley.Briggs,1.0,1.0,23242.0,0.0,0.0,0.0,0.0,
FGW1794,1.0,1.0,38851.0,0.0,0.0,0.0,0.0,
MCW1367,1.0,1.0,18251.0,0.0,0.0,0.0,0.0,
ANM0830,1.0,1.0,18061.0,0.0,0.0,0.0,0.0,
BAT1359,1.0,1.0,19804.0,0.0,0.0,0.0,0.0,
NAB1673,1.0,1.0,76709.0,0.0,0.0,0.0,0.0,
Thornton-Tarik,1.0,1.0,54127.0,0.0,0.0,0.0,0.0,
JJL1722,1.0,1.0,36093.0,0.0,0.0,0.0,0.0,
DOH1483,1.0,1.0,48682.0,0.0,0.0,0.0,0.0,
GJM1409,1.0,1.0,30714.0,0.0,0.0,0.0,0.0,
Tatum_Daniel,1.0,1.0,18339.0,0.0,0.0,0.0,0.0,
Blythe_D_Pugh,1.0,1.0,23346.0,0.0,0.0,0.0,0.0,
CEH1567,1.0,1.0,44605.0,0.0,0.0,0.0,0.0,
NKD0115,1.0,1.0,51981.0,0.0,0.0,0.0,0.0,
AQC0371,1.0,1.0,26507.0,0.0,0.0,0.0,0.0,
Cherokee_Chambers,1.0,1.0,34405.0,0.0,0.0,0.0,0.0,
IQB1745,1.0,1.0,24443.0,0.0,0.0,0.0,0.0,
ZOC0154,1.0,2.0,26352.5,0.0,0.0,0.0,0.0,
HBD0788,1.0,1.0,2993580.0,6.0,0.0,0.0,0.0,
Brynn_Guerra,1.0,1.0,33156.0,0.0,0.0,0.0,0.0,
MES61,1.0,1.0,30204.0,0.0,0.0,0.0,0.0,
Lindsay-Wayne,1.0,1.0,17722.0,0.0,0.0,0.0,0.0,
Veda_Austin,1.0,1.0,23378.0,0.0,0.0,0.0,0.0,
ISS0508,1.0,1.0,1256386.0,1.0,0.0,0.0,0.0,
ATD1067,1.0,1.0,43624.0,0.0,0.0,0.0,0.0,
KZB1630,1.0,1.0,25037.0,0.0,0.0,0.0,0.0,
KAW0642,1.0,1.0,26454.0,0.0,0.0,0.0,0.0,
REL0910,1.0,1.0,29360.0,0.0,0.0,0.0,0.0,
Hilel-Salas,1.0,1.0,62281.0,0.0,0.0,0.0,0.0,
Cathleen_Lester,1.0,1.0,2267145.0,3.0,0.0,0.0,0.0,
CCK9,1.0,1.0,46069.0,0.0,0.0,0.0,0.0,
Jaquelyn.E.Hull,1.0,1.0,1061556.0,1.0,0.0,0.0,0.0,
Patience-Yates,1.0,1.0,19488.0,0.0,0.0,0.0,0.0,
Preston_M_Burns,0.0,1.0,49635.0,0.0,1.0,13383.0,0.0,
MAD0207,1.0,1.0,39442.0,0.0,0.0,0.0,0.0,
LSO55,1.0,2.0,33470.0,0.0,0.0,0.0,0.0,
CCP1460,1.0,1.0,36712.0,0.0,0.0,0.0,0.0,
HPC7789,0.0,1.0,24301.0,0.0,1.0,40577.0,0.0,
JOM1740,1.0,1.0,27261.0,0.0,0.0,0.0,0.0,
GKG316,1.0,1.0,51997.0,0.0,0.0,0.0,0.0,
Abdul_Holmes,1.0,1.0,35096.0,0.0,0.0,0.0,0.0,
Victoria_Hebert,0.0,1.0,31162.0,0.0,1.0,33757.0,0.0,
MEH0029,0.0,1.0,27305.0,0.0,1.0,32920.0,0.0,
LHD1750,1.0,1.0,22253.0,0.0,0.0,0.0,0.0,
BDB1111,1.0,1.0,30794.0,0.0,0.0,0.0,0.0,
Craig-Aladdin,1.0,1.0,16840.0,0.0,0.0,0.0,0.0,
HPC55,1.0,1.0,31488.0,0.0,0.0,0.0,0.0,
DKG0161,1.0,1.0,20080.0,0.0,0.0,0.0,0.0,
KDG1330,1.0,1.0,29476.0,0.0,0.0,0.0,0.0,
DSH1074,1.0,1.0,32086.0,0.0,0.0,0.0,0.0,
JMM77,1.0,1.0,2518468.0,2.0,0.0,0.0,0.0,
Jeanette_Winters,1.0,1.0,38875.0,0.0,0.0,0.0,0.0,
HDL0789,1.0,1.0,17505.0,0.0,0.0,0.0,0.0,
Lana_Pugh,0.0,1.0,25265.0,0.0,1.0,26427.0,0.0,
FRM0010,1.0,1.0,27245.0,0.0,0.0,0.0,0.0,
JMA215,1.0,1.0,18812.0,0.0,0.0,0.0,0.0,
ROB6,1.0,1.0,35855.0,0.0,0.0,0.0,0.0,
EZG9638,1.0,1.0,28772.0,0.0,0.0,0.0,0.0,
Flynn-Lucius,1.0,1.0,52036.0,0.0,0.0,0.0,0.0,
Yolanda.J.Becker,1.0,1.0,18077.0,0.0,0.0,0.0,0.0,
CBS1856,1.0,1.0,33423.0,0.0,0.0,0.0,0.0,
DEW1968,1.0,1.0,34790.0,0.0,0.0,0.0,0.0,
Judith.D.Wynn,1.0,1.0,22077.0,0.0,0.0,0.0,0.0,
Maynard-Bruce,1.0,1.0,31077.0,0.0,0.0,0.0,0.0,
Rhodes-Kieran,1.0,1.0,19319.0,0.0,0.0,0.0,0.0,
Chastity_Watson,1.0,1.0,21518.0,0.0,0.0,0.0,0.0,
HJB1444,1.0,1.0,38888.0,0.0,0.0,0.0,0.0,
DCK1782,1.0,1.0,25490.0,0.0,0.0,0.0,0.0,
Shea_Waller,1.0,1.0,28522.0,0.0,0.0,0.0,0.0,
Whitney-Hakeem,1.0,1.0,38304.0,0.0,0.0,0.0,0.0,
Kinney_Kelly,-1.0,0.0,0.0,0.0,1.0,22264.0,0.0,
Lacota.H.Livingston,-1.0,0.0,0.0,0.0,1.0,2117553.0,1.0,
TFW1388,-1.0,0.0,0.0,0.0,1.0,1537080.0,1.0,
Hedy_G_George,-1.0,0.0,0.0,0.0,1.0,28233.0,0.0,
Conner-Clayton,-1.0,0.0,0.0,0.0,1.0,32419.0,0.0,
ALH0506,-1.0,0.0,0.0,0.0,1.0,45533.0,0.0,
Thomas.Thaddeus,-1.0,0.0,0.0,0.0,2.0,22639.0,0.0,
RPM0125,-1.0,0.0,0.0,0.0,1.0,47879.0,0.0,
NWP1609,-1.0,0.0,0.0,0.0,1.0,31038.0,0.0,
JOR1221,-1.0,0.0,0.0,0.0,2.0,216739.0,0.5,
ZJN1492,-1.0,0.0,0.0,0.0,1.0,26045.0,0.0,
SME1271,-1.0,0.0,0.0,0.0,2.0,851466.0,0.5,
JJS0013,-1.0,0.0,0.0,0.0,2.0,32947.0,0.0,
QJH1605,-1.0,0.0,0.0,0.0,1.0,40751.0,0.0,
AEG0962,-1.0,0.0,0.0,0.0,1.0,35873.0,0.0,
CCW0097,-1.0,0.0,0.0,0.0,1.0,1522596.0,1.0,
OWC0518,-1.0,0.0,0.0,0.0,2.0,1536618.0,1.5,
RGA2,-1.0,0.0,0.0,0.0,1.0,22096.0,0.0,
Mcclain-Malcolm,-1.0,0.0,0.0,0.0,1.0,38563.0,0.0,
MOD1927,-1.0,0.0,0.0,0.0,1.0,32036.0,0.0,
RDS1398,-1.0,0.0,0.0,0.0,2.0,30666.0,0.0,
ISK0116,-1.0,0.0,0.0,0.0,1.0,32516.0,0.0,
JTS0903,-1.0,0.0,0.0,0.0,1.0,48518.0,0.0,
KBB1294,-1.0,0.0,0.0,0.0,1.0,39924.0,0.0,
PAM0867,-1.0,0.0,0.0,0.0,1.0,53056.0,0.0,
HTB0444,-1.0,0.0,0.0,0.0,1.0,1025611.0,1.0,
GRB56,-1.0,0.0,0.0,0.0,2.0,27793.5,0.0,
Quemby_E_Lindsay,-1.0,0.0,0.0,0.0,1.0,19995.0,0.0,
Short-Arsenio,-1.0,0.0,0.0,0.0,1.0,22433.0,0.0,
VPA0974,-1.0,0.0,0.0,0.0,1.0,21907.0,0.0,
JPW745,-1.0,0.0,0.0,0.0,1.0,23117.0,0.0,
Anjolie_Houston,-1.0,0.0,0.0,0.0,1.0,21065.0,0.0,
DDM1065,-1.0,0.0,0.0,0.0,1.0,29999.0,0.0,
BCS1310,-1.0,0.0,0.0,0.0,1.0,528331.0,1.0,
DEO1964,-1.0,0.0,0.0,0.0,1.0,23041.0,0.0,
EGM1222,-1.0,0.0,0.0,0.0,1.0,1499869.0,2.0,
BTD1059,-1.0,0.0,0.0,0.0,1.0,30980.0,0.0,
Olga_H_Stuart,-1.0,0.0,0.0,0.0,1.0,1051660.0,1.0,
DRM0443,-1.0,0.0,0.0,0.0,1.0,344884.0,1.0,
Abra.L.Travis,-1.0,0.0,0.0,0.0,1.0,24663.0,0.0,
JAM4,-1.0,0.0,0.0,0.0,1.0,26628.0,0.0,
Curry-Tana,-1.0,0.0,0.0,0.0,1.0,34548.0,0.0,
Tobias.K.Howe,-1.0,0.0,0.0,0.0,1.0,26139.0,0.0,
DOR0935,-1.0,0.0,0.0,0.0,1.0,32230.0,0.0,
CCP1491,-1.0,0.0,0.0,0.0,1.0,399993.0,1.0,
Kelsey.O.Giles,-1.0,0.0,0.0,0.0,1.0,51969.0,0.0,
ARL0411,-1.0,0.0,0.0,0.0,1.0,18360.0,0.0,
WAH1774,-1.0,0.0,0.0,0.0,1.0,25887.0,0.0,
Lynch-Samson,-1.0,0.0,0.0,0.0,1.0,2785511.0,2.0,
TaShya_Ayala,-1.0,0.0,0.0,0.0,1.0,9393569.0,9.0,
Chiquita_Burns,-1.0,0.0,0.0,0.0,1.0,28836.0,0.0,
HDH1384,-1.0,0.0,0.0,0.0,1.0,25638.0,0.0,
Reid-William,-1.0,0.0,0.0,0.0,1.0,31160.0,0.0,
Roman-Nelle,-1.0,0.0,0.0,0.0,1.0,116658.0,1.0,
Deborah-Hyde,-1.0,0.0,0.0,0.0,1.0,2352307.0,2.0,
TDR1930,-1.0,0.0,0.0,0.0,2.0,37675.0,0.0,
CWC0006,-1.0,0.0,0.0,0.0,1.0,39551.0,1.0,
PMB1928,-1.0,0.0,0.0,0.0,1.0,37304.0,0.0,
Martena.Mcneil,-1.0,0.0,0.0,0.0,1.0,33420.0,0.0,
JLC0742,-1.0,0.0,0.0,0.0,1.0,24980.0,0.0,
TaShya_M_Rush,-1.0,0.0,0.0,0.0,1.0,915504.0,1.0,
JSO1500,-1.0,0.0,0.0,0.0,1.0,17576.0,0.0,
TRP0892,-1.0,0.0,0.0,0.0,1.0,33064.0,0.0,
Maia_Stevens,-1.0,0.0,0.0,0.0,1.0,35766.0,0.0,
JJC0259,-1.0,0.0,0.0,0.0,1.0,2025103.0,2.0,
Yolanda.Branch,-1.0,0.0,0.0,0.0,1.0,43264.0,0.0,
KWM0365,-1.0,0.0,0.0,0.0,2.0,46182.0,0.0,
Scarlett_J_Callahan,-1.0,0.0,0.0,0.0,1.0,41088.0,0.0,
CDL0189,-1.0,0.0,0.0,0.0,1.0,846629.0,3.0,
HDA1824,-1.0,0.0,0.0,0.0,1.0,60970.0,0.0,
DHP0732,-1.0,0.0,0.0,0.0,1.0,26947.0,0.0,
ECV1289,-1.0,0.0,0.0,0.0,1.0,29415.0,0.0,
Belle_Frost,-1.0,0.0,0.0,0.0,1.0,25573.0,0.0,
SEL1062,-1.0,0.0,0.0,0.0,1.0,28526.0,0.0,
MAF1623,-1.0,0.0,0.0,0.0,1.0,31315.0,0.0,
HBW0683,-1.0,0.0,0.0,0.0,1.0,32393.0,0.0,
PBC0077,-1.0,0.0,0.0,0.0,1.0,28619.0,0.0,
WLH1827,-1.0,0.0,0.0,0.0,1.0,35013.0,0.0,
DVM1290,-1.0,0.0,0.0,0.0,1.0,2042225.0,2.0,
LJH1027,-1.0,0.0,0.0,0.0,1.0,22561.0,0.0,
CGS0647,-1.0,0.0,0.0,0.0,1.0,28580.0,0.0,
JMA0540,-1.0,0.0,0.0,0.0,1.0,40186.0,0.0,
Hasad.S.Knowles,-1.0,0.0,0.0,0.0,1.0,21677.0,0.0,
CHP1711,-1.0,0.0,0.0,0.0,1.0,33355.0,0.0,
Priscilla.Cooper,-1.0,0.0,0.0,0.0,1.0,1291064.0,1.0,
Brenden-David,-1.0,0.0,0.0,0.0,1.0,26109.0,0.0,
WOG4723,-1.0,0.0,0.0,0.0,1.0,17147.0,0.0,
DCV1185,-1.0,0.0,0.0,0.0,1.0,37029.0,0.0,
ZJT1601,-1.0,0.0,0.0,0.0,1.0,21677.0,0.0,
CAB1189,-1.0,0.0,0.0,0.0,1.0,28195.0,0.0,
Chiquita_Cortez,-1.0,0.0,0.0,0.0,1.0,23980.0,0.0,
Griffin-Merritt,-1.0,0.0,0.0,0.0,1.0,40846.0,0.0,
LSC1951,-1.0,0.0,0.0,0.0,1.0,282259.0,1.0,
CKP0213,-1.0,0.0,0.0,0.0,1.0,38981.0,0.0,
JOB0532,-1.0,0.0,0.0,0.0,1.0,42561.0,0.0,
BLW0552,-1.0,0.0,0.0,0.0,1.0,34390.0,0.0,
DDW0757,-1.0,0.0,0.0,0.0,1.0,18444.0,0.0,
SJA0635,-1.0,0.0,0.0,0.0,1.0,429003.0,1.0,
DCA0857,-1.0,0.0,0.0,0.0,1.0,17764.0,0.0,
CGW1511,-1.0,0.0,0.0,0.0,1.0,13762.0,0.0,
RJG779,-1.0,0.0,0.0,0.0,1.0,23736.0,0.0,
BMC0650,-1.0,0.0,0.0,0.0,1.0,600977.0,1.0,
HRE0297,-1.0,0.0,0.0,0.0,2.0,34569.0,0.0,
TLS0643,-1.0,0.0,0.0,0.0,1.0,28888.0,0.0,
Lesley.A.Holloway,-1.0,0.0,0.0,0.0,1.0,21537.0,0.0,
UMB0310,-1.0,0.0,0.0,0.0,1.0,19122.0,0.0,
PTH0005,-1.0,0.0,0.0,0.0,1.0,28940.0,0.0,
Kristen_U_Burks,-1.0,0.0,0.0,0.0,1.0,24497.0,0.0,
GVM9137,-1.0,0.0,0.0,0.0,1.0,2049970.0,2.0,
Lars_Patterson,-1.0,0.0,0.0,0.0,1.0,34314.0,0.0,
HQG0905,-1.0,0.0,0.0,0.0,1.0,41724.0,0.0,
VAC0731,-1.0,0.0,0.0,0.0,1.0,800829.0,1.0,
AJH0724,-1.0,0.0,0.0,0.0,1.0,39719.0,0.0,
LAS0129,-1.0,0.0,0.0,0.0,1.0,2510637.0,2.0,
TTG0460,-1.0,0.0,0.0,0.0,1.0,22164.0,0.0,
ABB0019,-1.0,0.0,0.0,0.0,1.0,773105.0,1.0,
WIR1720,-1.0,0.0,0.0,0.0,1.0,22260.0,0.0,
SSG0726,-1.0,0.0,0.0,0.0,1.0,29131.0,0.0,
STH0135,-1.0,0.0,0.0,0.0,1.0,42347.0,0.0,
HBH0988,-1.0,0.0,0.0,0.0,1.0,30998.0,0.0,
WNB1558,-1.0,0.0,0.0,0.0,1.0,26099.0,0.0,
Robinson-Hu,-1.0,0.0,0.0,0.0,1.0,28967.0,0.0,
ATD0517,-1.0,0.0,0.0,0.0,1.0,25259.0,0.0,
CBD1128,-1.0,0.0,0.0,0.0,1.0,2706385.0,2.0,
HTR0239,-1.0,0.0,0.0,0.0,1.0,34482.0,0.0,
JIP1503,-1.0,0.0,0.0,0.0,1.0,3294700.0,2.0,
WRH0868,-1.0,0.0,0.0,0.0,1.0,20153.0,0.0,
WCO7179,-1.0,0.0,0.0,0.0,1.0,36492.0,0.0,
REF1924,-1.0,0.0,0.0,0.0,1.0,453369.0,1.0,
JLM0422,-1.0,0.0,0.0,0.0,1.0,30371.0,0.0,
YBH1926,-1.0,0.0,0.0,0.0,1.0,28484.0,0.0,
Chiquita_R_David,-1.0,0.0,0.0,0.0,2.0,24478.0,0.0,
FMP0459,-1.0,0.0,0.0,0.0,1.0,27415.0,0.0,
AKM0214,-1.0,0.0,0.0,0.0,1.0,20088.0,0.0,
MSC0216,-1.0,0.0,0.0,0.0,1.0,38654.0,0.0,
Banks-Tanner,-1.0,0.0,0.0,0.0,1.0,19244.0,0.0,
REL55,-1.0,0.0,0.0,0.0,1.0,20469.0,0.0,
JJM0234,-1.0,0.0,0.0,0.0,1.0,21610.0,0.0,
HPC1404,-1.0,0.0,0.0,0.0,1.0,27468.0,0.0,
Melyssa_A_Freeman,-1.0,0.0,0.0,0.0,1.0,14142.0,0.0,
MAW1397,-1.0,0.0,0.0,0.0,1.0,17674.0,0.0,
Penelope_I_Erickson,-1.0,0.0,0.0,0.0,1.0,31289.0,0.0,
WCR66,-1.0,0.0,0.0,0.0,1.0,30703.0,0.0,
DKC0053,-1.0,0.0,0.0,0.0,1.0,38646.0,0.0,
MEM0221,-1.0,0.0,0.0,0.0,1.0,920069.0,1.0,
LPL0420,-1.0,0.0,0.0,0.0,1.0,19505.0,0.0,
MES0966,-1.0,0.0,0.0,0.0,1.0,22829.0,0.0,
RAH0052,-1.0,0.0,0.0,0.0,1.0,17382.0,0.0,
HJC1227,-1.0,0.0,0.0,0.0,1.0,42099.0,0.0,
KCG0044,-1.0,0.0,0.0,0.0,1.0,28696.0,0.0,
BHM1707,-1.0,0.0,0.0,0.0,1.0,18580.0,0.0,
GIA1171,-1.0,0.0,0.0,0.0,1.0,32680.0,0.0,
Dotson_Leo,-1.0,0.0,0.0,0.0,1.0,18101.0,0.0,
CJG0897,-1.0,0.0,0.0,0.0,1.0,19015.0,0.0,
CAB0290,-1.0,0.0,0.0,0.0,1.0,17111.0,0.0,
Xena_Bradley,-1.0,0.0,0.0,0.0,1.0,2862668.0,2.0,
JCS1506,-1.0,0.0,0.0,0.0,1.0,28764.0,0.0,
ODB0034,-1.0,0.0,0.0,0.0,1.0,20466.0,0.0,
KMN0028,-1.0,0.0,0.0,0.0,1.0,36469.0,0.0,
HRB1725,-1.0,0.0,0.0,0.0,1.0,30682.0,0.0,
Medge_K_Robles,-1.0,0.0,0.0,0.0,1.0,25101.0,0.0,
CPS1512,-1.0,0.0,0.0,0.0,1.0,916543.0,2.0,
MIC0916,-1.0,0.0,0.0,0.0,1.0,151676.0,1.0,
BUE1561,-1.0,0.0,0.0,0.0,1.0,25181.0,0.0,
UHM1273,-1.0,0.0,0.0,0.0,1.0,21170.0,0.0,
TAB3,-1.0,0.0,0.0,0.0,1.0,39194.0,0.0,
Leslie_Lawson,-1.0,0.0,0.0,0.0,1.0,19080.0,0.0,
LAF1938,-1.0,0.0,0.0,0.0,1.0,19979.0,0.0,
MAS0783,-1.0,0.0,0.0,0.0,1.0,20526.0,0.0,
ARD0790,-1.0,0.0,0.0,0.0,1.0,26950.0,0.0,
BCL558,-1.0,0.0,0.0,0.0,1.0,29196.0,0.0,
Ila_N_Woodward,-1.0,0.0,0.0,0.0,1.0,33107.0,0.0,
Grace_Skinner,-1.0,0.0,0.0,0.0,1.0,45470.0,0.0,
Adara_K_Sims,-1.0,0.0,0.0,0.0,1.0,41652.0,0.0,
BDF0015,-1.0,0.0,0.0,0.0,1.0,20646.0,0.0,
KEG1006,-1.0,0.0,0.0,0.0,1.0,24761.0,0.0,
DJA0192,-1.0,0.0,0.0,0.0,1.0,14066.0,0.0,
HLL1488,-1.0,0.0,0.0,0.0,1.0,39431.0,0.0,
WDS1286,-1.0,0.0,0.0,0.0,1.0,527610.0,1.0,
CTK0037,-1.0,0.0,0.0,0.0,1.0,22667.0,0.0,
Melissa.Q.Short,-1.0,0.0,0.0,0.0,1.0,31041.0,0.0,
EAP0312,-1.0,0.0,0.0,0.0,1.0,120742.0,1.0,
CRD0987,-1.0,0.0,0.0,0.0,1.0,20328.0,0.0,
ALH5,-1.0,0.0,0.0,0.0,1.0,25811.0,0.0,
DBS0048,-1.0,0.0,0.0,0.0,1.0,39390.0,0.0,
AGW1389,-1.0,0.0,0.0,0.0,1.0,39755.0,0.0,
KGD0416,-1.0,0.0,0.0,0.0,1.0,42097.0,0.0,
BAG0315,-1.0,0.0,0.0,0.0,1.0,15212.0,0.0,
Jefferson-Thaddeus,-1.0,0.0,0.0,0.0,1.0,63611.0,0.0,
MOS0359,-1.0,0.0,0.0,0.0,1.0,21254.0,0.0,
