IDW1713,-0.235772357724,47.0,414035.382979,0.489361702128,76.0,334432.986842,0.394736842105,
PLM1716,-0.206106870229,52.0,398682.0,0.403846153846,79.0,409607.78481,0.481012658228,
Orla_Buckley,1.0,7.0,286591.0,0.285714285714,0.0,0.0,0.0,
LKP1714,0.0,42.0,460728.071429,0.571428571429,42.0,29942.5238095,0.0,
WLN1730,0.122807017544,64.0,328065.9375,0.34375,50.0,351869.14,0.46,
HRB1725,-0.266666666667,44.0,207541.613636,0.227272727273,76.0,700039.697368,0.776315789474,
SNC1721,-0.0434782608696,55.0,246906.854545,0.236363636364,60.0,29122.85,0.0,
CHP1711,-0.170731707317,34.0,214189.941176,0.264705882353,48.0,395341.729167,0.375,
BNC769,1.0,12.0,1063356.0,0.916666666667,0.0,0.0,0.0,
LSF1709,-0.105691056911,55.0,283629.254545,0.272727272727,68.0,488585.764706,0.544117647059,
HCM1717,0.125,63.0,212929.285714,0.238095238095,49.0,145471.979592,0.102040816327,
BPK1731,-0.111111111111,56.0,423191.517857,0.375,70.0,210735.557143,0.185714285714,
JAR1708,-0.0384615384615,50.0,197719.82,0.16,54.0,736380.759259,0.907407407407,
AMC1724,0.157894736842,55.0,451525.345455,0.454545454545,40.0,31415.225,0.0,
SCO1719,-0.207547169811,21.0,193463.714286,0.285714285714,32.0,274248.0,0.34375,
KDP1706,-0.473684210526,5.0,496992.6,0.4,14.0,648028.714286,0.571428571429,
Harding-Tanek,-0.252525252525,37.0,593603.702703,0.567567567568,62.0,29114.516129,0.0,
BCB5,-0.247524752475,38.0,263216.973684,0.315789473684,63.0,699415.111111,0.761904761905,
MMO86,1.0,1.0,44149.0,0.0,0.0,0.0,0.0,
Patience_Mccoy,-0.120879120879,40.0,242918.975,0.225,51.0,224124.509804,0.196078431373,
WLN4385,0.0,34.0,543372.823529,0.470588235294,34.0,221333.411765,0.264705882353,
Brennan-P-Knox,-0.135135135135,32.0,442925.8125,0.5,42.0,124881.857143,0.0952380952381,
Ethan.B.Garrett,0.877551020408,46.0,379309.521739,0.434782608696,3.0,33047.3333333,0.0,
CHP9,0.183673469388,29.0,340393.068966,0.344827586207,20.0,537290.75,0.55,
Tobias.K.Howe,-0.309523809524,29.0,752107.482759,0.586206896552,55.0,456650.763636,0.563636363636,
Penelope_I_Erickson,-0.111111111111,32.0,318513.1875,0.28125,40.0,372262.625,0.35,
Long-Kenyon,0.0,48.0,217932.0625,0.208333333333,48.0,29366.375,0.0,
Jaime_Lynch,-0.130434782609,30.0,709939.133333,0.7,39.0,422768.230769,0.358974358974,
Kelsie_Pate,0.863636363636,82.0,604443.817073,0.621951219512,6.0,308449.5,0.166666666667,
RBA1723,-0.171428571429,58.0,328192.12069,0.362068965517,82.0,437354.756098,0.426829268293,
Maite.Kemp,-0.0843373493976,38.0,181350.526316,0.210526315789,45.0,29309.6222222,0.0,
REM1733,-0.166666666667,60.0,483059.6,0.55,84.0,331700.619048,0.392857142857,
RDW9,0.0,39.0,350945.358974,0.333333333333,39.0,32329.7948718,0.0,
PIE1712,-0.0377358490566,51.0,176053.745098,0.137254901961,55.0,311456.0,0.290909090909,
Flynn-Lucius,-0.0769230769231,42.0,280992.857143,0.261904761905,49.0,892841.571429,0.938775510204,
SCO5731,0.137254901961,29.0,393535.758621,0.448275862069,22.0,470693.590909,0.272727272727,
Mcneil-Herrod,-0.0588235294118,40.0,246325.775,0.4,45.0,124325.155556,0.0888888888889,
Heath-Beau,1.0,1.0,15230.0,0.0,0.0,0.0,0.0,
BHM79,-0.162162162162,31.0,472246.258065,0.516129032258,43.0,29378.3953488,0.0,
REM249,-0.0625,45.0,650826.466667,0.6,51.0,323828.784314,0.313725490196,
Ruby_B_Alexander,0.0333333333333,31.0,347944.709677,0.41935483871,29.0,200482.241379,0.206896551724,
TSH1734,0.311827956989,61.0,403304.016393,0.393442622951,32.0,29286.4375,0.0,
BHM1707,-0.0740740740741,50.0,329187.86,0.34,58.0,30423.2068966,0.0,
BCB1715,0.0181818181818,56.0,242145.214286,0.232142857143,54.0,962892.074074,1.05555555556,
Adele_Conner,-0.238095238095,40.0,275803.95,0.25,65.0,29861.2,0.0,
IAJ1729,-0.046511627907,41.0,297536.463415,0.317073170732,45.0,289381.422222,0.266666666667,
Lester.K.Pugh,-0.305263157895,33.0,418582.090909,0.424242424242,62.0,29297.483871,0.0,
Lynch-Samson,1.0,1.0,19180.0,0.0,0.0,0.0,0.0,
Reid-William,-0.510638297872,23.0,596357.347826,0.565217391304,71.0,131533.507042,0.154929577465,
Rodgers-Berk,1.0,1.0,20799.0,0.0,0.0,0.0,0.0,
KFG5741,0.134328358209,38.0,190255.105263,0.236842105263,29.0,830386.137931,1.03448275862,
DLW2264,-0.284210526316,34.0,455636.823529,0.617647058824,61.0,519441.0,0.540983606557,
DLW1705,-0.277777777778,52.0,539600.653846,0.557692307692,92.0,364647.521739,0.391304347826,
MBK1726,-0.0377358490566,51.0,596565.627451,0.607843137255,55.0,30161.6909091,0.0,
KFG1727,0.0769230769231,56.0,290464.160714,0.321428571429,48.0,692483.75,0.770833333333,
WIR1720,-0.165217391304,48.0,147402.395833,0.166666666667,67.0,103666.477612,0.10447761194,
YCC0119,0.0,1.0,39007.0,0.0,1.0,24935.0,0.0,
PGY1112,1.0,1.0,24785.0,0.0,0.0,0.0,0.0,
Molly-Trujillo,1.0,18.0,204846.055556,0.222222222222,0.0,0.0,0.0,
WCN0261,1.0,1.0,33447.0,0.0,0.0,0.0,0.0,
TKH1718,-0.222222222222,49.0,227809.020408,0.183673469388,77.0,276166.298701,0.350649350649,
Gisela_Olson,1.0,20.0,421751.0,0.45,0.0,0.0,0.0,
CBC747,1.0,8.0,39561.125,0.0,0.0,0.0,0.0,
Isabelle_Wilkins,0.0,36.0,387081.916667,0.388888888889,36.0,124901.388889,0.0555555555556,
Claudia_Willis,1.0,6.0,28590.5,0.0,0.0,0.0,0.0,
KBL1728,-0.189189189189,45.0,396315.488889,0.377777777778,66.0,28616.3181818,0.0,
EBG1553,0.479452054795,54.0,331073.388889,0.314814814815,19.0,211689.578947,0.263157894737,
SKL0325,1.0,1.0,2245668.0,2.0,0.0,0.0,0.0,
Roary_K_Mcintyre,1.0,1.0,19567.0,0.0,0.0,0.0,0.0,
Illiana_Jones,-0.0526315789474,36.0,217082.611111,0.25,40.0,55505.825,0.075,
Denise_Juarez,1.0,1.0,28310.0,0.0,0.0,0.0,0.0,
Hope_Bonner,0.0487804878049,43.0,356362.906977,0.325581395349,39.0,767084.25641,0.846153846154,
Clark-Silas,-0.255813953488,32.0,440597.71875,0.5,54.0,29204.0185185,0.0,
Collins-Clark,1.0,7.0,534692.571429,0.571428571429,0.0,0.0,0.0,
RDW1710,-0.247311827957,35.0,399224.285714,0.342857142857,58.0,30999.0172414,0.0,
Theodore-Wolf,1.0,1.0,25315.0,0.0,0.0,0.0,0.0,
BNC9,1.0,6.0,34752.8333333,0.0,0.0,0.0,0.0,
Claudia_H_Willis,1.0,9.0,28341.4444444,0.0,0.0,0.0,0.0,
HFC0248,0.0,1.0,39215.0,0.0,1.0,20099.0,0.0,
DPR1589,1.0,2.0,726303.5,1.0,0.0,0.0,0.0,
Gardner-Ashton,1.0,1.0,28986.0,0.0,0.0,0.0,0.0,
Jeanette_A_Rosales,-0.0322580645161,30.0,383551.5,0.5,32.0,835278.53125,0.96875,
Martena.Mcneil,1.0,1.0,17928.0,0.0,0.0,0.0,0.0,
Nora_Porter,1.0,2.0,431118.0,0.5,0.0,0.0,0.0,
Latifah_Tyler,1.0,1.0,2827050.0,2.0,0.0,0.0,0.0,
ODS5,1.0,1.0,37925.0,0.0,0.0,0.0,0.0,
Leonard-Harper,1.0,1.0,40008.0,0.0,0.0,0.0,0.0,
Petra_Ortiz,1.0,4.0,26446.25,0.0,0.0,0.0,0.0,
Serina.M.Nicholson,1.0,1.0,31016.0,0.0,0.0,0.0,0.0,
JJL1722,-0.191489361702,38.0,508830.342105,0.447368421053,56.0,323471.625,0.303571428571,
DQS0807,1.0,1.0,58356.0,0.0,0.0,0.0,0.0,
Weaver-Amir,1.0,1.0,29882.0,0.0,0.0,0.0,0.0,
AAM0972,1.0,1.0,34245.0,0.0,0.0,0.0,0.0,
JOR1,1.0,1.0,26026.0,0.0,0.0,0.0,0.0,
OWS84,1.0,1.0,14865.0,0.0,0.0,0.0,0.0,
MNE1698,1.0,1.0,17506.0,0.0,0.0,0.0,0.0,
Hedwig-Montoya,1.0,1.0,1363872.0,2.0,0.0,0.0,0.0,
Santiago.Hedley,1.0,1.0,24313.0,0.0,0.0,0.0,0.0,
Dahlia_Burns,1.0,1.0,40983.0,0.0,0.0,0.0,0.0,
MAF1623,1.0,1.0,27738.0,0.0,0.0,0.0,0.0,
DCD0715,1.0,1.0,1187948.0,2.0,0.0,0.0,0.0,
AHN0681,1.0,1.0,17063.0,0.0,0.0,0.0,0.0,
Joy_Todd,1.0,1.0,25889.0,0.0,0.0,0.0,0.0,
HMW12,1.0,1.0,2687786.0,1.0,0.0,0.0,0.0,
QGB0554,1.0,1.0,25209.0,0.0,0.0,0.0,0.0,
JMW0038,1.0,2.0,27524.5,0.0,0.0,0.0,0.0,
JAH1802,1.0,1.0,21068.0,0.0,0.0,0.0,0.0,
JAW1429,1.0,1.0,15227.0,0.0,0.0,0.0,0.0,
Norris-Kuame,1.0,1.0,55416.0,0.0,0.0,0.0,0.0,
FRM1,1.0,1.0,26891.0,0.0,0.0,0.0,0.0,
NJB0011,1.0,1.0,20545.0,0.0,0.0,0.0,0.0,
Zorita_J_Levine,1.0,6.0,276276.333333,0.5,0.0,0.0,0.0,
ZAD1035,1.0,2.0,35923.5,0.0,0.0,0.0,0.0,
Maddox-Leonard,1.0,13.0,181009.307692,0.0769230769231,0.0,0.0,0.0,
JUK3521,1.0,1.0,44060.0,1.0,0.0,0.0,0.0,
Adkins-Echo,1.0,1.0,1427424.0,2.0,0.0,0.0,0.0,
HRR1154,1.0,1.0,912660.0,2.0,0.0,0.0,0.0,
ISK0116,1.0,1.0,20818.0,0.0,0.0,0.0,0.0,
EBP1022,1.0,1.0,39163.0,0.0,0.0,0.0,0.0,
Sade.F.Adkins,1.0,1.0,28825.0,0.0,0.0,0.0,0.0,
Kylie_A_Daniels,1.0,1.0,37982.0,0.0,0.0,0.0,0.0,
Derek_Decker,1.0,1.0,19427.0,0.0,0.0,0.0,0.0,
TBP0548,1.0,1.0,24669.0,0.0,0.0,0.0,0.0,
ERB0921,1.0,1.0,35247.0,0.0,0.0,0.0,0.0,
YNC1336,1.0,1.0,39059.0,0.0,0.0,0.0,0.0,
HMH1596,1.0,1.0,25411.0,0.0,0.0,0.0,0.0,
SRM1184,1.0,1.0,735481.0,1.0,0.0,0.0,0.0,
WCR1830,1.0,1.0,346520.0,1.0,0.0,0.0,0.0,
RMV1820,1.0,1.0,28365.0,0.0,0.0,0.0,0.0,
Zorita_Levine,1.0,6.0,240275.5,0.333333333333,0.0,0.0,0.0,
JYC45,1.0,1.0,58103.0,0.0,0.0,0.0,0.0,
CGW291,1.0,1.0,23996.0,0.0,0.0,0.0,0.0,
SKB53,1.0,1.0,1101614.0,1.0,0.0,0.0,0.0,
WCB0806,1.0,1.0,33885.0,0.0,0.0,0.0,0.0,
GPO1020,1.0,1.0,23964.0,0.0,0.0,0.0,0.0,
AFC0792,1.0,1.0,32023.0,0.0,0.0,0.0,0.0,
SDR0388,1.0,1.0,26209.0,0.0,0.0,0.0,0.0,
CAB0290,1.0,1.0,14957.0,0.0,0.0,0.0,0.0,
MMB0383,1.0,2.0,31691.0,0.0,0.0,0.0,0.0,
Emma_Crosby,1.0,1.0,28537.0,0.0,0.0,0.0,0.0,
House-Trevor,1.0,1.0,41055.0,0.0,0.0,0.0,0.0,
BAB1874,1.0,1.0,42758.0,0.0,0.0,0.0,0.0,
PKS1187,1.0,1.0,2247674.0,3.0,0.0,0.0,0.0,
Petra.Ortiz,1.0,5.0,346277.6,0.2,0.0,0.0,0.0,
BBM0588,1.0,1.0,31137.0,0.0,0.0,0.0,0.0,
ODG1158,1.0,1.0,26014.0,0.0,0.0,0.0,0.0,
TMW1907,1.0,1.0,1768117.0,2.0,0.0,0.0,0.0,
ACB1485,1.0,1.0,28132.0,0.0,0.0,0.0,0.0,
BYS0199,1.0,1.0,22744.0,0.0,0.0,0.0,0.0,
RWJ1403,1.0,1.0,8320591.0,8.0,0.0,0.0,0.0,
DHP1989,1.0,1.0,36727.0,0.0,0.0,0.0,0.0,
IGG1571,1.0,1.0,5150979.0,4.0,0.0,0.0,0.0,
CJM0410,1.0,1.0,4869023.0,5.0,0.0,0.0,0.0,
VMD0850,1.0,1.0,32950.0,0.0,0.0,0.0,0.0,
Buckley-Orla,1.0,11.0,1840214.63636,2.0,0.0,0.0,0.0,
Quinn-Ezekiel,1.0,1.0,5975185.0,5.0,0.0,0.0,0.0,
Kai_A_Gibson,1.0,1.0,30290.0,0.0,0.0,0.0,0.0,
Roary_A_Harmon,1.0,1.0,366349.0,1.0,0.0,0.0,0.0,
Rina_Horn,1.0,1.0,38884.0,0.0,0.0,0.0,0.0,
Inga_Whitaker,1.0,1.0,21751.0,0.0,0.0,0.0,0.0,
MGB1235,1.0,2.0,3091215.0,2.5,0.0,0.0,0.0,
HXP0976,1.0,1.0,26372.0,0.0,0.0,0.0,0.0,
NUW1599,1.0,1.0,36629.0,0.0,0.0,0.0,0.0,
ABM0890,0.0,1.0,26405.0,0.0,1.0,1478101.0,1.0,
Orli.H.Wilkins,1.0,1.0,25280.0,0.0,0.0,0.0,0.0,
MZO1066,1.0,1.0,27022.0,0.0,0.0,0.0,0.0,
Yolanda_I_Newton,1.0,1.0,430705.0,1.0,0.0,0.0,0.0,
OAJ0244,1.0,1.0,29733.0,0.0,0.0,0.0,0.0,
JKB1811,1.0,1.0,38710.0,0.0,0.0,0.0,0.0,
Brenden-David,1.0,1.0,25941.0,0.0,0.0,0.0,0.0,
FRM0010,0.333333333333,2.0,43965.5,0.0,1.0,30189.0,0.0,
MTP1582,1.0,1.0,36702.0,0.0,0.0,0.0,0.0,
CDG0551,1.0,1.0,14063.0,0.0,0.0,0.0,0.0,
Marquez-Hilda,1.0,1.0,357080.0,1.0,0.0,0.0,0.0,
TTG0460,1.0,1.0,1455714.0,1.0,0.0,0.0,0.0,
DMP0344,1.0,1.0,29672.0,0.0,0.0,0.0,0.0,
RSG4381,1.0,1.0,28410.0,0.0,0.0,0.0,0.0,
Mari_Bender,1.0,2.0,37253.0,0.0,0.0,0.0,0.0,
HMC1677,1.0,1.0,37473.0,0.0,0.0,0.0,0.0,
VMP1252,1.0,1.0,35496.0,0.0,0.0,0.0,0.0,
LIG1756,1.0,2.0,22277.0,0.0,0.0,0.0,0.0,
ACC7,1.0,1.0,23494.0,0.0,0.0,0.0,0.0,
JJF1167,1.0,1.0,51004.0,0.0,0.0,0.0,0.0,
Minerva.X.Miranda,1.0,1.0,901530.0,1.0,0.0,0.0,0.0,
Risa.E.French,1.0,1.0,41361.0,0.0,0.0,0.0,0.0,
Jordan.L.Davidson,1.0,1.0,2590672.0,3.0,0.0,0.0,0.0,
ZOF1559,1.0,1.0,1928150.0,2.0,0.0,0.0,0.0,
Martina.M.England,1.0,1.0,17364.0,0.0,0.0,0.0,0.0,
ACH1831,1.0,1.0,14001.0,0.0,0.0,0.0,0.0,
CHW1210,1.0,1.0,32222.0,0.0,0.0,0.0,0.0,
Cherokee_Y_Galloway,1.0,1.0,30827.0,0.0,0.0,0.0,0.0,
RDM0489,1.0,1.0,27120.0,0.0,0.0,0.0,0.0,
PTM1432,1.0,1.0,39385.0,0.0,0.0,0.0,0.0,
SIH0801,1.0,2.0,1062491.0,1.0,0.0,0.0,0.0,
GCC1659,1.0,2.0,41806.0,0.0,0.0,0.0,0.0,
BNN0975,1.0,1.0,49802.0,0.0,0.0,0.0,0.0,
Camden-Mays,1.0,1.0,15430.0,0.0,0.0,0.0,0.0,
KSC1352,1.0,1.0,20184.0,0.0,0.0,0.0,0.0,
Ochoa-Albert,0.0,1.0,1459466.0,1.0,1.0,30225.0,0.0,
CYG0522,1.0,1.0,140526.0,1.0,0.0,0.0,0.0,
MME1034,1.0,1.0,45337.0,0.0,0.0,0.0,0.0,
Blevins-Christian,1.0,1.0,32525.0,0.0,0.0,0.0,0.0,
QJH1605,0.0,1.0,16234.0,0.0,1.0,1344259.0,1.0,
Walker-Abraham,1.0,1.0,23953.0,0.0,0.0,0.0,0.0,
JAM4,1.0,1.0,27026.0,0.0,0.0,0.0,0.0,
HRE2,1.0,1.0,27209.0,0.0,0.0,0.0,0.0,
GSB56,1.0,1.0,23723.0,0.0,0.0,0.0,0.0,
KEM1211,1.0,1.0,50196.0,0.0,0.0,0.0,0.0,
KMK1096,1.0,1.0,27101.0,0.0,0.0,0.0,0.0,
JMP0275,1.0,1.0,25590.0,0.0,0.0,0.0,0.0,
RSM3,1.0,1.0,16082.0,0.0,0.0,0.0,0.0,
Berg_Tyrone,1.0,1.0,25417.0,0.0,0.0,0.0,0.0,
LAH0463,1.0,1.0,41246.0,0.0,0.0,0.0,0.0,
CPW0219,1.0,1.0,47073.0,0.0,0.0,0.0,0.0,
XRS0498,1.0,1.0,21936.0,0.0,0.0,0.0,0.0,
KCG0044,0.0,1.0,34226.0,0.0,1.0,28223.0,0.0,
ALB0668,1.0,1.0,344797.0,1.0,0.0,0.0,0.0,
JAC1524,1.0,1.0,21539.0,0.0,0.0,0.0,0.0,
FAJ1122,1.0,1.0,17358.0,0.0,0.0,0.0,0.0,
AWK1773,1.0,1.0,41420.0,0.0,0.0,0.0,0.0,
HDM12,1.0,1.0,29797.0,0.0,0.0,0.0,0.0,
Hall.L.Gay,1.0,1.0,3835998.0,4.0,0.0,0.0,0.0,
Owen-Sean,1.0,30.0,184506.1,0.166666666667,0.0,0.0,0.0,
ISS0508,1.0,1.0,19535.0,0.0,0.0,0.0,0.0,
Blair_Elvis,1.0,1.0,34571.0,0.0,0.0,0.0,0.0,
ERM1590,1.0,1.0,17164.0,0.0,0.0,0.0,0.0,
Parsons-William,1.0,1.0,39669.0,0.0,0.0,0.0,0.0,
ENM5856,1.0,1.0,30061.0,0.0,0.0,0.0,0.0,
Felicia.N.Hill,1.0,1.0,22979.0,0.0,0.0,0.0,0.0,
Victoria_Hebert,1.0,1.0,22221.0,0.0,0.0,0.0,0.0,
TMT0851,1.0,1.0,203104.0,1.0,0.0,0.0,0.0,
Bert_Rios,1.0,1.0,42380.0,0.0,0.0,0.0,0.0,
Leonard_Angela,1.0,1.0,24412.0,0.0,0.0,0.0,0.0,
Savannah.K.Fowler,1.0,1.0,1324052.0,1.0,0.0,0.0,0.0,
Yoshi.C.Christensen,1.0,1.0,20845.0,0.0,0.0,0.0,0.0,
HWR621,1.0,1.0,25078.0,0.0,0.0,0.0,0.0,
VAC7952,1.0,1.0,22468.0,0.0,0.0,0.0,0.0,
FYC0060,1.0,1.0,20565.0,0.0,0.0,0.0,0.0,
RMN1226,1.0,1.0,27147.0,0.0,0.0,0.0,0.0,
ICP1063,0.0,1.0,28814.0,0.0,1.0,17987.0,0.0,
FIM0605,1.0,1.0,3089771.0,3.0,0.0,0.0,0.0,
SVF1858,1.0,1.0,696150.0,2.0,0.0,0.0,0.0,
AMC0854,1.0,1.0,28269.0,0.0,0.0,0.0,0.0,
RAH0052,1.0,1.0,19590.0,0.0,0.0,0.0,0.0,
BWW0751,1.0,1.0,3006509.0,3.0,0.0,0.0,0.0,
Bruno-Rogers,1.0,1.0,1534011.0,3.0,0.0,0.0,0.0,
DLM2,1.0,1.0,23894.0,0.0,0.0,0.0,0.0,
Shelton-Giacomo,1.0,1.0,439554.0,1.0,0.0,0.0,0.0,
Anastasia.O.Bishop,1.0,1.0,48017.0,0.0,0.0,0.0,0.0,
CTB0744,1.0,1.0,2335416.0,2.0,0.0,0.0,0.0,
RHM6,1.0,1.0,24401.0,0.0,0.0,0.0,0.0,
Breanna.K.Arnold,1.0,1.0,28133.0,0.0,0.0,0.0,0.0,
AFP1341,1.0,1.0,3143690.0,2.0,0.0,0.0,0.0,
CHP93,1.0,21.0,73762.4761905,0.142857142857,0.0,0.0,0.0,
TSB1546,1.0,1.0,26362.0,0.0,0.0,0.0,0.0,
QGC45,1.0,1.0,20265.0,0.0,0.0,0.0,0.0,
Alyssa.C.Brock,1.0,1.0,25508.0,0.0,0.0,0.0,0.0,
RVJ5779,1.0,1.0,1475487.0,1.0,0.0,0.0,0.0,
CJM0802,1.0,1.0,29475.0,0.0,0.0,0.0,0.0,
IMR0323,1.0,1.0,202627.0,1.0,0.0,0.0,0.0,
Lacy.C.Herring,1.0,1.0,53597.0,0.0,0.0,0.0,0.0,
Goodman-Hamilton,1.0,1.0,13280.0,0.0,0.0,0.0,0.0,
BHG834,1.0,1.0,27523.0,0.0,0.0,0.0,0.0,
Liberty_Buchanan,1.0,1.0,18993.0,0.0,0.0,0.0,0.0,
HBF0022,1.0,1.0,1579557.0,3.0,0.0,0.0,0.0,
CPW1,1.0,1.0,21331.0,0.0,0.0,0.0,0.0,
Vance-Harrison,1.0,1.0,35313.0,0.0,0.0,0.0,0.0,
UMB0310,1.0,1.0,41811.0,0.0,0.0,0.0,0.0,
Odom_Brendan,1.0,1.0,20427.0,0.0,0.0,0.0,0.0,
MMR0390,1.0,1.0,21909.0,0.0,0.0,0.0,0.0,
Duke-Andrew,1.0,1.0,1749302.0,3.0,0.0,0.0,0.0,
Wesley.P.Christian,1.0,1.0,29197.0,0.0,0.0,0.0,0.0,
TJG0170,1.0,1.0,40035.0,0.0,0.0,0.0,0.0,
BCA1517,1.0,1.0,40119.0,0.0,0.0,0.0,0.0,
TRA1671,1.0,1.0,29621.0,0.0,0.0,0.0,0.0,
GTP1369,1.0,1.0,41699.0,0.0,0.0,0.0,0.0,
IAH1755,1.0,1.0,25021.0,0.0,0.0,0.0,0.0,
NRR1835,1.0,1.0,31200.0,0.0,0.0,0.0,0.0,
ARG1264,1.0,1.0,25572.0,0.0,0.0,0.0,0.0,
OCS91,1.0,1.0,439192.0,1.0,0.0,0.0,0.0,
TDR1930,1.0,1.0,18249.0,0.0,0.0,0.0,0.0,
OFB2812,1.0,1.0,890461.0,1.0,0.0,0.0,0.0,
Lane-Steven,1.0,1.0,40189.0,0.0,0.0,0.0,0.0,
TRB1702,1.0,1.0,11588.0,0.0,0.0,0.0,0.0,
RSM1133,0.333333333333,2.0,1536915.5,2.5,1.0,29471.0,0.0,
CKM958,1.0,1.0,31007.0,0.0,0.0,0.0,0.0,
RNB36,1.0,1.0,21498.0,0.0,0.0,0.0,0.0,
Simone_Nicholson,1.0,1.0,21171.0,0.0,0.0,0.0,0.0,
MHK0565,1.0,1.0,34795.0,0.0,0.0,0.0,0.0,
CBK1908,1.0,1.0,34582.0,0.0,0.0,0.0,0.0,
MJR0711,1.0,1.0,40770.0,0.0,0.0,0.0,0.0,
ATD1067,1.0,1.0,2679282.0,2.0,0.0,0.0,0.0,
Daria_J_Tate,1.0,1.0,33462.0,0.0,0.0,0.0,0.0,
KLM0941,1.0,1.0,695389.0,1.0,0.0,0.0,0.0,
RJD1533,1.0,1.0,932977.0,1.0,0.0,0.0,0.0,
CKD0967,0.0,1.0,20368.0,0.0,1.0,35971.0,0.0,
ASM0398,1.0,1.0,30117.0,0.0,0.0,0.0,0.0,
Indigo.S.Doyle,1.0,1.0,18790.0,0.0,0.0,0.0,0.0,
GTC4,1.0,1.0,1406888.0,1.0,0.0,0.0,0.0,
MCW1367,1.0,1.0,63551.0,0.0,0.0,0.0,0.0,
Penelope_Vinson,1.0,1.0,27485.0,0.0,0.0,0.0,0.0,
OTE0760,1.0,1.0,787545.0,1.0,0.0,0.0,0.0,
TMR0186,1.0,1.0,18378.0,0.0,0.0,0.0,0.0,
Mollie-Nunez,1.0,1.0,30051.0,0.0,0.0,0.0,0.0,
JJM0234,1.0,1.0,28753.0,0.0,0.0,0.0,0.0,
HAL1933,1.0,1.0,1092035.0,1.0,0.0,0.0,0.0,
NVA1748,1.0,1.0,34375.0,0.0,0.0,0.0,0.0,
Burton_Kennan,1.0,1.0,4373272.0,5.0,0.0,0.0,0.0,
ZDH1266,1.0,1.0,38818.0,0.0,0.0,0.0,0.0,
GLC53,1.0,1.0,20278.0,0.0,0.0,0.0,0.0,
CLC1425,1.0,1.0,26378.0,0.0,0.0,0.0,0.0,
ORR0813,1.0,1.0,797580.0,1.0,0.0,0.0,0.0,
Hawkins-Nolan,1.0,1.0,2073942.0,2.0,0.0,0.0,0.0,
JRW1374,1.0,1.0,3206475.0,2.0,0.0,0.0,0.0,
John.X.Nolan,1.0,1.0,28414.0,0.0,0.0,0.0,0.0,
Battle-Edan,1.0,1.0,2382078.0,4.0,0.0,0.0,0.0,
TIH0573,1.0,1.0,28844.0,0.0,0.0,0.0,0.0,
Vega-Gray,1.0,1.0,28815.0,0.0,0.0,0.0,0.0,
YLR1188,1.0,1.0,30423.0,0.0,0.0,0.0,0.0,
DEW1968,1.0,1.0,432652.0,1.0,0.0,0.0,0.0,
Ramona.K.Foster,1.0,1.0,207803.0,1.0,0.0,0.0,0.0,
Lavinia_I_Ballard,1.0,1.0,505461.0,1.0,0.0,0.0,0.0,
VPA0974,1.0,1.0,26169.0,0.0,0.0,0.0,0.0,
DVV1986,1.0,1.0,42979.0,0.0,0.0,0.0,0.0,
Melyssa.J.Flores,1.0,1.0,36041.0,0.0,0.0,0.0,0.0,
Bert.G.Mann,1.0,1.0,39673.0,0.0,0.0,0.0,0.0,
CRM0963,1.0,1.0,20693.0,0.0,0.0,0.0,0.0,
NTM0305,1.0,1.0,46674.0,0.0,0.0,0.0,0.0,
RCH1216,1.0,1.0,19252.0,0.0,0.0,0.0,0.0,
MMR1502,1.0,1.0,21194.0,0.0,0.0,0.0,0.0,
LAS0129,1.0,2.0,42671.0,0.0,0.0,0.0,0.0,
AKK5,1.0,1.0,16226.0,0.0,0.0,0.0,0.0,
Jael_Chavez,1.0,1.0,41805.0,0.0,0.0,0.0,0.0,
HRT0984,1.0,1.0,21160.0,0.0,0.0,0.0,0.0,
KFH0943,1.0,1.0,38961.0,0.0,0.0,0.0,0.0,
Guerrero_Hakeem,1.0,1.0,26991.0,0.0,0.0,0.0,0.0,
Amal.A.Lopez,1.0,1.0,59197.0,0.0,0.0,0.0,0.0,
Hiroko.M.Conley,1.0,1.0,15514.0,0.0,0.0,0.0,0.0,
Sanders-Jonathan,1.0,1.0,29507.0,0.0,0.0,0.0,0.0,
Marshall-Mullins,1.0,1.0,19369.0,0.0,0.0,0.0,0.0,
HMD1505,1.0,1.0,46403.0,0.0,0.0,0.0,0.0,
Powers-Asher,1.0,1.0,20881.0,0.0,0.0,0.0,0.0,
MMM1655,1.0,1.0,28775.0,0.0,0.0,0.0,0.0,
IRP1353,1.0,1.0,18836.0,0.0,0.0,0.0,0.0,
Decker-Clarke,1.0,1.0,4346420.0,3.0,0.0,0.0,0.0,
BBH1945,1.0,1.0,4158981.0,3.0,0.0,0.0,0.0,
Garrett_Renee,1.0,1.0,28356.0,0.0,0.0,0.0,0.0,
Selma.T.Warner,0.0,1.0,47720.0,0.0,1.0,31284.0,0.0,
Jada_K_Charles,1.0,1.0,39505.0,0.0,0.0,0.0,0.0,
GTC0614,1.0,1.0,19643.0,0.0,0.0,0.0,0.0,
Baldwin-Aquila,1.0,1.0,3184183.0,2.0,0.0,0.0,0.0,
VHC27,1.0,1.0,17971.0,0.0,0.0,0.0,0.0,
CES0201,1.0,1.0,19445.0,0.0,0.0,0.0,0.0,
KKP0064,1.0,1.0,33325.0,0.0,0.0,0.0,0.0,
SFA1912,1.0,1.0,852575.0,1.0,0.0,0.0,0.0,
ZXR1452,1.0,1.0,42484.0,0.0,0.0,0.0,0.0,
CAM1025,1.0,1.0,682888.0,1.0,0.0,0.0,0.0,
ACH1011,1.0,1.0,382705.0,1.0,0.0,0.0,0.0,
DJW0357,1.0,1.0,32187.0,0.0,0.0,0.0,0.0,
CAF0109,1.0,1.0,34570.0,0.0,0.0,0.0,0.0,
ANM0830,1.0,1.0,31829.0,0.0,0.0,0.0,0.0,
IAC0825,1.0,1.0,27582.0,0.0,0.0,0.0,0.0,
EHM0340,1.0,1.0,18106.0,0.0,0.0,0.0,0.0,
Morgan_Evans,1.0,1.0,22866.0,0.0,0.0,0.0,0.0,
AHJ1993,1.0,1.0,38836.0,0.0,0.0,0.0,0.0,
Vance.A.Huffman,1.0,1.0,28810.0,0.0,0.0,0.0,0.0,
LSC1951,1.0,1.0,406306.0,2.0,0.0,0.0,0.0,
BNT1804,1.0,1.0,24655.0,0.0,0.0,0.0,0.0,
AKS0662,1.0,1.0,506825.0,1.0,0.0,0.0,0.0,
MHP1377,1.0,1.0,30285.0,0.0,0.0,0.0,0.0,
RPM0125,1.0,1.0,35902.0,0.0,0.0,0.0,0.0,
SIG0640,1.0,1.0,31152.0,0.0,0.0,0.0,0.0,
Briggs-Drew,1.0,1.0,18559.0,0.0,0.0,0.0,0.0,
HBF1250,1.0,1.0,36253.0,0.0,0.0,0.0,0.0,
MRW0625,1.0,1.0,1259885.0,1.0,0.0,0.0,0.0,
EJH8384,1.0,1.0,24056.0,0.0,0.0,0.0,0.0,
MGT0898,1.0,1.0,6567123.0,8.0,0.0,0.0,0.0,
QDB1765,1.0,1.0,573526.0,1.0,0.0,0.0,0.0,
TSJ0655,1.0,1.0,22253.0,0.0,0.0,0.0,0.0,
ZUR99,1.0,1.0,43342.0,0.0,0.0,0.0,0.0,
Spears-Lyle,1.0,1.0,51888.0,0.0,0.0,0.0,0.0,
PTD0273,1.0,1.0,19163.0,0.0,0.0,0.0,0.0,
LRW1079,-1.0,0.0,0.0,0.0,35.0,794215.285714,0.657142857143,
XJP1627,-1.0,0.0,0.0,0.0,1.0,1117739.0,2.0,
CPD0474,-1.0,0.0,0.0,0.0,1.0,30177.0,0.0,
Curtis_Carolyn,-1.0,0.0,0.0,0.0,1.0,34933.0,0.0,
AWW0676,-1.0,0.0,0.0,0.0,1.0,34226.0,0.0,
DDM1065,-1.0,0.0,0.0,0.0,1.0,25746.0,0.0,
Thornton-Tarik,-1.0,0.0,0.0,0.0,1.0,50862.0,0.0,
MBM0145,-1.0,0.0,0.0,0.0,1.0,45918.0,0.0,
DZO0999,-1.0,0.0,0.0,0.0,1.0,35378.0,0.0,
Whitney-Leandra,-1.0,0.0,0.0,0.0,11.0,349032.090909,0.363636363636,
KVF1143,-1.0,0.0,0.0,0.0,1.0,19856.0,0.0,
Short-Arsenio,-1.0,0.0,0.0,0.0,1.0,26933.0,0.0,
SFS1109,-1.0,0.0,0.0,0.0,1.0,27428.0,0.0,
RMV674,-1.0,0.0,0.0,0.0,1.0,25596.0,0.0,
HLL1488,-1.0,0.0,0.0,0.0,1.0,18163.0,0.0,
JSA0468,-1.0,0.0,0.0,0.0,1.0,23109.0,0.0,
JJS3662,-1.0,0.0,0.0,0.0,1.0,36001.0,0.0,
Hedda.S.Taylor,-1.0,0.0,0.0,0.0,1.0,20829.0,0.0,
Juarez-Evan,-1.0,0.0,0.0,0.0,1.0,537150.0,1.0,
Tanisha.A.Kirkland,-1.0,0.0,0.0,0.0,1.0,33067.0,0.0,
Lawrence-Trevor,-1.0,0.0,0.0,0.0,1.0,24124.0,0.0,
Iliana_Kelly,-1.0,0.0,0.0,0.0,1.0,42526.0,0.0,
MPK1844,-1.0,0.0,0.0,0.0,1.0,23739.0,0.0,
AXS0729,-1.0,0.0,0.0,0.0,1.0,24123.0,0.0,
NRH1383,-1.0,0.0,0.0,0.0,1.0,28970.0,0.0,
Cadman_Mann,-1.0,0.0,0.0,0.0,1.0,26275.0,0.0,
Yolanda.Branch,-1.0,0.0,0.0,0.0,1.0,77490.0,1.0,
MAD0207,-1.0,0.0,0.0,0.0,2.0,36365.0,0.0,
LSD1231,-1.0,0.0,0.0,0.0,1.0,3872116.0,6.0,
Underwood-Nicholas,-1.0,0.0,0.0,0.0,1.0,33269.0,0.0,
CKR1446,-1.0,0.0,0.0,0.0,1.0,37383.0,0.0,
Kirsten_Lambert,-1.0,0.0,0.0,0.0,1.0,28910.0,0.0,
MLH0942,-1.0,0.0,0.0,0.0,1.0,38995.0,0.0,
GBV0440,-1.0,0.0,0.0,0.0,1.0,123148.0,1.0,
Butler_Lesley,-1.0,0.0,0.0,0.0,1.0,34479.0,0.0,
GPS0321,-1.0,0.0,0.0,0.0,1.0,41130.0,0.0,
HFM665,-1.0,0.0,0.0,0.0,1.0,44208.0,0.0,
ERV1880,-1.0,0.0,0.0,0.0,1.0,43780.0,0.0,
Igor_Rowland,-1.0,0.0,0.0,0.0,1.0,26185.0,0.0,
CJG0897,-1.0,0.0,0.0,0.0,1.0,26061.0,0.0,
KAH7155,-1.0,0.0,0.0,0.0,1.0,1435710.0,2.0,
CDD1124,-1.0,0.0,0.0,0.0,1.0,31739.0,0.0,
ACS0589,-1.0,0.0,0.0,0.0,1.0,28993.0,0.0,
BRM1080,-1.0,0.0,0.0,0.0,1.0,27229.0,0.0,
Scarlet_Hicks,-1.0,0.0,0.0,0.0,1.0,18704.0,0.0,
NGB1625,-1.0,0.0,0.0,0.0,1.0,20701.0,0.0,
DAL0795,-1.0,0.0,0.0,0.0,1.0,2951197.0,4.0,
XKB1829,-1.0,0.0,0.0,0.0,1.0,44828.0,0.0,
SKF1892,-1.0,0.0,0.0,0.0,1.0,27981.0,0.0,
JPM0035,-1.0,0.0,0.0,0.0,2.0,42138.0,0.0,
Daniel.J.Wilkins,-1.0,0.0,0.0,0.0,1.0,38943.0,0.0,
DOR0935,-1.0,0.0,0.0,0.0,1.0,32071.0,0.0,
MacKenzie-Ruiz,-1.0,0.0,0.0,0.0,1.0,2721498.0,4.0,
JCV0994,-1.0,0.0,0.0,0.0,1.0,22256.0,0.0,
Shoshana_Estrada,-1.0,0.0,0.0,0.0,1.0,2805163.0,3.0,
NJV1818,-1.0,0.0,0.0,0.0,1.0,46482.0,0.0,
JDR0004,-1.0,0.0,0.0,0.0,2.0,38145.0,0.0,
VBK4,-1.0,0.0,0.0,0.0,1.0,21676.0,0.0,
Desirae_D_Mcdonald,-1.0,0.0,0.0,0.0,1.0,38673.0,0.0,
LRV1554,-1.0,0.0,0.0,0.0,1.0,24303.0,0.0,
Naomi.C.Coleman,-1.0,0.0,0.0,0.0,1.0,43586.0,0.0,
LSJ0979,-1.0,0.0,0.0,0.0,1.0,17430.0,0.0,
JMA215,-1.0,0.0,0.0,0.0,1.0,24187.0,0.0,
PRL0585,-1.0,0.0,0.0,0.0,1.0,31928.0,0.0,
JCK0692,-1.0,0.0,0.0,0.0,1.0,35682.0,0.0,
MBG1455,-1.0,0.0,0.0,0.0,1.0,28650.0,0.0,
DBB1004,-1.0,0.0,0.0,0.0,1.0,25070.0,0.0,
UBG1493,-1.0,0.0,0.0,0.0,1.0,31095.0,0.0,
CAS1068,-1.0,0.0,0.0,0.0,1.0,26473.0,0.0,
DHP0732,-1.0,0.0,0.0,0.0,1.0,25485.0,0.0,
Jayme_C_Cohen,-1.0,0.0,0.0,0.0,1.0,31188.0,0.0,
ALW0764,-1.0,0.0,0.0,0.0,1.0,18113.0,0.0,
Russell-Nigel,-1.0,0.0,0.0,0.0,1.0,29333.0,0.0,
MAP0424,-1.0,0.0,0.0,0.0,1.0,22302.0,0.0,
LNS0317,-1.0,0.0,0.0,0.0,1.0,31123.0,0.0,
Bruce.G.Kelley,-1.0,0.0,0.0,0.0,1.0,15309.0,0.0,
Nicole-Leon,-1.0,0.0,0.0,0.0,1.0,2000331.0,3.0,
CAD187,-1.0,0.0,0.0,0.0,1.0,972819.0,1.0,
AEG9639,-1.0,0.0,0.0,0.0,1.0,45660.0,0.0,
NRR0476,-1.0,0.0,0.0,0.0,1.0,26454.0,0.0,
EJV0094,-1.0,0.0,0.0,0.0,1.0,57252.0,0.0,
CKP0213,-1.0,0.0,0.0,0.0,1.0,3376783.0,3.0,
IAR0301,-1.0,0.0,0.0,0.0,1.0,30399.0,0.0,
MDC0520,-1.0,0.0,0.0,0.0,1.0,20898.0,0.0,
WSK1857,-1.0,0.0,0.0,0.0,1.0,27818.0,0.0,
JDS0177,-1.0,0.0,0.0,0.0,1.0,20108.0,0.0,
LHP0320,-1.0,0.0,0.0,0.0,1.0,29263.0,0.0,
JTF0313,-1.0,0.0,0.0,0.0,1.0,32120.0,0.0,
Anjolie_Houston,-1.0,0.0,0.0,0.0,1.0,2976612.0,3.0,
LJV1620,-1.0,0.0,0.0,0.0,1.0,70470.0,1.0,
Allegra_Buckner,-1.0,0.0,0.0,0.0,1.0,46312.0,0.0,
Hanna_M_Deleon,-1.0,0.0,0.0,0.0,1.0,41413.0,0.0,
LKM0230,-1.0,0.0,0.0,0.0,1.0,47862.0,0.0,
MAG0780,-1.0,0.0,0.0,0.0,1.0,26113.0,0.0,
DEC1939,-1.0,0.0,0.0,0.0,1.0,37265.0,0.0,
Bean-Olga,-1.0,0.0,0.0,0.0,1.0,24200.0,0.0,
KCF0767,-1.0,0.0,0.0,0.0,1.0,28586.0,0.0,
DSB0530,-1.0,0.0,0.0,0.0,1.0,30663.0,0.0,
Burt_Giselle,-1.0,0.0,0.0,0.0,1.0,42190.0,0.0,
CAP0471,-1.0,0.0,0.0,0.0,1.0,44979.0,0.0,
ARM0805,-1.0,0.0,0.0,0.0,1.0,25057.0,0.0,
GMF0229,-1.0,0.0,0.0,0.0,1.0,24413.0,0.0,
SBN1279,-1.0,0.0,0.0,0.0,1.0,18976.0,0.0,
Diana.J.Walters,-1.0,0.0,0.0,0.0,1.0,18413.0,0.0,
TAB0519,-1.0,0.0,0.0,0.0,1.0,22534.0,0.0,
ZAD1345,-1.0,0.0,0.0,0.0,1.0,27067.0,0.0,
BDP0096,-1.0,0.0,0.0,0.0,1.0,30177.0,0.0,
BTR1410,-1.0,0.0,0.0,0.0,1.0,31280.0,0.0,
NJC0003,-1.0,0.0,0.0,0.0,1.0,14562.0,0.0,
ZAH0598,-1.0,0.0,0.0,0.0,1.0,27467.0,0.0,
ODB0034,-1.0,0.0,0.0,0.0,1.0,42748.0,0.0,
OAP14,-1.0,0.0,0.0,0.0,1.0,25688.0,0.0,
KBP4,-1.0,0.0,0.0,0.0,1.0,33437.0,0.0,
DCF1237,-1.0,0.0,0.0,0.0,1.0,24941.0,0.0,
ARV1884,-1.0,0.0,0.0,0.0,1.0,20405.0,0.0,
BDM0274,-1.0,0.0,0.0,0.0,1.0,23375.0,0.0,
AVH1217,-1.0,0.0,0.0,0.0,1.0,43474.0,0.0,
DCA0857,-1.0,0.0,0.0,0.0,1.0,15275.0,0.0,
GKM1647,-1.0,0.0,0.0,0.0,1.0,30651.0,0.0,
Kasimir-Terry,-1.0,0.0,0.0,0.0,1.0,25737.0,0.0,
JVH0571,-1.0,0.0,0.0,0.0,1.0,139463.0,1.0,
MKH0260,-1.0,0.0,0.0,0.0,1.0,31334.0,0.0,
LAS11,-1.0,0.0,0.0,0.0,1.0,807192.0,1.0,
Herrod_Benton,-1.0,0.0,0.0,0.0,1.0,27160.0,0.0,
SKC0074,-1.0,0.0,0.0,0.0,1.0,1675624.0,2.0,
Phelan.R.Donaldson,-1.0,0.0,0.0,0.0,1.0,14592.0,0.0,
ESW0928,-1.0,0.0,0.0,0.0,1.0,15755.0,0.0,
JVM0772,-1.0,0.0,0.0,0.0,1.0,218030.0,1.0,
ADH0153,-1.0,0.0,0.0,0.0,1.0,25579.0,0.0,
REL55,-1.0,0.0,0.0,0.0,1.0,30546.0,0.0,
DOT0144,-1.0,0.0,0.0,0.0,1.0,18149.0,0.0,
NJS1194,-1.0,0.0,0.0,0.0,1.0,848092.0,1.0,
Allegra.L.Mcclain,-1.0,0.0,0.0,0.0,1.0,24229.0,0.0,
Dante.R.Martin,-1.0,0.0,0.0,0.0,1.0,1279674.0,2.0,
Mccray.Alfonso,-1.0,0.0,0.0,0.0,1.0,23397.0,0.0,
RGA1622,-1.0,0.0,0.0,0.0,1.0,35198.0,0.0,
CKP456,-1.0,0.0,0.0,0.0,1.0,53667.0,0.0,
TUJ1007,-1.0,0.0,0.0,0.0,1.0,24238.0,0.0,
BWC0509,-1.0,0.0,0.0,0.0,1.0,28234.0,0.0,
AOC51,-1.0,0.0,0.0,0.0,1.0,1093244.0,1.0,
Audrey.R.Dennis,-1.0,0.0,0.0,0.0,1.0,38940.0,0.0,
MMK1532,-1.0,0.0,0.0,0.0,1.0,30226.0,0.0,
KIB0089,-1.0,0.0,0.0,0.0,1.0,31136.0,0.0,
ASH0458,-1.0,0.0,0.0,0.0,2.0,29536.0,0.0,
Keiko_Q_Mccarthy,-1.0,0.0,0.0,0.0,1.0,36965.0,0.0,
Sloane.M.Barnes,-1.0,0.0,0.0,0.0,1.0,2082856.0,1.0,
NMF842,-1.0,0.0,0.0,0.0,1.0,1764133.0,3.0,
Cooke-Samuel,-1.0,0.0,0.0,0.0,1.0,20132.0,0.0,
Greer_Mary,-1.0,0.0,0.0,0.0,1.0,26925.0,0.0,
KBB1294,-1.0,0.0,0.0,0.0,1.0,28082.0,0.0,
GJM944,-1.0,0.0,0.0,0.0,1.0,61241.0,0.0,
JOR1221,-1.0,0.0,0.0,0.0,1.0,723235.0,1.0,
XBK11,-1.0,0.0,0.0,0.0,1.0,3450003.0,3.0,
CLG0114,-1.0,0.0,0.0,0.0,1.0,705871.0,1.0,
Ursa.Britt,-1.0,0.0,0.0,0.0,1.0,2139133.0,2.0,
JBL2,-1.0,0.0,0.0,0.0,1.0,31176.0,0.0,
AMB0745,-1.0,0.0,0.0,0.0,1.0,52238.0,0.0,
GSB0173,-1.0,0.0,0.0,0.0,1.0,20504.0,0.0,
KQM1769,-1.0,0.0,0.0,0.0,1.0,20493.0,0.0,
BAG995,-1.0,0.0,0.0,0.0,1.0,35329.0,0.0,
NHA63,-1.0,0.0,0.0,0.0,1.0,34516.0,0.0,
DZA0195,-1.0,0.0,0.0,0.0,1.0,2273750.0,2.0,
HDW1779,-1.0,0.0,0.0,0.0,1.0,26211.0,0.0,
NBB5215,-1.0,0.0,0.0,0.0,1.0,22670.0,0.0,
ALB1144,-1.0,0.0,0.0,0.0,1.0,1129429.0,1.0,
ACB0220,-1.0,0.0,0.0,0.0,1.0,24024.0,0.0,
MRH0407,-1.0,0.0,0.0,0.0,1.0,25689.0,0.0,
LNS61,-1.0,0.0,0.0,0.0,1.0,905274.0,2.0,
Dara_C_Booker,-1.0,0.0,0.0,0.0,1.0,26718.0,0.0,
CRM0907,-1.0,0.0,0.0,0.0,1.0,25654.0,0.0,
CPC0190,-1.0,0.0,0.0,0.0,1.0,21615.0,0.0,
Brenda_P_Allison,-1.0,0.0,0.0,0.0,1.0,30716.0,0.0,
CRD0404,-1.0,0.0,0.0,0.0,1.0,20637.0,0.0,
LMG0065,-1.0,0.0,0.0,0.0,1.0,37612.0,0.0,
Savannah_Forbes,-1.0,0.0,0.0,0.0,1.0,31247.0,0.0,
Preston_M_Burns,-1.0,0.0,0.0,0.0,1.0,8303593.0,8.0,
VCC0258,-1.0,0.0,0.0,0.0,1.0,49619.0,0.0,
JKB1843,-1.0,0.0,0.0,0.0,1.0,28716.0,0.0,
Inez.L.Harvey,-1.0,0.0,0.0,0.0,1.0,31869.0,0.0,
DAE1219,-1.0,0.0,0.0,0.0,1.0,503540.0,1.0,
ESM1828,-1.0,0.0,0.0,0.0,1.0,1630066.0,1.0,
MML0631,-1.0,0.0,0.0,0.0,1.0,18361.0,0.0,
IMC0133,-1.0,0.0,0.0,0.0,1.0,26374.0,0.0,
CWR2,-1.0,0.0,0.0,0.0,1.0,26912.0,0.0,
Baxter_Klein,-1.0,0.0,0.0,0.0,1.0,27018.0,0.0,
ACC0950,-1.0,0.0,0.0,0.0,1.0,22533.0,0.0,
Thomas.Thaddeus,-1.0,0.0,0.0,0.0,1.0,35123.0,0.0,
VDB0481,-1.0,0.0,0.0,0.0,1.0,45607.0,0.0,
